SYNCOM 2 (A 26)         
1 00634U 63031A   26282.60629681 -.00000025  00000+0  00000+0 0  9990
2 00634  29.7404 298.8140 0006991 216.6899 146.7047  1.00280689231514
OPS 3674 (VELA 4)       
1 00837U 64040B   26276.98069376 -.00000141  00000+0  00000+0 0  9998
2 00837  48.4046 117.3999 6588914 257.0324   1.2707  0.24002368 54987
SYNCOM 3                
1 00858U 64047A   26282.66906586 -.00000356  00000+0  00000+0 0  9991
2 00858   7.2401  63.2498 0004913 166.9049 153.8812  1.00351113 54610
DELTA 1 R/B             
1 00862U 64047B   26282.45594525 -.00000575  00000+0  00000+0 0  9992
2 00862  16.6053 301.5913 7109683  85.6102 345.3455  2.05101862260504
INTELSAT 1-F1           
1 01317U 65028A   26283.28291887  .00000125  00000+0  00000+0 0  9995
2 01317   7.4319  62.4906 0008858 151.4287 115.2603  1.00229482128324
DELTA 1 R/B(2)          
1 01318U 65028B   26283.26051124 -.00000057  00000+0  00000+0 0  9997
2 01318  17.2864 234.1647 6962736 209.9938  97.8090  2.11824821109775
INTELSAT 2-F1           
1 02514U 66096A   26282.82529352 -.00000167  00000+0  00000+0 0  9998
2 02514  18.3653  34.4812 6389698 220.1152  68.7987  2.00313647 97113
ATS 1                   
1 02608U 66110A   26283.26640459 -.00000121  00000+0  00000+0 0  9990
2 02608   5.2552  68.6875 0007351 186.9075  18.4184  1.00286721135955
INTELSAT 2-F2           
1 02639U 67001A   26283.24545294 -.00000102  00000+0  00000+0 0  9992
2 02639   3.5416  75.8663 0007554 192.6338  97.5692  1.00149636120392
INTELSAT 2-F3           
1 02717U 67026A   26283.03552360 -.00000104  00000+0  00000+0 0  9997
2 02717   4.3602  67.0685 0018340 222.1696 175.3305  1.00394543125056
TITAN 3C TRANSTAGE R/B  
1 02770U 67040F   26285.11638923 -.00000921  00000+0  00000+0 0  9990
2 02770  14.0157 203.6655 8045470   2.5230 359.6451  0.50946832 23895
INTELSAT 2-F4           
1 02969U 67094A   26274.31604242 -.00000278  00000+0  00000+0 0  9991
2 02969   4.3398  72.9978 0012867 147.1620 216.1904  1.00325974116385
ATS 3                   
1 03029U 67111A   26283.24412199 -.00000094  00000+0  00000+0 0  9995
2 03029   3.4671  76.9470 0014928  41.5274 243.1519  1.00271891215784
OPS 2222                
1 03334U 68063A   26283.27177795 -.00000153  00000+0  00000+0 0  9990
2 03334   5.6281 280.6467 0894259 235.9753 141.6288  0.99257388 27270
OV2-5                   
1 03428U 68081A   26282.90746481 -.00000027  00000+0  00000+0 0  9997
2 03428   2.2446  52.8325 0078929 282.8829 155.6440  1.01555742122220
LES-6                   
1 03431U 68081D   26283.24268090 -.00000091  00000+0  00000+0 0  9995
2 03431   1.7570  45.4426 0008095 285.6987  27.0298  1.00351951121934
TITAN 3C TRANSTAGE R/B  
1 03432U 68081E   26283.10650391 -.00000257  00000+0  00000+0 0  9994
2 03432   2.2045  52.9246 0092760 276.4809 159.0295  1.01521690123153
OPS 0757 (TACSAT)       
1 03691U 69013A   26283.10390390  .00000018  00000+0  00000+0 0  9991
2 03691   3.1350  73.4438 0023040 176.7895 224.7233  1.00448280115269
TITAN 3C TRANSTAGE R/B  
1 03692U 69013B   26283.25591789 -.00000138  00000+0  00000+0 0  9997
2 03692   1.6075  77.2958 0164171  39.8639  98.5868  0.97535003 43448
TITAN 3C TRANSTAGE R/B  
1 03956U 69046F   26282.21331623 -.00000261  00000+0  00000+0 0  9997
2 03956  17.6851  36.5599 8005773 273.5502   1.0366  0.46189921 21632
ATS 5                   
1 04068U 69069A   26283.27013127 -.00000113  00000+0  00000+0 0  9996
2 04068   0.4621 114.6680 0006137 158.0522  21.8088  0.99496695 47475
ATLAS CENTAUR R/B       
1 04069U 69069B   26282.74148340  .00000204  00000+0  00000+0 0  9994
2 04069  17.1785 261.6384 6661066 286.3858  13.9194  2.04798567427559
SKYNET 1A               
1 04250U 69101A   26283.24400897 -.00000097  00000+0  00000+0 0  9998
2 04250   0.7303  80.6019 0026624 161.8113 119.4226  1.00267647135660
NATO 2A                 
1 04353U 70021A   26283.24523186 -.00000124  00000+0  00000+0 0  9993
2 04353   0.3090 350.2035 0004053 241.5393 134.2335  1.00277471126915
INTELSAT 3-F7           
1 04376U 70032A   26282.79348040 -.00000273  00000+0  00000+0 0  9998
2 04376   2.7173  85.5001 0003654 197.5000 162.9670  1.00271753 48516
INTELSAT 3-F8           
1 04478U 70055A   26282.96738829 -.00000363  00000+0  00000+0 0  9993
2 04478   5.7367  67.9954 0320148 120.6896 270.7915  1.02266528124003
OPS 7329                
1 04510U 70069A   26283.22905328  .00000106  00000+0  00000+0 0  9999
2 04510  10.7161 153.7610 1011937 113.6890  42.4869  1.00193902 25949
ATLAS AGENA D R/B       
1 04511U 70046B   26282.48557409 -.00000091  00000+0  00000+0 0  9999
2 04511   1.9874  82.5416 0030587 311.1822  49.2018  1.00444334 26701
OPS 5960 (DSP 1)        
1 04630U 70093A   26259.65493213 -.00000159  00000+0  00000+0 0  9993
2 04630  15.2605  34.4960 1359599 281.5344 116.6837  1.20217139244949
TITAN 3C TRANSTAGE R/B  
1 04632U 70093B   26263.69704227 -.00000139  00000+0  00000+0 0  9992
2 04632  15.2652  34.1078 1367855 281.8560 268.4602  1.20232042143558
ATLAS CENTAUR R/B       
1 04882U 71006B   26283.08718778 -.00000039  00000+0  12666-2 0  9998
2 04882  27.4867 217.9460 7163587 119.4196 328.8805  2.20763728445739
NATO 2B                 
1 04902U 71009A   26283.24389917 -.00000098  00000+0  00000+0 0  9992
2 04902   0.8860 236.9810 0003128 291.6770 193.2002  1.00271307119799
TITAN 34B AGENA D R/B   
1 05054U 71021B   26283.10839808  .00000163  00000+0  23165-3 0  9992
2 05054  63.5062 351.6063 7322246 267.5531  15.1960  2.20361127 59647
OPS 9431 (DSCS 2-1)     
1 05587U 71095A   26283.24467874 -.00000107  00000+0  00000+0 0  9997
2 05587   1.3085 248.8274 0006997   1.3767 113.5064  1.00259789123179
OPS 9432 (DSCS 2-2)     
1 05588U 71095B   26283.03925028 -.00000232  00000+0  00000+0 0  9994
2 05588   1.2681 250.6086 0003330  43.1284 191.2792  1.00151510 48517
TITAN 3C TRANSTAGE R/B  
1 05589U 71095C   26283.15595683 -.00000104  00000+0  00000+0 0  9996
2 05589   2.9806 271.9859 0165347 190.0821 245.9551  0.97187596120547
INTELSAT 4-F3           
1 05709U 71116A   26283.23142032  .00000092  00000+0  00000+0 0  9994
2 05709   6.1250 289.8859 0009122 125.3159 268.2713  0.99620149120020
INTELSAT 4-F4           
1 05775U 72003A   26282.93586375 -.00000257  00000+0  00000+0 0  9995
2 05775   6.4827 293.4966 0000665 210.3246 186.7895  0.99837454138541
ATLAS CENTAUR R/B       
1 05816U 72003B   26283.19802608 -.00000110  00000+0  16944-2 0  9995
2 05816  28.4203 280.4159 7183379 321.8414  42.3146  2.20988713440908
OPS 1570 (DSP 3)        
1 05851U 72010A   26283.01472350 -.00000268  00000+0  00000+0 0  9997
2 05851   0.7026  91.3126 0010390 179.9458  80.7485  0.99781850 27079
TITAN 3C TRANSTAGE R/B  
1 05854U 72010B   26282.16440201  .00000118  00000+0  00000+0 0  9998
2 05854   1.2125  88.8573 0063381 342.5853  18.3605  1.00663985 26059
INTELSAT 4-F5           
1 06052U 72041A   26282.40831352 -.00000381  00000+0  00000+0 0  9994
2 06052   5.4551 285.7483 0004968 303.5422  56.1407  1.00112476 47802
ATLAS CENTAUR R/B       
1 06058U 72041B   26282.94377148 -.00000107  00000+0  10405-2 0  9996
2 06058  26.3459 194.1788 7174880 163.5010 245.3982  2.22595410439952
OPS 9390                
1 06317U 72101A   26283.25782456 -.00000391  00000+0  00000+0 0  9990
2 06317   8.8821 231.0653 1211567 118.3963 251.2587  1.00315504 26669
ATLAS AGENA R/B         
1 06318U 72101B   26282.36618870 -.00000274  00000+0  00000+0 0  9990
2 06318   8.4214 218.6890 1259113 193.7018 162.5174  1.02317080 28495
OPS 6063                
1 06380U 73013A   26283.10728391 -.00000104  00000+0  00000+0 0  9997
2 06380   0.1861 179.9039 0022000   2.1525 311.2563  1.00268504 27570
ANIK A2 (TELESAT 2)     
1 06437U 73023A   26283.27013127 -.00000071  00000+0  00000+0 0  9996
2 06437   6.6708 295.0246 0008764  74.0211 285.5123  0.99805699 48291
OPS 6157 (DSP 4)        
1 06691U 73040A   26283.27030461 -.00000043  00000+0  00000+0 0  9996
2 06691   0.7414 202.4092 0007805  73.8198  19.0095  0.99828743 27097
ATLAS CENTAUR R/B       
1 06779U 71116B   26283.23487575 -.00000172  00000+0  15488-2 0  9995
2 06779  28.4099 346.0666 7187766 206.9644  82.4100  2.19689076417990
OPS 7724                
1 06791U 73056A   26282.29924511  .00000304  00000+0  73228-3 0  9998
2 06791  62.9321   7.0632 7343449 281.7444  11.1372  2.00678940 51906
ATLAS CENTAUR R/B       
1 06797U 73058B   26282.84151529  .00000009  00000+0  55572-3 0  9992
2 06797  27.3098 146.0811 7186323 357.6554   0.4889  2.21956930429872
COSMOS 637              
1 07229U 74017A   26283.23130948  .00000033  00000+0  00000+0 0  9994
2 07229   0.5574 240.9447 0038080  92.0473 351.2359  1.00782383123362
WESTAR 1                
1 07250U 74022A   26283.27255795  .00000032  00000+0  00000+0 0  9995
2 07250   6.8522 297.1653 0004233  18.7348 351.4653  0.99905138123484
TITAN 3C TRANSTAGE R/B  
1 07324U 74039C   26283.28565106 -.00000275  00000+0  00000+0 0  9996
2 07324   2.4578 256.9115 0032327  89.5097  81.3865  1.00719931120788
SL-6 R/B(2)             
1 07373U 74026E   26283.15259562  .00000135  00000+0  00000+0 0  9992
2 07373  64.0308 278.9224 7036920 268.1410  17.2319  2.06588606389314
MOLNIYA 2-10            
1 07376U 74056A   26282.04408979 -.00000656  00000+0  00000+0 0  9992
2 07376  65.2237 289.0689 6671617 267.6621  20.6017  2.01197409382020
MOLNIYA 1-S             
1 07392U 74060A   26283.04089696 -.00000309  00000+0  00000+0 0  9992
2 07392   1.1037 243.8939 0009023 297.5697 312.4526  1.00227304135328
WESTAR 2                
1 07466U 74075A   26282.74019741  .00000046  00000+0  00000+0 0  9997
2 07466   7.0096 298.9369 0004682 248.8281 118.7593  0.99856727138803
INTELSAT 4-F8           
1 07544U 74093A   26282.74305742  .00000097  00000+0  00000+0 0  9999
2 07544   7.7325 303.8096 0003686 240.0077 138.3573  0.99785647126350
ATLAS CENTAUR R/B       
1 07545U 74093B   26282.60443391 -.00000258  00000+0  26151-3 0  9997
2 07545  26.4490  15.3953 7204705  24.1337 357.0606  2.21272732289430
SKYNET 2B               
1 07547U 74094A   26283.26077124 -.00000341  00000+0  00000+0 0  9994
2 07547   3.2876 279.8230 0003022 257.4269  66.5304  1.00320006125918
SYMPHONIE 1             
1 07578U 74101A   26283.26484459 -.00000259  00000+0  00000+0 0  9998
2 07578   4.2873 275.5993 0003907 334.9172  15.1273  0.99965549118343
COSMOS 706              
1 07625U 75007A   26283.02513148 -.00000821  00000+0  00000+0 0  9994
2 07625  63.9035 141.6014 6834828   3.3119 359.7952  2.00434094238741
SMS 2                   
1 07648U 75011A   26283.15789934 -.00000133  00000+0  00000+0 0  9992
2 07648   5.1874 282.1365 0014952 286.2685 144.4755  0.99507903136829
MOLNIYA 1-29            
1 07780U 75036A   26281.39808862 -.00000040  00000+0  13409-1 0  9998
2 07780  64.2298  48.0914 6948392 278.0032  14.7596  2.00623563377190
ANIK A3 (TELESAT 3)     
1 07790U 75038A   26283.16695623 -.00000110  00000+0  00000+0 0  9996
2 07790   7.4557 301.9971 0001705 300.4603  95.9027  1.00035330131116
SL-6 R/B(2)             
1 07800U 75036D   26282.65860424  .00001003  00000+0  00000+0 0  9993
2 07800  63.7980 132.6727 6691077 281.8203  15.2939  1.96846201369440
ATLAS CENTAUR R/B       
1 07902U 75042B   26282.80553890 -.00000090  00000+0  22382-2 0  9992
2 07902  25.4533 215.9656 7186768 358.5151   0.0389  2.21162608283547
ATLAS AGENA R/B         
1 07964U 75055B   26282.70169326 -.00000121  00000+0  00000+0 0  9995
2 07964   9.3676 229.9161 1193605 149.6317 217.7742  1.02090369 27868
SYMPHONIE 2             
1 08132U 75077A   26283.08873715 -.00000197  00000+0  00000+0 0  9996
2 08132   3.7491 273.0356 0004688   8.9132 110.8152  0.99982381143606
MOLNIYA 2-14            
1 08195U 75081A   26283.26945527 -.00001146  00000+0  00000+0 0  9996
2 08195  64.9244  20.6394 6865613 281.8350  14.1970  2.02100454374734
INTELSAT 4A-F1          
1 08330U 75091A   26283.27221128  .00000024  00000+0  00000+0 0  9996
2 08330   7.6316 303.5549 0006383 272.1016  89.8130  0.99936374122629
ATLAS CENTAUR R/B       
1 08331U 75091B   26281.00646869 -.00000088  00000+0  74295-3 0  9991
2 08331  21.6930 124.8104 7201638 234.7267  35.9443  2.22313211411311
COSMOS 775              
1 08357U 75097A   26283.09983054  .00000143  00000+0  00000+0 0  9996
2 08357   2.0722 257.7710 0009648 200.5984 354.4945  1.00301361132917
GOES 1 (SMS-C)          
1 08366U 75100A   26283.23688968  .00000014  00000+0  00000+0 0  9990
2 08366   4.3205 276.0483 0005776 336.7374  86.9278  1.00298260186224
SATCOM 1                
1 08476U 75117A   26283.23833903  .00000042  00000+0  00000+0 0  9992
2 08476   7.7531 303.8627 0016935 282.3815 119.3888  0.99598726 47512
OPS 3165 (DSP 5)        
1 08482U 75118A   26283.26796461 -.00000019  00000+0  00000+0 0  9995
2 08482   2.0082 254.4253 0034090  29.7486 358.3825  1.00455385 27614
RADUGA 1                
1 08513U 75123A   26283.10503057  .00000003  00000+0  00000+0 0  9998
2 08513   2.5113 264.1756 0005701 307.9163 268.6964  1.00268463195965
TITAN 3C TRANSTAGE R/B  
1 08516U 75118C   26282.91941029 -.00000196  00000+0  00000+0 0  9992
2 08516   1.9864 254.7965 0011329 228.5846 130.6976  1.00553470 26936
CTS                     
1 08585U 76004A   26283.23006395  .00000100  00000+0  00000+0 0  9991
2 08585   3.6397 270.2831 0017552 290.2029 119.8627  1.00248349123453
MOLNIYA 1-32            
1 08601U 76006A   26282.81966201  .00000591  00000+0  00000+0 0  9990
2 08601  63.6995 123.4985 6772209 275.4324  16.8341  2.00078020 84179
INTELSAT 4A-F2          
1 08620U 76010A   26283.00813681 -.00000254  00000+0  00000+0 0  9998
2 08620   7.6595 303.1384 0007752 301.8795  71.5510  0.99687145621766
ATLAS CENTAUR R/B       
1 08621U 76010B   26282.53043675 -.00000171  00000+0  29731-3 0  9998
2 08621  21.5752  64.4020 7205162 321.9227 305.0143  2.20732156288086
LES-8                   
1 08746U 76023A   26279.36470823 -.00000103  00000+0  00000+0 0  9995
2 08746  22.5922  35.6061 0032406 163.1537 200.5873  1.00268857130805
LES-9                   
1 08747U 76023B   26279.36531490 -.00000123  00000+0  00000+0 0  9996
2 08747  22.5536  35.6190 0024134 185.9183 181.2193  1.00269548130794
TITAN 3C TRANSTAGE R/B  
1 08751U 76023F   26282.90078810 -.00000024  00000+0  00000+0 0  9997
2 08751  22.0917  41.2531 0122310 109.8854 252.8874  0.98324063184345
NATO 3A                 
1 08808U 76035A   26283.15503720 -.00000128  00000+0  00000+0 0  9999
2 08808   4.7271 298.1679 0027463 325.2197  79.3068  0.99837278748421
TITAN 3C TRANSTAGE DEB  
1 08832U 76023J   26282.93479758 -.00000052  00000+0  00000+0 0  9997
2 08832  22.0856  41.2632 0138685 102.9305 256.9657  0.98258938118726
COMSTAR 1               
1 08838U 76042A   26282.87435800 -.00000242  00000+0  00000+0 0  9998
2 08838   7.7332 303.9003 0005051 336.4047  32.4567  0.99830433121726
ATLAS CENTAUR R/B       
1 08840U 76042B   26283.28477043  .00000073  00000+0  63710-3 0  9994
2 08840  21.0241 152.7241 7176608 322.9480 258.6448  2.22574643293935
TITAN 3C TRANSTAGE R/B  
1 08918U 76059C   26283.01306495 -.00000011  00000+0  00000+0 0  9993
2 08918   2.4426 258.5370 0009585 286.8710  72.4924  1.00556831 26606
PALAPA 1                
1 09009U 76066A   26282.93586375 -.00000238  00000+0  00000+0 0  9991
2 09009   7.6574 304.3026 0005255 255.1963 130.6873  1.00107046129093
COMSTAR 2               
1 09047U 76073A   26283.27628463  .00000100  00000+0  00000+0 0  9991
2 09047   7.6851 304.4146 0001904 287.8369  95.3071  0.99979284 48361
ATLAS CENTAUR R/B       
1 09329U 76073B   26282.90507709 -.00000034  00000+0  11786-2 0  9995
2 09329  21.3119 133.7613 7186306  74.6758 349.0048  2.23838881279250
RADUGA 2                
1 09416U 76092A   26283.10728391 -.00000114  00000+0  00000+0 0  9991
2 09416   3.1865 267.6551 0028467  40.7465 184.8003  1.00298607130494
EKRAN 1                 
1 09503U 76107A   26283.10364390  .00000063  00000+0  00000+0 0  9992
2 09503   3.2768 268.2607 0068178 194.0064  10.8205  1.00240708199669
KIKU-2 (ETS-II)         
1 09852U 77014A   26282.87539800 -.00000179  00000+0  00000+0 0  9999
2 09852   4.9931 282.0583 0001391 284.7997 111.5532  1.00021919128372
TITAN 3C TRANSTAGE R/B  
1 09855U 77007C   26282.94013909 -.00000193  00000+0  00000+0 0  9995
2 09855   3.1031 265.8850 0016253  46.8271 312.8546  1.00336682 26518
PALAPA 2                
1 09862U 77018A   26276.51905911 -.00000222  00000+0  00000+0 0  9997
2 09862   8.4570 309.6336 0002334 156.7860  12.2229  1.00032349144195
MOLNIYA 1-36            
1 09880U 77021A   26281.60765603  .00001055  00000+0  00000+0 0  9993
2 09880  63.7305  98.6540 6778998 280.5578  15.0716  2.00374742260942
GEOS-1                  
1 09931U 77029A   26282.25081379 -.00000431  00000+0  00000+0 0  9999
2 09931  27.6956  18.4639 6604674 349.0531   1.7296  1.96175268354099
TITAN 3C TRANSTAGE R/B  
1 10002U 77034C   26282.74028407 -.00000198  00000+0  00000+0 0  9993
2 10002   8.4153 293.7435 0289975 111.4327 265.4030  0.95555233 46241
OPS 9751                
1 10016U 77038A   26279.11684050 -.00000152  00000+0  00000+0 0  9991
2 10016   7.2459 332.2527 1302779 134.1262  23.0066  1.00231485 27560
INTELSAT 4A-F4          
1 10024U 77041A   26283.04341030 -.00000269  00000+0  00000+0 0  9998
2 10024   8.6828 310.4449 0014560 277.9064 279.2589  0.99442523 48122
ATLAS CENTAUR R/B       
1 10025U 77041B   26282.45867642 -.00000068  00000+0  74204-3 0  9993
2 10025  21.2425 217.3792 7192163 202.8628 108.4294  2.22886370400510
GOES 2                  
1 10061U 77048A   26282.90711815 -.00000334  00000+0  00000+0 0  9995
2 10061   6.1545 292.5461 0011459  50.3530 146.9972  0.99401704 47414
RADUGA 3                
1 10159U 77071A   26283.04037696 -.00000314  00000+0  00000+0 0  9991
2 10159   3.8280 271.8485 0010130 308.0521 271.0797  1.00338487178191
SL-6 R/B(2)             
1 10167U 77068D   26282.33351507 -.00000558  00000+0  98084-3 0  9990
2 10167  61.3280 296.1332 7404202  51.1043 354.3321  1.99834880283099
SIRIO                   
1 10294U 77080A   26283.10702391 -.00000108  00000+0  00000+0 0  9990
2 10294   6.9722 298.3562 0005552 171.2957  22.1489  1.00270633119074
EKRAN 2                 
1 10365U 77092A   26283.10667725 -.00000070  00000+0  00000+0 0  9991
2 10365   3.9474 273.1256 0039232   7.2439 209.8198  1.00216076136004
MOLNIYA 3-8             
1 10455U 77105A   26282.19817182 -.00000307  00000+0  00000+0 0  9991
2 10455  63.8008 165.6210 6696373 275.4165  17.4450  2.00779945358733
SL-6 R/B(2)             
1 10485U 77105E   26282.65831866 -.00000852  00000+0  00000+0 0  9995
2 10485  63.9079 202.8769 6845733 278.5209  15.2375  1.97323518352414
METEOSAT-1              
1 10489U 77108A   26283.10503057 -.00000026  00000+0  00000+0 0  9994
2 10489   4.7932 279.9089 0007292  93.7735 107.0200  1.00383099138361
INTELSAT 4A-F3          
1 10557U 78002A   26283.04141696 -.00000289  00000+0  00000+0 0  9995
2 10557   8.7825 311.9859 0005519 295.4730 249.1711  0.99903143 49899
IUE                     
1 10637U 78012A   26277.49271486 -.00000106  00000+0  00000+0 0  9996
2 10637  36.5222 286.7882 1438085 270.0614  72.4621  1.00054524130163
ATLAS CENTAUR R/B       
1 10722U 78002B   26283.27359795 -.00000140  00000+0  12881-2 0  9994
2 10722  21.6168 301.0311 7171898 243.6191  27.8366  2.21876162287165
INTELSAT 4A-F6          
1 10778U 78035A   26282.97440832 -.00000385  00000+0  00000+0 0  9998
2 10778   8.5586 310.9906 0009046 309.8312 233.3125  1.00206963123316
ATLAS CENTAUR R/B       
1 10779U 78035B   26282.53814021  .00000065  00000+0  19896-2 0  9996
2 10779  22.0905 328.3924 7178843 314.1126   5.8281  2.22757157394447
OPS 8790                
1 10787U 78038A   26283.27177795  .00000089  00000+0  00000+0 0  9990
2 10787   3.4517 326.6933 0020332 275.6341  60.5522  1.00469941 26412
YURI (BS)               
1 10792U 78039A   26283.10043721  .00000128  00000+0  00000+0 0  9994
2 10792   5.1926 282.7860 0022211 319.1737 214.1786  1.00284565119917
MOLNIYA 1-40            
1 10925U 78055A   26282.32113734 -.00000369  00000+0  00000+0 0  9993
2 10925  64.0102 210.5250 6700092 273.3699  18.1240  2.00668192354271
TITAN 3C TRANSTAGE R/B  
1 10942U 78058B   26283.04808393 -.00000204  00000+0  00000+0 0  9995
2 10942  10.3602  19.3000 1419974 134.5424 237.8946  0.99635105 27917
SL-6 R/B(2)             
1 10949U 78055E   26282.10485067 -.00000328  00000+0  17478-1 0  9990
2 10949  63.9390 221.2990 6921876 275.6285  15.5771  1.97100664242417
ATLAS CENTAUR R/B       
1 10976U 78068B   26282.74477617  .00000092  00000+0  16972-2 0  9992
2 10976  21.5046 106.3365 7168831 188.2445 145.3504  2.22421695388715
RADUGA 4                
1 10987U 78073A   26283.10407723  .00000046  00000+0  00000+0 0  9993
2 10987   4.5002 277.2331 0010951  30.3126 168.3492  1.00200745120751
SL-6 R/B(2)             
1 11076U 78083D   26282.45818457  .00000419  00000+0  00000+0 0  9995
2 11076  65.8626  72.5920 6702957  20.3448 356.8113  1.99086977242193
ANIK B1 (TELESAT 4)     
1 11153U 78116A   26283.10598391  .00000016  00000+0  00000+0 0  9996
2 11153   9.3039 315.3830 0020386 325.0828 205.7480  0.99805601137170
GORIZONT 1              
1 11158U 78118A   26282.19397239 -.00000078  00000+0  00000+0 0  9998
2 11158  12.4903 151.0293 3034489   5.4159 357.5322  1.00234472124088
SCATHA                  
1 11256U 79007A   26283.00127509 -.00000350  00000+0  00000+0 0  9990
2 11256   9.3796 274.7787 1796506 143.9349 236.8425  1.01530925143622
EKRAN 3                 
1 11273U 79015A   26283.04055029 -.00000317  00000+0  00000+0 0  9992
2 11273   4.8372 280.3829 0041891   9.3940 202.4332  1.00285457136165
RADUGA 5                
1 11343U 79035A   26283.03786361 -.00000201  00000+0  00000+0 0  9993
2 11343   5.0112 281.1961 0004014 243.0561 313.1446  1.00264689130519
COSMOS 1109             
1 11417U 79058A   26270.78343377 -.00000464  00000+0  00000+0 0  9995
2 11417  70.6881 185.4963 6049457 192.6442 140.2108  2.01366361235908
TITAN 3C TRANSTAGE R/B  
1 11436U 79053C   26283.14069895  .00000079  00000+0  00000+0 0  9996
2 11436   6.6051 293.6668 0063180 308.9676  50.2584  0.99444125 27687
GORIZONT 2              
1 11440U 79062A   26283.10407723  .00000030  00000+0  00000+0 0  9990
2 11440   5.4590 284.7792 0006838 338.3727 212.8078  1.00275185139170
WESTAR 3                
1 11484U 79072A   26282.84768573  .00000032  00000+0  00000+0 0  9994
2 11484  10.0804 320.4457 0003730 303.0388 124.2288  0.99935779141669
OPS 1948                
1 11558U 79086A   26267.05378909 -.00000005  00000+0  00000+0 0  9998
2 11558   6.1042  12.4836 1309949  78.7326 298.3486  1.00212048 27206
TITAN 3C TRANSTAGE R/B  
1 11560U 79086C   26282.63053356 -.00000396  00000+0  00000+0 0  9991
2 11560   5.9257  13.2859 1291959 127.8515 244.4497  0.99683333 27384
EKRAN 4                 
1 11561U 79087A   26283.03795028 -.00000198  00000+0  00000+0 0  9997
2 11561   5.3150 283.6295 0009375 244.9987 309.2126  1.00227355 48529
SL-12 R/B(2)            
1 11567U 74017F   26283.04211030 -.00000346  00000+0  00000+0 0  9993
2 11567   0.4354 231.9521 0043368 111.6137 156.4761  1.01004695193835
SL-12 R/B(2)            
1 11568U 75123F   26283.08778382 -.00000148  00000+0  00000+0 0  9995
2 11568   2.2557 261.2484 0013541 227.7001 258.7485  1.00484179123159
EKRAN 2 DEB             
1 11581U 77092H   26283.04063696 -.00000327  00000+0  00000+0 0  9997
2 11581   3.8512 272.4546 0019453 279.4317 300.6239  1.00365733105515
TITAN 3C TRANSTAGE R/B  
1 11623U 79098C   26283.03942361 -.00000164  00000+0  00000+0 0  9995
2 11623   9.9402 304.8100 0295376  80.2801  97.6012  0.95318339123682
GORIZONT 3              
1 11648U 79105A   26283.10017721  .00000130  00000+0  00000+0 0  9994
2 11648   5.6541 286.7575 0012711 277.1184 250.7290  1.00260999123631
OPS 6393 (FLTSATCOM 3)  
1 11669U 80004A   26282.63741029  .00000078  00000+0  00000+0 0  9990
2 11669   5.9453 306.5156 0023495 250.9888 272.8000  1.00176396171001
SL-12 R/B(2)            
1 11676U 75097F   26283.25808457 -.00000365  00000+0  00000+0 0  9992
2 11676   2.0687 258.1829 0021510 235.0627  95.6809  1.00109371120287
RADUGA 6                
1 11708U 80016A   26283.10052388  .00000126  00000+0  00000+0 0  9997
2 11708   5.4399 285.5530 0003086 322.4977 208.4037  1.00275806123311
SL-6 R/B(2)             
1 11847U 80050B   26282.26496747  .00000323  00000+0  00000+0 0  9995
2 11847  68.9174 354.1836 6476072 309.1145   9.4440  1.99526892336849
COSMOS 1191             
1 11871U 80057A   26282.14635005  .00000006  00000+0  00000+0 0  9996
2 11871  66.0753  62.3560 6613998  17.6151 357.0738  2.00846939245759
SL-6 R/B(2)             
1 11888U 80057D   26282.87438562 -.00000802  00000+0  00000+0 0  9998
2 11888  61.8386 290.5053 7369406  36.0342 356.2167  1.99471336337036
MOLNIYA 3-13            
1 11896U 80063A   26283.01774663 -.00000264  00000+0 -29643-2 0  9996
2 11896  63.8120 275.0737 7136063 276.6682  13.5998  2.00573405338703
SL-6 R/B(2)             
1 11909U 80063D   26282.38351135  .00000825  00000+0  00000+0 0  9999
2 11909  63.8728   3.5476 7336296 277.3163  12.2645  1.96866269331871
SL-12 R/B(2)            
1 11926U 78118C   26258.86321913 -.00000025  00000+0  00000+0 0  9996
2 11926  12.7077 145.4054 2985467  15.5000 166.6099  1.01602808172496
TITAN 3C TRANSTAGE R/B  
1 11940U 73040B   26282.27122899  .00000050  00000+0  00000+0 0  9992
2 11940   0.8381 215.5765 0029940 109.6064  34.6412  0.99557056 27766
GOES 4                  
1 11964U 80074A   26283.30868072 -.00000014  00000+0  00000+0 0  9999
2 11964   7.7408 302.2161 0030583 111.6877 279.1529  0.99231608128581
GOES 4 AKM              
1 11970U 80074C   26283.07322376 -.00000245  00000+0  00000+0 0  9998
2 11970  16.1222 313.6565 1644197 268.2283  68.7418  0.81535679 39455
RADUGA 7                
1 12003U 80081A   26282.87340465 -.00000213  00000+0  00000+0 0  9995
2 12003   5.6773 288.2158 0012528 318.1273  60.7497  1.00279625124465
SBS 1                   
1 12065U 80091A   26282.81109104  .00000020  00000+0  00000+0 0  9996
2 12065   9.8027 317.0634 0008400 214.6140 158.5756  0.99825351 47624
SL-6 R/B(2)             
1 12086U 80095E   26281.91346048 -.00000713  00000+0  00000+0 0  9993
2 12086  64.9166 127.4874 6853740  32.0797 355.6825  1.99091973333398
OPS 5805                
1 12093U 80100A   26282.78235229 -.00000049  00000+0  00000+0 0  9994
2 12093  63.8549 192.5442 6411707 266.7716  23.4979  2.00231034 54457
EKRAN 6                 
1 12120U 80104A   26283.10546390 -.00000038  00000+0  00000+0 0  9998
2 12120   5.9753 289.6878 0004531  61.5720 131.8622  1.00320523128560
COSMOS 1247             
1 12303U 81016A   26282.20390032 -.00000693  00000+0  00000+0 0  9991
2 12303  69.3447 347.7273 6204089 335.3802   4.8513  2.02512765337486
ESIAFI 1 (COMSTAR 4)    
1 12309U 81018A   26282.61198320 -.00000092  00000+0  00000+0 0  9993
2 12309   8.4871 310.5286 0001623  42.6865 317.1981  1.00283354168598
RADUGA 8                
1 12351U 81027A   26282.94199484 -.00000273  00000+0  00000+0 0  9999
2 12351   6.0201 288.3751 0081658 278.1486 111.1478  1.00370916123704
ATLAS CENTAUR R/B       
1 12363U 81018B   26282.92574780 -.00000114  00000+0  63738-3 0  9991
2 12363  20.7712 295.3230 7175276 141.7656 301.5131  2.22124675369974
TITAN 3C TRANSTAGE R/B  
1 12371U 81025C   26282.55029746 -.00000314  00000+0  00000+0 0  9995
2 12371   6.4134 298.0036 0058552 328.5918  30.8561  1.01340623 28208
SL-6 R/B(2)             
1 12384U 81031D   26283.00499974  .00000101  00000+0  00000+0 0  9994
2 12384  68.1897  62.0215 6056923 356.1219   0.5842  2.03542016338458
SL-12 R/B(2)            
1 12447U 80081F   26283.00727014 -.00000262  00000+0  00000+0 0  9996
2 12447   5.9013 289.3172 0004619  36.7716 345.9782  0.99961408165534
SL-12 R/B(2)            
1 12471U 80104E   26283.09835720  .00000032  00000+0  00000+0 0  9996
2 12471   5.2242 285.9814 0031027 203.0518 316.0011  1.01341897121124
GOES 5                  
1 12472U 81049A   26283.23175286  .00000060  00000+0  00000+0 0  9997
2 12472   9.1608 314.9902 0004578 312.2119  59.2540  1.00235827124003
APPLE                   
1 12545U 81057B   26282.97371498 -.00000380  00000+0  00000+0 0  9996
2 12545   6.7766 295.9702 0026509 234.8207 319.5414  1.00042335123532
EKRAN 7                 
1 12564U 81061A   26283.10607058 -.00000047  00000+0  00000+0 0  9992
2 12564   6.2636 292.1532 0003903  33.9086 160.5852  1.00215740130664
RADUGA 9                
1 12618U 81069A   26283.10052388  .00000125  00000+0  00000+0 0  9996
2 12618   6.3279 292.6490 0001618 259.2832 264.5017  1.00227958 48490
COSMOS 1285             
1 12627U 81071A   26282.59936345 -.00000519  00000+0  00000+0 0  9993
2 12627  68.7894  85.2093 5935685 349.3316 203.6997  1.98065046248761
HIMAWARI-2 (GMS-2)      
1 12677U 81076A   26282.74123741  .00000023  00000+0  00000+0 0  9997
2 12677   7.7444 303.4086 0012245 324.1675  44.4499  0.99553726133374
SL-6 R/B(2)             
1 12680U 81071D   26282.35617440 -.00000094  00000+0  00000+0 0  9996
2 12680  66.4973  43.8414 6697017  13.0650 357.8509  1.99209824247025
COSMOS 1124 DEB         
1 12814U 79077E   26281.87558284  .00044736  00000+0  27575-1 0  9992
2 12814  60.2491 193.3241 7294112  73.8563 349.7388  2.24323158 65600
COSMOS 1191 DEB         
1 12817U 80057E   26282.15564582 -.00001098  00000+0  00000+0 0  9992
2 12817  63.7392 351.6822 7193504  33.3465 356.0179  1.99783617251483
COSMOS 1191 DEB         
1 12834U 80057F   26282.56475204  .00000822  00000+0  00000+0 0  9991
2 12834  65.7844  92.3002 6622249  21.3359 356.6756  2.00177702243579
SL-12 R/B(2)            
1 12851U 81061F   26269.82905683 -.00000107  00000+0  00000+0 0  9996
2 12851   5.7624 289.8882 0002225  46.7280 297.5412  1.01005910 48746
SBS 2                   
1 12855U 81096A   26282.80901104  .00000004  00000+0  00000+0 0  9990
2 12855  10.0870 320.7585 0007929 254.4051 103.5530  1.00152816119751
COSMOS 1261 DEB         
1 12893U 81031F   26260.39546890  .00000743  00000+0  00000+0 0  9998
2 12893  63.9308 333.9628 7168525  25.3758 357.0289  2.01101584313960
RADUGA 10               
1 12897U 81102A   26283.10875726 -.00000193  00000+0  00000+0 0  9998
2 12897   6.4482 293.9866 0003956 272.2804 294.8018  1.00286990118494
COSMOS 1030 DEB         
1 12919U 78083F   26282.58517819  .00000525  00000+0  00000+0 0  9992
2 12919  66.0627 248.5359 6428577 341.1113   2.9689  2.00069610 70870
OPS 4029                
1 12930U 81107A   26282.97735500 -.00000426  00000+0  00000+0 0  9999
2 12930   5.6567   2.6663 1042758  45.3046  90.1411  1.00336195  9023
TITAN 3C TRANSTAGE R/B  
1 12932U 81107C   26268.00888160 -.00000045  00000+0  00000+0 0  9997
2 12932   5.3253   7.7976 0998492 116.8285 253.7664  0.99598112 27214
SL-6 R/B(2)             
1 12940U 81108D   26283.15054535 -.00000210  00000+0  00000+0 0  9995
2 12940  65.5241 236.7326 6757109 344.5593   1.9932  1.99123274326832
SATCOM 3R               
1 12967U 81114A   26282.90859148 -.00000235  00000+0  00000+0 0  9993
2 12967  11.9606 331.1150 0006054 300.4322 226.1582  1.00138830129218
COSMOS 1247 DEB         
1 12984U 81016F   26282.45772911  .00000507  00000+0  00000+0 0  9996
2 12984  69.7049 359.5520 6090852 334.9835   5.1168  2.02660019332280
COSMOS 1285 DEB         
1 12993U 81071E   26259.50073454  .00000221  00000+0  00000+0 0  9996
2 12993  67.3401  76.3207 6405495   4.7415 359.1740  1.97853998240011
INTELSAT 503            
1 12994U 81119A   26282.84757785  .00000044  00000+0  00000+0 0  9992
2 12994  11.1061 326.3813 0053328 271.1808 154.0350  0.99461016127847
EKRAN 2 DEB             
1 12996U 77092J   26283.27368462  .00000091  00000+0  00000+0 0  9999
2 12996   4.0158 273.3306 0024200 297.4263 102.5389  1.00049535 85662
MOLNIYA 1-52            
1 13012U 81123A   26281.45530151  .00001995  00000+0  74470-3 0  9993
2 13012  61.8178  48.1044 7480826 279.0506  10.9043  2.00500956328169
SATCOM 4                
1 13035U 82004A   26282.96895326 -.00000291  00000+0  00000+0 0  9995
2 13035  12.6732 334.7871 0054080 217.6411 141.9510  0.99595967126354
EKRAN 8                 
1 13056U 82009A   26283.26501793 -.00000264  00000+0  00000+0 0  9999
2 13056   6.8034 295.5308 0029544 340.3786 350.5414  0.99951669119765
WESTAR 4                
1 13069U 82014A   26283.07972378 -.00000270  00000+0  00000+0 0  9996
2 13069  12.5218 334.1707 0006049 282.4037  87.7246  0.99770444 47593
MOLNIYA 1-53            
1 13070U 82015A   26282.35776790  .00000463  00000+0  10429-2 0  9991
2 13070  63.9586  22.1808 7129288 283.3634  12.0818  2.00880505326859
SL-6 R/B(2)             
1 13075U 82015D   26272.75583660  .00000116  00000+0  00000+0 0  9997
2 13075  63.1470  93.6954 7116337 277.5350  13.6586  1.98116251321236
SL-6 R/B(2)             
1 13090U 82016D   26282.96358718 -.00001012  00000+0  56711-2 0  9993
2 13090  64.0669  90.1580 7208537 358.0522   0.1285  2.03692790330859
INSAT-1A                
1 13129U 82031A   26282.97345498 -.00000386  00000+0  00000+0 0  9995
2 13129   6.8802 297.6057 0007810  59.6773 131.5902  1.00259504167585
COSMOS 1366             
1 13177U 82044A   26283.10849726 -.00000177  00000+0  00000+0 0  9999
2 13177   8.0433 296.2501 0006439 132.1473  71.1122  1.00265378134764
COSMOS 1382             
1 13295U 82064A   26281.75051045  .00001184  00000+0  00000+0 0  9998
2 13295  62.2356 127.3274 7354416  45.3608 355.0962  2.00614972282832
SL-6 R/B(2)             
1 13298U 82064D   26282.56911301  .00000540  00000+0  00000+0 0  9996
2 13298  67.3059  68.5269 6313380   5.1987 358.9110  2.03262387251946
ANIK D1 (TELESAT 6)     
1 13431U 82082A   26282.81230439  .00000095  00000+0  00000+0 0  9994
2 13431  12.0847 332.1455 0006275 320.7974  43.5701  1.00119716 47750
EKRAN 9                 
1 13554U 82093A   26283.10503057 -.00000002  00000+0  00000+0 0  9993
2 13554   6.8370 298.9208 0027176  10.8460 171.2760  1.00209669121151
GORIZONT 6              
1 13624U 82103A   26283.27680463  .00000098  00000+0  00000+0 0  9992
2 13624   7.0968 301.1649 0003604 337.1152  52.8161  1.00348566122109
SL-12 R/B(2)            
1 13630U 82103E   26283.26900461 -.00000020  00000+0  00000+0 0  9997
2 13630   7.0549 301.0419 0011527 201.8490 145.0787  1.00323955122654
SATCOM C5               
1 13631U 82105A   26283.15170037 -.00000118  00000+0  00000+0 0  9994
2 13631  11.9713 331.7126 0001567  44.9314 311.6621  1.00273988127520
TITAN 34D IUS R/B(2)    
1 13643U 82106D   26261.78711424  .00000050  00000+0  00000+0 0  9998
2 13643   9.1871 309.5270 0039276  70.3423 294.7901  0.99381949120699
SBS 3                   
1 13651U 82110B   26283.05470759 -.00000303  00000+0  00000+0 0  9991
2 13651  12.3848 333.5878 0004927 145.5991 224.6558  0.99930250 47692
ANIK C3 (TELESAT 5)     
1 13652U 82110C   26279.84868104 -.00000074  00000+0  00000+0 0  9994
2 13652  12.3616 333.4252 0001804 264.2176 260.0020  0.99916218 47625
SAKURA-2A (CS-2A)       
1 13782U 83006A   26282.94554818 -.00000271  00000+0  00000+0 0  9991
2 13782  10.1059 319.7778 0012291 321.2630  56.9799  0.99410202128994
MOLNIYA 3-20            
1 13875U 83015A   26281.70478211  .00001367  00000+0  00000+0 0  9995
2 13875  62.0405 131.0885 7142172 272.6076  14.9631  2.00718894255299
SL-6 R/B(2)             
1 13882U 83015E   26281.19114775 -.00000806  00000+0 -62688-2 0  9990
2 13882  62.0160 206.0195 7147348 270.6238  15.5614  1.96890676313173
MOLNIYA 1-56            
1 13890U 83019A   26272.60011054 -.00001072  00000+0  00000+0 0  9997
2 13890  62.5461 157.9730 6995607 274.3566  15.5343  2.00022932317905
SL-6 R/B(2)             
1 13897U 83019D   26282.74906005  .00000457  00000+0  00000+0 0  9994
2 13897  62.6989 188.9144 7016437 277.2440  14.4471  1.97337458312890
ASTRON                  
1 13901U 83020A   26286.35664030 -.00000435  00000+0  00000+0 0  9999
2 13901  76.9904  54.1528 7433434  54.4924 359.2059  0.24287640 11437
RADUGA 12               
1 13974U 83028A   26283.10537723 -.00000036  00000+0  00000+0 0  9992
2 13974   7.9658 305.5547 0002104 325.9338 211.4275  1.00283226170532
SL-12 R/B(2)            
1 13983U 83028F   26283.23833892  .00000000  00000+0  00000+0 0  9992
2 13983   7.9942 305.6181 0024196 229.1332 171.2963  1.00036140158968
SATCOM 1R               
1 13984U 83030A   26282.97674833 -.00000361  00000+0  00000+0 0  9995
2 13984  13.1094 337.6924 0005890 162.3096   6.4255  0.99859177131628
COSMOS 1191 DEB         
1 13999U 80057G   26280.65951355  .00001172  00000+0  00000+0 0  9997
2 13999  62.5833 295.1503 7248360  26.4380 357.1457  2.01330510332317
GOES 6                  
1 14050U 83041A   26283.23264663  .00000048  00000+0  00000+0 0  9999
2 14050  10.0154 320.5328 0003566 271.0239  96.6183  1.00274551217176
GOES 6 AKM              
1 14069U 83041C   26282.77590424 -.00000240  00000+0  00000+0 0  9999
2 14069  15.5011 320.7000 1685083 121.4166  42.4929  0.84337234 40793
INTELSAT 506            
1 14077U 83047A   26282.49557671 -.00000311  00000+0  00000+0 0  9999
2 14077  12.3358 332.8729 0038004 352.3231  23.6439  0.99163559125227
SL-12 R/B(2)            
1 14086U 83016F   26283.21933065 -.00000279  00000+0  00000+0 0  9994
2 14086   6.3410 295.9736 0017178 327.9820 129.5112  1.01101039124139
SL-12 R/B(2)            
1 14114U 82044F   26270.83139514 -.00000069  00000+0  00000+0 0  9994
2 14114   7.9545 295.6128 0015518 206.7500 156.3840  1.00275900 48379
SL-12 R/B(2)            
1 14117U 82009F   26283.10685058 -.00000241  00000+0  00000+0 0  9993
2 14117   6.1911 292.9186 0036881 203.8457 354.0831  1.00988991124596
NAHUEL I2 (ANIK C2)     
1 14133U 83059B   26275.87022421 -.00000130  00000+0  00000+0 0  9998
2 14133  12.8039 335.5005 0035472 126.2290 234.1037  0.99125178 47217
PALAPA B1               
1 14134U 83059C   26282.94537485 -.00000216  00000+0  00000+0 0  9991
2 14134  11.4476 328.7408 0000978 180.5721 187.4717  1.00204406121947
GALAXY 1 (G-1)          
1 14158U 83065A   26283.31022541  .00000096  00000+0  00000+0 0  9993
2 14158  13.5181 340.8256 0004212 274.7983  81.6399  1.00128557 47777
SL-12 R/B(2)            
1 14195U 81102F   26282.33575354 -.00000194  00000+0  00000+0 0  9990
2 14195   6.3470 293.5236 0009495 241.9153 117.7700  1.00242744124143
ARABSAT-1DR (TELSTAR 3A)
1 14234U 83077A   26275.82298874  .00000051  00000+0  00000+0 0  9993
2 14234  13.7093 341.1918 0025726 179.4754 180.5383  0.99524217 47418
INSAT-1B                
1 14318U 83089B   26282.81273772  .00000104  00000+0  00000+0 0  9995
2 14318  11.0163 326.2955 0014210 250.7315 121.9907  1.00216844126367
SATCOM 2R               
1 14328U 83094A   26282.40322574 -.00000103  00000+0  00000+0 0  9992
2 14328  14.2565 345.0755 0011515  80.6659 282.8116  0.99413692156697
GALAXY 2 (G-2)          
1 14365U 83098A   26282.91171149 -.00000082  00000+0  00000+0 0  9999
2 14365  13.5348 341.1261 0002339 144.9756  28.2820  1.00237058133382
EKRAN 11                
1 14377U 83100A   26282.54193236 -.00000250  00000+0  00000+0 0  9993
2 14377   7.5339 303.8193 0004243 320.9913  38.8158  1.00222982 48526
SL-12 R/B(2)            
1 14394U 83100F   26283.15518933 -.00000271  00000+0  00000+0 0  9998
2 14394   7.0035 301.8494 0018350 165.7893 236.2967  1.01055402158189
INTELSAT 507            
1 14421U 83105A   26282.91084483 -.00000217  00000+0  00000+0 0  9995
2 14421  11.8359 330.3828 0001992 180.2126 359.5212  0.99702069138370
SL-12 R/B(2)            
1 14548U 83118F   26276.60754301  .00000038  00000+0  00000+0 0  9991
2 14548   8.3361 310.3800 0047451 346.1386 352.5627  1.00272886138985
OPS 0441                
1 14675U 84009A   26283.15505265 -.00000282  00000+0  00000+0 0  9995
2 14675   6.1351   3.5273 0883075  27.5920 314.2855  1.00364618  8899
TITAN 34D TRANSTAGE R/B 
1 14677U 84009C   26282.27943058 -.00000100  00000+0  00000+0 0  9994
2 14677   6.1158   1.8166 1036984 105.1598 266.3987  0.99443492 27004
RADUGA 14               
1 14725U 84016A   26283.03821028 -.00000228  00000+0  00000+0 0  9994
2 14725   8.3542 310.1394 0001691 219.9730 308.8557  1.00274568119259
COSMOS 1540             
1 14783U 84022A   26283.10815059 -.00000168  00000+0  00000+0 0  9993
2 14783   9.0810 303.5117 0009133 295.1670 259.1766  1.00276334122174
COSMOS 1546             
1 14867U 84031A   26283.10598391 -.00000058  00000+0  00000+0 0  9991
2 14867   8.4639 310.7892 0024290  17.4195 157.4479  1.00272970 48526
STTW-T2                 
1 14899U 84035A   26283.03899028 -.00000244  00000+0  00000+0 0  9990
2 14899   9.2655 317.2592 0007034 208.0191 318.1300  1.00163643 48523
TITAN 34D TRANSTAGE R/B 
1 14931U 84037B   26258.87431528  .00000087  00000+0  00000+0 0  9994
2 14931   8.6136 310.4175 0032327 327.7804  31.9786  1.01158428 26858
GORIZONT 9              
1 14940U 84041A   26283.03942361 -.00000277  00000+0  00000+0 0  9999
2 14940   8.5371 311.6763 0006418 295.6708 238.4312  1.00243867123096
SL-12 R/B(2)            
1 14948U 84022F   26283.27342462  .00000046  00000+0  00000+0 0  9991
2 14948   9.2253 303.9344 0021484 155.0287 213.4217  0.99875366162431
SL-12 R/B(2)            
1 14951U 84031F   26283.22995194  .00000064  00000+0  00000+0 0  9996
2 14951   8.8647 311.9439 0014913 263.8015 104.5517  0.99425016120954
ZHONGXING-5             
1 14985U 84049A   26282.85371184 -.00000076  00000+0  00000+0 0  9991
2 14985  14.3070 347.4372 0012687 242.6344 172.8401  0.99976418132454
RADUGA 15               
1 15057U 84063A   26282.74201741  .00000116  00000+0  00000+0 0  9991
2 15057   8.5198 311.1320 0003612 244.2934 120.7968  1.00213234142255
COSMOS 1581             
1 15095U 84071A   26282.55975133 -.00000570  00000+0  00000+0 0  9999
2 15095  67.5509   7.9429 6662634 358.6246   0.2658  1.99738254282755
GORIZONT 10             
1 15144U 84078A   26283.27255795  .00000076  00000+0  00000+0 0  9996
2 15144   8.6809 312.7122 0003900 328.4913  26.2305  1.00286150155729
HIMAWARI-3 (GMS-3)      
1 15152U 84080A   26282.81308439  .00000072  00000+0  00000+0 0  9997
2 15152  10.4608 322.9692 0004712 162.6833 215.4255  0.99833252153791
SL-12 R/B(2)            
1 15181U 84078F   26283.04323697 -.00000383  00000+0  00000+0 0  9991
2 15181   8.7651 313.0759 0022031 219.7116 333.7635  1.00236538124160
AMPTE/CCE               
1 15199U 84088A   26282.37866740 -.00000328  00000+0  00000+0 0  9996
2 15199   3.2755 227.6298 7644577 155.0756   3.9962  1.53315012202187
DELTA 1 R/B(2)          
1 15206U 84088F   26282.51027578  .00000049  00000+0  82613-3 0  9992
2 15206  27.4876  83.2279 7811229 342.1975   1.1583  1.59004336240298
SL-6 R/B(2)             
1 15223U 84089D   26282.03727779  .00001220  00000+0  66680-2 0  9996
2 15223  62.9041 239.1552 7218334 279.6292  12.2555  2.02630140  6193
TITAN 34B R/B           
1 15227U 84091B   26282.94196908 -.00000507  00000+0  32481-2 0  9997
2 15227  63.1344 232.0336 7151166 271.3404  15.2438  2.07969345 56927
TELSTAR 302             
1 15237U 84093D   26282.66995765 -.00000360  00000+0  00000+0 0  9993
2 15237  14.0703 344.5044 0004067 213.3622 198.8132  0.99785076 47582
COSMOS 1596             
1 15267U 84096A   26282.45665275 -.00000766  00000+0  00000+0 0  9996
2 15267  65.8965 120.6259 6717596  22.7295 356.8181  2.00778736308301
GALAXY 3 (G-3)          
1 15308U 84101A   26278.33184008  .00000060  00000+0  00000+0 0  9997
2 15308  14.0384 344.2785 0003424  13.5051   5.5080  0.99833471 47586
SL-6 R/B(2)             
1 15355U 84107D   26281.42182369 -.00000998  00000+0  00000+0 0  9998
2 15355  62.9065  95.4640 7343634  45.1503 354.9618  2.03363277312000
ZHONGXING-5R            
1 15385U 84114A   26276.89239463 -.00000090  00000+0  00000+0 0  9995
2 15385  14.6405 351.1791 0005609  99.0013 248.5502  0.99764830128051
ATLAS AGENA R/B(2)      
1 15422U 77038C   26268.17757443 -.00000280  00000+0  00000+0 0  9990
2 15422   6.1752 330.5048 1444443 182.5389 176.4970  1.02338133 27265
MOLNIYA 1-63            
1 15429U 84124A   26282.30033883  .00001326  00000+0  00000+0 0  9998
2 15429  62.9052 332.8772 7294865 258.7728  25.4805  2.00633485306351
SL-6 R/B(2)             
1 15439U 84124H   26282.25084079  .00001197  00000+0  68629-3 0  9997
2 15439  62.6671 336.5210 7479762 259.1185  16.8269  1.96381136256963
GORIZONT 11             
1 15484U 85007A   26283.06580095 -.00000316  00000+0  00000+0 0  9995
2 15484   8.9595 314.8946 0004332 268.5246 126.3016  1.00196931153783
USA 8                   
1 15543U 85010B   26282.73976407 -.00000017  00000+0  00000+0 0  9992
2 15543  12.4431 312.4535 0121444  57.0335 295.7435  0.99816311  8963
IUS R/B(2)              
1 15545U 85010D   26260.79314428  .00000120  00000+0  00000+0 0  9999
2 15545  12.5871 311.3750 0029985 304.4234  55.3012  1.00815724 27855
ARABSAT-1A              
1 15560U 85015A   26282.81187105  .00000097  00000+0  00000+0 0  9991
2 15560  11.7080 330.5036 0036601 243.0655 120.7036  1.00197238127164
BRASILSAT 1             
1 15561U 85015B   26283.23476214  .00000065  00000+0  00000+0 0  9996
2 15561  14.0481 344.0420 0004497 314.2780  35.6910  0.99546168 47489
COSMOS 1629             
1 15574U 85016A   26283.22916941  .00000081  00000+0  00000+0 0  9994
2 15574   8.9269 313.8085 0008108 275.9422  87.5579  1.00359136151617
SL-12 R/B(2)            
1 15581U 85016F   26282.94963031 -.00000347  00000+0  00000+0 0  9998
2 15581   9.4467 315.6163 0026296 260.9400 277.7104  0.99408674123071
NAHUEL I1 (ANIK C1)     
1 15642U 85028B   26283.24378691 -.00000043  00000+0  00000+0 0  9998
2 15642  14.7387 351.2400 0013533 162.7283 208.2372  0.99658737 47547
GSTAR 1                 
1 15677U 85035A   26283.24345420 -.00000121  00000+0  00000+0 0  9995
2 15677  14.2788 347.8332 0003845 179.9302 193.4865  1.00272156126367
TELECOM 1B              
1 15678U 85035B   26282.94450818 -.00000225  00000+0  00000+0 0  9995
2 15678   9.9607 320.2082 0002938 298.4659  73.6394  1.00301627138174
SL-6 R/B(2)             
1 15741U 85040D   26282.96394215  .00000325  00000+0 -13049-3 0  9994
2 15741  61.9677 270.3105 7397328 259.9686  17.2357  1.96956703297265
ARABSAT-1B              
1 15825U 85048C   26282.49732825 -.00000082  00000+0  00000+0 0  9995
2 15825  12.2596 333.3126 0011530  14.5075  13.3577  1.00384269136583
TELSTAR 303             
1 15826U 85048D   26283.23655178  .00000038  00000+0  00000+0 0  9994
2 15826  14.1427 345.4085 0005400 254.8475  99.5513  0.99870146 47643
COSMOS 1661             
1 15827U 85049A   26276.87899660 -.00000751  00000+0  00000+0 0  9997
2 15827  67.7329 101.7854 5925936  59.4310 346.0040  2.00525208302473
INTELSAT 511            
1 15873U 85055A   26282.74652410  .00000080  00000+0  00000+0 0  9992
2 15873  13.1007 337.9186 0009547 115.0555 247.7255  1.00077424125669
RADUGA 16               
1 15946U 85070A   26283.27663130  .00000093  00000+0  00000+0 0  9994
2 15946   9.2212 316.1371 0003394 300.7523  72.4951  1.00346640123383
OPTUS A1 (AUSSAT 1)     
1 15993U 85076B   26283.22907134 -.00000230  00000+0  00000+0 0  9996
2 15993  13.1955 338.0232 0003017 337.1542  73.2116  0.99759697120745
ASC 1                   
1 15994U 85076C   26283.15762981 -.00000233  00000+0  00000+0 0  9991
2 15994  13.7297 342.4749 0001205 185.3058 181.6063  1.00296557119135
SL-6 R/B(2)             
1 16106U 85088D   26281.94715251 -.00000369  00000+0  00000+0 0  9993
2 16106  65.0389 121.6226 6854791  29.2357 356.0923  2.04648700306418
IUS R/B(2)              
1 16119U 85092E   26283.06772407 -.00000283  00000+0  00000+0 0  9998
2 16119   9.8470 313.8563 0056331 185.3488 174.4849  1.01089918 27218
COSMOS 1700             
1 16199U 85102A   26283.11092394 -.00000295  00000+0  00000+0 0  9997
2 16199   9.5252 318.1833 0006523 252.2548 302.3172  1.00281474152825
SL-12 R/B(2)            
1 16214U 85102D   26283.04202362 -.00000385  00000+0  00000+0 0  9995
2 16214   9.2592 317.3477 0019067 164.7231  17.7483  1.00631426126004
RADUGA 17               
1 16250U 85107A   26282.81178439  .00000088  00000+0  00000+0 0  9990
2 16250   9.4189 317.7095 0014251 241.8436 134.4749  1.00159882152824
MORELOS 2               
1 16274U 85109B   26283.01463683 -.00000291  00000+0  00000+0 0  9996
2 16274  14.7627 355.8193 0005014 187.9042 167.8074  0.99567634 47490
OPTUS A2 (AUSSAT 2)     
1 16275U 85109C   26283.07534635 -.00000308  00000+0  00000+0 0  9998
2 16275  13.2720 339.3007 0005522 302.1605  75.1494  0.99946866 47686
SATCOM K2               
1 16276U 85109D   26282.94953486 -.00000153  00000+0  00000+0 0  9991
2 16276  14.6897 351.5096 0013540 268.5744  99.5260  0.99614908126744
MOLNIYA 3-27            
1 16393U 85117A   26282.99343366  .00000163  00000+0 -83732-3 0  9993
2 16393  61.9124 207.4192 7112841 253.4401  23.3143  2.12408471307640
SL-6 R/B(2)             
1 16402U 85117F   26282.16100324 -.00001049  00000+0  99263-4 0  9999
2 16402  63.0896  14.9855 7444398 254.2212  19.3781  1.96560326292815
SATCOM K1               
1 16482U 86003B   26274.83170080  .00000070  00000+0  00000+0 0  9991
2 16482  14.6557 350.2751 0006841 233.1206 123.4125  0.99556077125509
RADUGA 18               
1 16497U 86007A   26280.18180802  .00000012  00000+0  00000+0 0  9995
2 16497  10.3430 320.5332 0070636 206.2481 154.1301  0.98811317146973
STTW-1                  
1 16526U 86010A   26282.67615045  .00000034  00000+0  00000+0 0  9994
2 16526  10.4416 322.8416 0004192 296.3163  60.3504  1.00223195156609
GSTAR 2                 
1 16649U 86026A   26282.94589485 -.00000242  00000+0  00000+0 0  9997
2 16649  14.1407 344.9912 0001435   6.4962 347.8700  0.99802750117780
BRASILSAT 2             
1 16650U 86026B   26271.15583058 -.00000204  00000+0  00000+0 0  9998
2 16650  14.5002 349.6314 0004015 306.4528  54.4957  0.99638664 47411
ARIANE 3 R/B            
1 16657U 86026C   26281.23125350  .00000077  00000+0  64337-3 0  9996
2 16657   7.1632  14.6834 7216356 310.8934   6.3448  2.25821054282512
COSMOS 1738             
1 16667U 86027A   26276.81866712 -.00000086  00000+0  00000+0 0  9994
2 16667  10.0784 317.0442 0011613 160.1535 182.8728  1.00275741148435
GORIZONT 12             
1 16769U 86044A   26283.04211030 -.00000366  00000+0  00000+0 0  9997
2 16769   9.8717 320.4604 0005415 310.1423 229.9370  1.00244263148413
SL-6 R/B(2)             
1 16854U 86050D   26283.22731395  .00000478  00000+0  00000+0 0  9993
2 16854  65.2105 271.3306 6699684   0.3002 359.8707  2.02800253298280
SL-6 R/B(2)             
1 17081U 86089D   26282.64508130  .00000951  00000+0  00000+0 0  9998
2 17081  63.5106 114.8892 7041285 252.3850  24.7136  1.95704213285049
SL-12 R/B(2)            
1 17125U 86090D   26282.54354817 -.00000369  00000+0  00000+0 0  9993
2 17125  10.1712 322.0363 0008666 196.2888 163.6018  1.00196229146014
MOLNIYA 3-31            
1 17328U 87008A   26282.98005467  .00000402  00000+0  21889-2 0  9998
2 17328  61.8961 254.8489 7303149 261.8435  17.3809  2.00560355287472
SL-6 R/B(2)             
1 17333U 87008D   26282.10878743 -.00001373  00000+0  39112-3 0  9991
2 17333  63.2415  17.9202 7439661 251.9244  20.5468  1.97100782285863
TITAN 34B R/B           
1 17507U 87015B   26266.52153950 -.00001146  00000+0  00000+0 0  9994
2 17507  63.0400  97.4095 7242189 265.8014  16.5235  2.05001018 54523
GOES 7                  
1 17561U 87022A   26283.07989513 -.00000271  00000+0  00000+0 0  9991
2 17561  12.8239 336.8354 0001904  10.5263 353.4573  0.99897186128110
SL-12 R/B(2)            
1 17705U 87028D   26283.10849726 -.00000096  00000+0  00000+0 0  9997
2 17705  10.9545 319.9656 0024843 119.9811  59.2657  0.99862978145615
AGILA 1 (PALAPA B2P)    
1 17706U 87029A   26282.34765591  .00000060  00000+0  00000+0 0  9991
2 17706  14.3248 347.3079 0000736 345.3730   9.2054  0.99915525 43663
SL-12 R/B(2)            
1 17872U 76092F   26283.10277722  .00000086  00000+0  00000+0 0  9990
2 17872   3.1713 268.2411 0015382 206.5144 354.1081  1.00260077120072
SL-12 R/B(2)            
1 17873U 79035E   26270.39979328 -.00000211  00000+0  00000+0 0  9990
2 17873   4.9688 280.8846 0027200 259.0592 303.5699  1.00187130186193
SL-12 R/B(2)            
1 17874U 84016F   26283.10988392 -.00000258  00000+0  00000+0 0  9991
2 17874   8.3579 310.2188 0035275 234.0299 323.0189  1.00317506124001
SL-12 R/B(2)            
1 17939U 79087C   26283.04107029 -.00000357  00000+0  00000+0 0  9998
2 17939   5.0566 282.1912 0045589 349.2220 223.9542  1.00491471 48591
COSMOS 1888             
1 18384U 87084A   26282.81187105  .00000090  00000+0  00000+0 0  9999
2 18384  10.6423 325.3950 0003483 265.4658 103.4430  1.00202425142843
SL-12 R/B(2)            
1 18387U 87084D   26281.81302196  .00000041  00000+0  00000+0 0  9996
2 18387  10.7998 325.9825 0030695 255.4491 106.8305  1.00051359149911
COSMOS 1894             
1 18443U 87091A   26283.19656528 -.00000303  00000+0  00000+0 0  9993
2 18443  10.5949 324.8377 0003305 353.8935  88.4721  1.00216509121975
SL-12 R/B(2)            
1 18446U 87091D   26283.10823726 -.00000149  00000+0  00000+0 0  9991
2 18446  10.6295 325.0110 0023772 269.5009 263.9237  1.00143474131159
TVSAT 1                 
1 18570U 87095A   26274.11711478 -.00000129  00000+0  00000+0 0  9992
2 18570  11.1137 327.3726 0060765 138.3818 236.3167  0.98918733129898
COSMOS 1897             
1 18575U 87096A   26283.11135727 -.00000320  00000+0  00000+0 0  9998
2 18575  10.8728 326.1829 0005856 169.7732  20.4328  1.00271484142344
SL-12 R/B(2)            
1 18578U 87096D   26282.90911148 -.00000136  00000+0  00000+0 0  9991
2 18578  10.6620 325.4490 0023695 252.5998 282.4337  1.00555287139182
RADUGA 21               
1 18631U 87100A   26283.00900347 -.00000319  00000+0  00000+0 0  9991
2 18631  11.1452 324.4889 0002019 293.4282  63.3201  1.00319841142239
SL-12 R/B(2)            
1 18718U 87109D   26283.01281683 -.00000240  00000+0  00000+0 0  9995
2 18718  10.7330 325.9131 0068758 282.4384  92.8908  1.00830895133221
COSMOS 1922             
1 18881U 88013A   26274.95685193  .00000290  00000+0  00000+0 0  9992
2 18881  68.7880  66.0186 5931328  41.4123 350.8210  2.00851460282678
SL-6 R/B(2)             
1 18883U 88013C   26282.29098859  .00000366  00000+0  00000+0 0  9991
2 18883  64.4107 281.2099 6683134  22.6769 356.6348  2.04035820287608
STTW-2                  
1 18922U 88014A   26283.10997059 -.00000246  00000+0  00000+0 0  9995
2 18922  13.1713 338.8545 0004663 195.0570 333.2307  1.00279426141268
MOLNIYA 1-71            
1 18946U 88017A   26282.78844080 -.00001424  00000+0 -64260-4 0  9995
2 18946  61.9854 239.3985 7258148 269.6258  14.9557  2.00738645282665
SL-6 R/B(2)             
1 18949U 88017D   26281.88082419  .00000211  00000+0  00000+0 0  9996
2 18949  62.3139 179.0424 7085648 261.8271  19.4968  2.10120776275264
SPACENET 3R             
1 18951U 88018A   26283.15767140 -.00000168  00000+0  00000+0 0  9995
2 18951  14.7167 358.7994 0005898 255.7655  98.3120  0.99657759125752
COSMOS 1940             
1 19073U 88034A   26283.00952347 -.00000313  00000+0  00000+0 0  9990
2 19073  10.8142 325.8319 0022334 296.7480  61.1387  1.00665881122500
SL-12 R/B(2)            
1 19076U 88034D   26283.04332363 -.00000375  00000+0  00000+0 0  9995
2 19076  11.1192 326.8286 0023243 197.9501 342.2943  1.00095023140250
SL-12 R/B(2)            
1 19094U 88036E   26272.16997648 -.00000271  00000+0  00000+0 0  9996
2 19094  10.0047 322.0149 0021561 191.3369 189.4191  1.01119543122884
INSAT-1C                
1 19330U 88063A   26278.75611221  .00000022  00000+0  00000+0 0  9993
2 19330  11.1806 327.0649 0007430 182.4485 196.0606  1.00248866121458
COSMOS 1961             
1 19344U 88066A   26283.10719725 -.00000120  00000+0  00000+0 0  9994
2 19344  11.3254 328.9853 0003457 196.8424 326.3860  1.00260238140162
GORIZONT 16             
1 19397U 88071A   26283.08308551 -.00000385  00000+0  00000+0 0  9999
2 19397  11.3923 329.0813 0010528  87.5277 113.7325  0.99978039139388
SL-12 R/B(2)            
1 19400U 88071D   26259.40399765  .00000064  00000+0  00000+0 0  9993
2 19400  11.1424 328.4632 0020505 244.4181 147.0400  1.00550750133627
USA 31                  
1 19458U 88077A   26283.05546450 -.00000870  00000+0  99244-2 0  9992
2 19458  27.6792 339.5571 7315228 232.0235  36.6423  2.00717070 17635
GSTAR 3                 
1 19483U 88081A   26283.15154866 -.00000124  00000+0  00000+0 0  9993
2 19483  10.8999 317.4713 0006962 228.0369 142.4949  1.00272397135757
SBS 5                   
1 19484U 88081B   26274.89844073 -.00000017  00000+0  00000+0 0  9992
2 19484  14.6287   0.1060 0006451 308.6548  39.0167  0.99795667 47525
TITAN 34D TRANSTAGE R/B 
1 19490U 88077C   26282.90640481 -.00000203  00000+0 -93568-3 0  9995
2 19490  27.1926  47.3980 7380971  29.8819 356.6281  2.04327798 54759
TDRS 3                  
1 19548U 88091B   26283.07534715 -.00000308  00000+0  00000+0 0  9996
2 19548  12.5171 340.2371 0039488 350.9044  25.5995  1.00264865126548
RADUGA 22               
1 19596U 88095A   26282.81161105  .00000086  00000+0  00000+0 0  9995
2 19596  11.4128 329.4031 0005763 212.5399 151.1803  1.00219501122804
SL-6 R/B(2)             
1 19611U 88096D   26281.09960164 -.00000761  00000+0  00000+0 0  9996
2 19611  67.4165 350.1322 6320874  27.7396 355.0306  2.04283552283027
SKYNET 4B               
1 19687U 88109A   26283.07868377 -.00000237  00000+0  00000+0 0  9995
2 19687  12.9949 336.0856 0007221 280.4120  81.6539  0.99669150119319
STTW-3                  
1 19710U 88111A   26282.81455773  .00000115  00000+0  00000+0 0  9992
2 19710  13.9920 344.6941 0004804 206.5026 157.8581  1.00281464131996
SL-6 R/B(2)             
1 19799U 89011D   26282.98685724  .00000758  00000+0  00000+0 0  9991
2 19799  63.0528 183.5161 7265771  43.6243 354.9003  2.04156669243892
MOLNIYA 1-75            
1 19807U 89014A   26264.94664211 -.00000352  00000+0  00000+0 0  9999
2 19807  63.7992 128.9409 6883227 255.1704  24.8543  2.00536446275220
SL-6 R/B(2)             
1 19810U 89014D   26282.05654438  .00000724  00000+0  00000+0 0  9997
2 19810  63.6639  23.6612 7227733 251.4114  23.1786  2.07386158284958
JCSAT-1                 
1 19874U 89020A   26282.49832666 -.00000326  00000+0  00000+0 0  9992
2 19874  14.8157 352.2371 0004389 211.6715 142.2830  0.99539719129922
IUS R/B(2)              
1 19913U 89021D   26282.87609133 -.00000072  00000+0  00000+0 0  9998
2 19913   8.5309 320.0523 0023139 198.4858 163.0765  1.00600583126815
RADUGA 23               
1 19928U 89030A   26282.85076075 -.00000047  00000+0  00000+0 0  9997
2 19928  11.6743 331.2343 0020519 214.9730 208.3381  1.00180334136000
TITAN 34D TRANSTAGE R/B 
1 19983U 89035C   26274.82201662 -.00000003  00000+0  00000+0 0  9995
2 19983   8.2611   5.2091 1060518  58.3524 311.5163  0.99422820 26559
SUPERBIRD-A             
1 20040U 89041A   26282.94546152 -.00000251  00000+0  00000+0 0  9991
2 20040  12.0490 331.5389 0004373 208.8918 157.1232  0.99755963135619
DFS 1                   
1 20041U 89041B   26282.94780153 -.00000047  00000+0  00000+0 0  9996
2 20041  13.9355 345.6705 0014727 299.5592  64.4870  1.00652197125656
IUS R/B(2)              
1 20069U 89046D   26282.17357920 -.00000244  00000+0  00000+0 0  9997
2 20069  12.0723 337.5202 0043909  16.0734 344.0454  1.01304842 27390
GORIZONT 18             
1 20107U 89052A   26282.67005014 -.00000342  00000+0  00000+0 0  9995
2 20107  12.2713 333.7141 0036661 348.9548  72.6434  0.99404181135554
TVSAT 2                 
1 20168U 89062A   26277.60664170  .00000102  00000+0  00000+0 0  9997
2 20168  14.6889 354.9366 0010107 215.2623  63.5011  0.99844877135596
HIPPARCOS               
1 20169U 89062B   26282.78979979 -.00000061  00000+0  66548-3 0  9997
2 20169   6.7810 276.9572 7185111  69.1276 350.2487  2.26418554271955
TITAN 34D TRANSTAGE R/B 
1 20205U 89069D   26271.11586891 -.00000277  00000+0  00000+0 0  9993
2 20205  10.9197 326.9115 0070199 349.1949  10.6302  1.01246886 28042
FLTSATCOM 8 (USA 46)    
1 20253U 89077A   26282.48058772 -.00000376  00000+0  00000+0 0  9999
2 20253  12.3923 350.4623 0004774 255.6626  70.3928  1.00282679261701
GORIZONT 19             
1 20263U 89081A   26282.74453075  .00000110  00000+0  00000+0 0  9994
2 20263  11.9549 332.7348 0006243 283.1478  73.8888  1.00224624 48489
SL-12 R/B(2)            
1 20266U 89081D   26266.04734471 -.00000275  00000+0  00000+0 0  9997
2 20266  11.7737 332.2183 0025515 129.6841 227.4074  1.00605934120338
HIMAWARI-4 AKM          
1 20317U 89070C   26282.81247772 -.00000087  00000+0  00000+0 0  9999
2 20317  12.4896 336.4561 0238713  66.3233 297.4453  0.98763040 47798
COSMOS 2050             
1 20330U 89091A   26282.40008084  .00000557  00000+0  00000+0 0  9994
2 20330  65.8286  77.0358 5854146 162.2912 232.7685  2.00527384270093
USA 48                  
1 20355U 89090B   26283.24101094 -.00000231  00000+0  00000+0 0  9998
2 20355  16.7992 339.6641 0285205 120.0293 258.7441  1.00743150  8923
IUS R/B(2)              
1 20357U 89090D   26270.83482014  .00000061  00000+0  00000+0 0  9995
2 20357  17.1933 341.7160 0334074 104.9804 258.7516  0.99519405 26387
RADUGA 24               
1 20367U 89098A   26283.11101060 -.00000281  00000+0  00000+0 0  9993
2 20367  12.3821 332.9830 0003895 294.4681 245.8001  1.00222361134122
COSMOS 2054             
1 20391U 89101A   26282.84480454  .00000074  00000+0  00000+0 0  9990
2 20391  12.1225 333.4636 0004263 242.7694 296.1201  1.00311427135017
LEASAT 5                
1 20410U 90002B   26280.08208043 -.00000292  00000+0  00000+0 0  9993
2 20410  11.0763 352.3351 0002177  66.6051 293.2893  0.99596118119533
SL-12 R/B(2)            
1 20413U 83020D   26281.65726440 -.00000254  00000+0  00000+0 0  9996
2 20413  75.9682  54.7540 7527801  53.9825 359.1050  0.24731165 11628
STTW-4                  
1 20473U 90011A   26282.86712027 -.00000274  00000+0  00000+0 0  9992
2 20473  14.1000 345.5401 0002987 193.0717 245.0265  1.00240441134198
RADUGA 25               
1 20499U 90016A   26283.23808737 -.00000013  00000+0  00000+0 0  9992
2 20499  12.2049 333.9223 0006418 228.2583 142.7458  1.00167929134068
SL-12 R/B(2)            
1 20502U 90016D   26282.66984977 -.00000362  00000+0  00000+0 0  9991
2 20502  12.3497 334.4132 0042096 248.7758 170.1982  1.00034049133915
NEWSAT-1 (PALAPA B2R)   
1 20570U 90034A   26282.85855462 -.00000061  00000+0  00000+0 0  9999
2 20570  14.7858   2.0173 0009346 163.8225 246.3307  0.99523438 47437
INSAT-1D                
1 20643U 90051A   26282.85361971 -.00000144  00000+0  00000+0 0  9998
2 20643  14.5950 353.0705 0017075 201.3793 209.2929  1.00259138119901
GORIZONT 20             
1 20659U 90054A   26282.86854966 -.00000292  00000+0  00000+0 0  9994
2 20659  12.5718 335.2625 0006653 252.0767 197.8670  1.00297064132848
SL-12 R/B(2)            
1 20662U 90054D   26282.71629566 -.00000020  00000+0  00000+0 0  9997
2 20662  12.4108 334.6762 0012411 108.9776 251.1303  1.00518914132945
COSMOS 2085             
1 20693U 90061A   26282.84846916 -.00000078  00000+0  00000+0 0  9996
2 20693  12.5639 335.6984 0012941  27.1740  31.8139  1.00278420132650
SL-12 R/B(2)            
1 20696U 90061D   26283.04219697 -.00000356  00000+0  00000+0 0  9991
2 20696  12.5265 335.5609 0033459 224.0203 301.3475  1.00204909131557
DFS 2                   
1 20706U 90063B   26273.10756582 -.00000276  00000+0  00000+0 0  9991
2 20706  14.6110   2.8376 0007787 267.0305 107.0425  0.99552397123978
COSMOS 2087             
1 20707U 90064A   26282.63506589 -.00000786  00000+0  00000+0 0  9997
2 20707  67.7454 177.8215 6329935  22.2545 356.1794  2.00347977265129
SL-6 R/B(2)             
1 20710U 90064D   26282.19462501  .00000613  00000+0  00000+0 0  9995
2 20710  69.4136  91.6676 6127370   8.0041 358.4401  2.04541417270401
MARCOPOLO 2 R/B [PAM-D] 
1 20764U 90074C   26278.81715664 -.00000223  00000+0  37841-3 0  9995
2 20764  20.7495 206.9708 7257393 174.4728 203.8028  2.18684533286211
GOES 2 AKM              
1 20799U 77048G   26283.25921124 -.00000420  00000+0  00000+0 0  9995
2 20799   3.8121 273.9076 0207905 112.7004 209.8909  1.00569384118986
METEOSAT-4 AKM          
1 20800U 89020E   26282.84220453 -.00000056  00000+0  00000+0 0  9997
2 20800  10.8602 330.6498 0133563 258.9476 270.1949  1.00430373117354
GOES 3 AKM              
1 20801U 78062D   26283.24679751 -.00000116  00000+0  00000+0 0  9993
2 20801   6.1678 283.4251 0102510  95.9187 345.6107  0.99472461 48116
SMS 2 AKM               
1 20835U 75011F   26283.14559074 -.00000022  00000+0  00000+0 0  9991
2 20835   3.4734 272.1394 0097499 148.1269 281.1303  0.98586489 47712
SL-12 R/B(2)            
1 20836U 74060F   26283.04202362 -.00000336  00000+0  00000+0 0  9997
2 20836   1.0901 241.6695 0014707 244.5536  13.5731  1.00204503 47155
METEOSAT-2 AKM (MAGE 1) 
1 20837U 81057F   26271.50134509 -.00000197  00000+0  00000+0 0  9992
2 20837   7.3467 297.6642 0074061 214.5362 331.0682  0.99363655120424
GALAXY 6 (G-6)          
1 20873U 90091B   26282.41863623  .00000037  00000+0  00000+0 0  9990
2 20873  14.1018   9.1383 0007021 234.0759 122.8962  0.99764755 47587
GORIZONT 21             
1 20923U 90094A   26282.84487138  .00000003  00000+0  00000+0 0  9992
2 20923  12.6295 335.9639 0007697 272.0442 138.8844  1.00151688131608
SL-12 R/B(2)            
1 20926U 90094D   26282.34687590  .00000090  00000+0  00000+0 0  9990
2 20926  12.3853 335.2168 0033149 160.5052 202.0903  1.00856273132385
GORIZONT 22             
1 20953U 90102A   26282.66377676 -.00000375  00000+0  00000+0 0  9993
2 20953  12.6212 336.4315 0004806 343.6517  64.2856  1.00214959131521
GOES 1 AKM              
1 20962U 75100F   26282.33720634 -.00000346  00000+0  00000+0 0  9992
2 20962   2.0385 247.7053 0266501 100.8292 261.6180  1.01933312137311
RADUGA 26               
1 21016U 90112A   26282.74695743  .00000039  00000+0  00000+0 0  9998
2 21016  12.7370 337.1076 0002422 130.4236 235.8452  1.00297706131419
SL-12 R/B(2)            
1 21019U 90112D   26282.85371181 -.00000081  00000+0  00000+0 0  9998
2 21019  12.7970 337.2752 0025873 189.6669 235.9734  1.00009135121084
RADUGA-1 2              
1 21038U 90116A   26282.74721743  .00000042  00000+0  00000+0 0  9990
2 21038  12.7775 337.1305 0003760 149.6789 217.7619  1.00230933 48496
ATS 5 AKM               
1 21052U 69069C   26283.26475793 -.00000339  00000+0  00000+0 0  9998
2 21052   0.2850 272.2997 0132035 312.2861  39.6953  0.98183617 47517
ITALSAT 1               
1 21055U 91003A   26282.81618677 -.00000205  00000+0  00000+0 0  9996
2 21055  14.5219 350.6146 0008560  53.3879   0.1062  0.99954045118235
COSMOS 2133             
1 21111U 91010A   26282.85172906 -.00000119  00000+0  00000+0 0  9995
2 21111  13.1698 341.9546 0006420 212.8822 205.6676  1.00259860130596
MOLNIYA 1-80            
1 21118U 91012A   26281.87915216  .00000213  00000+0  00000+0 0  9998
2 21118  64.8885 185.5281 6350878 254.0162  31.4722  2.05243825263293
SL-6 R/B(2)             
1 21121U 91012D   26281.65765123 -.00000656  00000+0  00000+0 0  9990
2 21121  64.6410 155.3318 6514709 251.9271  31.0070  2.05805506 99465
SL-12 R/B(2)            
1 21129U 91010F   26283.04375697 -.00000374  00000+0  00000+0 0  9991
2 21129  13.0756 341.5550 0018745 237.0083 290.7252  1.00119330130829
RADUGA 27               
1 21132U 91014A   26282.66377694 -.00000368  00000+0  00000+0 0  9998
2 21132  13.2327 335.9921 0001845 282.8014 126.0691  1.00292340130464
MOLNIYA 3-40            
1 21196U 91022A   26282.13443264 -.00000627  00000+0  00000+0 0  9994
2 21196  64.7116 179.0213 6462825 251.9815  31.5778  2.03008009261656
SL-6 R/B(2)             
1 21199U 91022D   26282.82266751  .00000927  00000+0  00000+0 0  9999
2 21199  64.4449 131.9603 6723340 250.6045  29.4639  2.05827126266959
SPACENET 4 (ASC 2)      
1 21227U 91028A   26283.25179701 -.00000151  00000+0  00000+0 0  9993
2 21227  13.8524  12.9817 0006683 301.9551  71.9408  0.99564397127522
SPACENET 4 R/B [PAM-D]  
1 21229U 91028C   26282.23070316 -.00000212  00000+0  00000+0 0  9992
2 21229  21.9581 246.0270 6889098 296.7081  34.0864  2.19703707284809
MOLNIYA 1-81            
1 21426U 91043A   26281.73182127  .00000099  00000+0  00000+0 0  9998
2 21426  63.4125 167.9866 6798737 257.1345  24.6517  2.00607884258741
SL-6 R/B(2)             
1 21429U 91043D   26282.03703209  .00000776  00000+0  00000+0 0  9997
2 21429  63.5897 236.4330 6800580 261.5332  22.2904  1.96671866253603
SL-12 R/B(2)            
1 21536U 91046D   26276.87712016  .00000093  00000+0  00000+0 0  9992
2 21536  12.7334 337.7579 0016266 254.5581 124.3587  1.00929777124909
TDRS 5                  
1 21639U 91054B   26283.21831250  .00000077  00000+0  00000+0 0  9995
2 21639  14.0580 352.9170 0009692 254.5091  42.3343  1.00272913128869
IUS R/B(2)              
1 21641U 91054D   26273.96424791 -.00000196  00000+0  00000+0 0  9990
2 21641  13.6310 332.0884 0036101 349.7967  10.4309  1.00312049 48429
COSMOS 2155             
1 21702U 91064A   26282.41473620  .00000000  00000+0  00000+0 0  9997
2 21702  13.0292 338.4496 0004074 247.1307 119.7997  1.00249834128484
SL-12 R/B(2)            
1 21703U 91064B   26283.27585130  .00000084  00000+0  00000+0 0  9995
2 21703  13.2348 339.1143 0002308 340.8085   4.8112  0.99892858121290
MOLNIYA 3-41            
1 21706U 91065A   26282.86515258  .00000801  00000+0  62640-3 0  9996
2 21706  62.5567 300.8497 7412929 254.4734  19.4622  2.04511194259066
SL-12 R/B(2)            
1 21762U 91074D   26261.92518205 -.00000048  00000+0  00000+0 0  9999
2 21762  13.3815 340.6954 0003019 245.7513 114.9639  0.99708786120619
INTELSAT 601 (IS-601)   
1 21765U 91075A   26274.24677889 -.00000268  00000+0  00000+0 0  9990
2 21765  13.4943  16.1371 0002150 275.1007 140.6020  0.99595053127431
COSMOS 2172             
1 21789U 91079A   26275.05800715 -.00000266  00000+0  00000+0 0  9994
2 21789  13.1658 339.5828 0003215 340.9769  35.9719  1.00225892 48432
ATLAS 2 CENTAUR R/B     
1 21804U 91083B   26282.67378849 -.00000068  00000+0  13559-1 0  9996
2 21804  17.0939 249.4838 7351459 335.2802   2.3852  1.91163080243414
IUS R/B(2)              
1 21807U 91080D   26258.39179103  .00000023  00000+0  00000+0 0  9995
2 21807  13.4211 341.9869 0021177 350.2016   9.7772  1.01279125 26881
RADUGA 28               
1 21821U 91087A   26283.10979726 -.00000254  00000+0  00000+0 0  9991
2 21821  13.2808 340.2182 0005283 207.4344 318.4219  1.00358327127478
IABS R/B                
1 21877U 92006C   26261.98375752 -.00000118  00000+0  00000+0 0  9994
2 21877   7.3482 320.8881 0659825 106.4322 260.8805  1.10787110 28919
METEOSAT-5 AKM          
1 21904U 91015E   26282.32794147  .00000020  00000+0  00000+0 0  9999
2 21904  12.1645 337.6306 0160103 240.1029 118.2720  1.00148775117513
GORIZONT 25             
1 21922U 92017A   26283.11396209 -.00000045  00000+0  00000+0 0  9995
2 21922  13.4485 341.7797 0023907 119.1470 211.1660  0.99843819126080
SL-12 R/B(2)            
1 21925U 92017D   26281.68191197 -.00000279  00000+0  00000+0 0  9996
2 21925  12.9777 339.7346 0011179  55.7899 303.6502  1.01094759126454
TELECOM 2B              
1 21939U 92021A   26282.85045368  .00000005  00000+0  00000+0 0  9990
2 21939  14.5898   2.8489 0012652 126.7897 270.5712  0.99504118118537
PALAPA B4               
1 21964U 92027A   26283.24445633 -.00000080  00000+0  00000+0 0  9991
2 21964  13.3535  16.4240 0000917 277.8095  69.7340  0.99930679 48335
DELTA 2 R/B(2)          
1 21966U 92027C   26282.73099461 -.00000129  00000+0  00000+0 0  9994
2 21966  22.5027  61.0756 6456858 104.4163 331.0200  2.05329270258127
INSAT-2A                
1 22027U 92041A   26282.49832677 -.00000248  00000+0  00000+0 0  9998
2 22027  14.4665 350.9371 0011369 276.4733  78.9656  1.00227226125192
GORIZONT 26             
1 22041U 92043A   26282.73897525  .00000064  00000+0  00000+0 0  9991
2 22041  13.7648 343.9812 0036251 275.3962  84.5504  0.99240597124605
OPTUS B1 R/B(STAR 63F)  
1 22089U 92054C   26283.25759009  .00000634  00000+0  17992-2 0  9991
2 22089  22.6874 167.8584 7251599  50.3932 353.7990  2.24645755275540
DELTA 2 R/B(2)          
1 22098U 92057C   26282.93402147 -.00000046  00000+0  00000+0 0  9993
2 22098  20.0422 268.6476 6765736 188.8466 173.8507  2.17557984271068
COSMOS 2209             
1 22112U 92059A   26283.15626832 -.00000210  00000+0  00000+0 0  9999
2 22112  13.5081 341.7936 0011616 342.5696  23.1964  1.00165626124774
HELLAS-SAT 1 (DFS 3)    
1 22175U 92066A   26282.61808352 -.00000359  00000+0  00000+0 0  9999
2 22175  14.3032   6.1902 0002546 222.4163 136.9278  0.99732392121685
DELTA 2 R/B(2)          
1 22177U 92066C   26281.35673199 -.00000116  00000+0  00000+0 0  9991
2 22177  19.3934  75.9795 6841692 269.1580  12.8051  2.18729130 52185
MOLNIYA 3-42            
1 22178U 92067A   26282.41143431 -.00000127  00000+0  00000+0 0  9994
2 22178  64.2774  27.2387 7025001 246.6714  28.5225  2.20433143114772
SL-6 R/B(2)             
1 22181U 92067D   26282.66838459  .00000148  00000+0  00000+0 0  9998
2 22181  64.0080 145.7575 6902314 251.1086  27.0469  2.00388529245732
SL-6 R/B(2)             
1 22192U 92069D   26282.39870281  .00000691  00000+0  00000+0 0  9994
2 22192  68.6312  79.0264 6387958 349.5032 210.2172  2.02819292246657
GALAXY 7 (G-7)          
1 22205U 92072A   26283.23913847  .00000031  00000+0  00000+0 0  9991
2 22205  14.5524   2.4010 0003770  41.5570 301.2648  0.99700617118025
EKRAN 20                
1 22210U 92074A   26282.85500435 -.00000167  00000+0  00000+0 0  9992
2 22210  13.6219 343.4579 0005395 231.5005 190.1906  1.00327075 48524
SL-6 R/B(2)             
1 22241U 92081D   26282.26923922 -.00000511  00000+0  00000+0 0  9992
2 22241  68.6042 359.7961 6390918  12.9667 357.8383  2.03455427251643
GORIZONT 27             
1 22245U 92082A   26283.01541683 -.00000241  00000+0  00000+0 0  9991
2 22245  13.6464 343.1287 0011110  24.1558 349.1658  1.00206250128270
HIMAWARI-3 AKM          
1 22266U 84080E   26282.87444466 -.00000298  00000+0  00000+0 0  9999
2 22266   9.3144 315.4630 0135322 115.8861 243.1329  0.99756751118620
COSMOS 2224             
1 22269U 92088A   26283.08180378 -.00000312  00000+0  00000+0 0  9999
2 22269  13.5932 347.1383 0008208 267.4246 100.6562  1.00197772123240
SL-12 R/B(2)            
1 22272U 92088D   26268.27128191  .00000081  00000+0  00000+0 0  9994
2 22272  13.7052 347.7134 0009092 175.6449 133.2019  1.00069805 48280
TDRS 6                  
1 22314U 93003B   26283.23446510 -.00000303  00000+0  00000+0 0  9998
2 22314  14.1863 356.1906 0009990 209.4632 211.6083  1.00265774123560
RADUGA 29               
1 22557U 93013A   26282.66984987 -.00000342  00000+0  00000+0 0  9992
2 22557  13.7753 344.2572 0003760 200.8783 208.1036  1.00288487122834
ARSENE (AO-24)          
1 22654U 93031B   26282.86127127 -.00000149  00000+0  00000+0 0  9992
2 22654   5.4920  43.7341 2867667 344.7213 234.8094  1.42202531169050
TITAN 34D TRANSTAGE DEB 
1 22668U 88077D   26282.09914234  .00001911  00000+0  17015-2 0  9993
2 22668  26.3596 135.6020 7349706 111.1247 336.8955  2.16542952 57644
TITAN 34D TRANSTAGE DEB 
1 22669U 88077E   26281.88772996  .00001083  00000+0  23882-2 0  9996
2 22669  26.2272 169.9895 7365114  63.4549 352.0750  2.11828772 56521
HGS-4 (GALAXY 4)        
1 22694U 93039A   26282.84846943 -.00000088  00000+0  00000+0 0  9998
2 22694  14.5609 354.2490 0010719  48.0649 353.3478  1.00271054120158
HISPASAT 1B             
1 22723U 93048A   26282.84728588  .00000023  00000+0  00000+0 0  9993
2 22723  13.8165  12.2315 0004578 277.0869 104.3835  0.99715717120989
INSAT-2B                
1 22724U 93048B   26282.50561094 -.00000202  00000+0  00000+0 0  9994
2 22724  14.4863   1.7116 0018375 228.8764 129.1839  0.99990263121714
SL-6 R/B(2)             
1 22744U 93051D   26281.00607508 -.00000716  00000+0  00000+0 0  9995
2 22744  67.9178 288.1135 6218421  67.4146 345.1465  2.05617389247551
UFO 2 (USA 95)          
1 22787U 93056A   26282.85461355  .00000117  00000+0  00000+0 0  9993
2 22787  11.9372   2.9088 0003695 253.6323  98.2472  1.00272888119699
ACTS                    
1 22796U 93058B   26283.24454734 -.00000117  00000+0  00000+0 0  9993
2 22796  14.5693 354.6792 0051610  84.8540 281.4689  1.00273375128067
TOS R/B                 
1 22797U 93058D   26282.82845918  .00001174  00000+0  16732-2 0  9990
2 22797  15.4084  22.3057 7366375 168.9226 227.9703  2.13605593250844
RADUGA 30               
1 22836U 93062A   26282.67970380 -.00000122  00000+0  00000+0 0  9995
2 22836  13.9640 346.2891 0005434 317.4605  34.9319  1.00258673 47148
SL-12 R/B(2)            
1 22839U 93062D   26258.93154807  .00000049  00000+0  00000+0 0  9995
2 22839  13.9116 346.1862 0007382  96.3744 258.4211  1.00316719119765
GORIZONT 28             
1 22880U 93069A   26282.83767972 -.00000281  00000+0  00000+0 0  9996
2 22880  14.0699 347.1949 0031244 178.9423 263.2922  0.99651324120273
GORIZONT 29             
1 22907U 93072A   26275.89915300  .00000015  00000+0  00000+0 0  9992
2 22907  13.9420 346.5339 0010620 358.0208   0.4788  1.00155562120240
SOLIDARIDAD 1           
1 22911U 93073A   26283.24523118 -.00000142  00000+0  00000+0 0  9990
2 22911  14.4140   1.4921 0010958 247.8182 116.0409  1.00276124119020
IABS R/B                
1 22916U 93074B   26265.97489538 -.00000149  00000+0  00000+0 0  9990
2 22916  13.7207 341.2929 0057632 111.1735 249.4779  1.00007039 26880
DELTA 2 R/B(2)          
1 22923U 93076C   26282.22912586 -.00000171  00000+0  13958-2 0  9995
2 22923  22.9194 225.8305 7085897 314.1209 320.4146  2.24129769268936
TELSTAR 401             
1 22927U 93077A   26283.15278091 -.00000143  00000+0  00000+0 0  9999
2 22927  14.4212 349.9724 0007907 180.5912 161.2447  1.00285912119728
MOLNIYA 1-87            
1 22949U 93079A   26282.01056398 -.00000771  00000+0  00000+0 0  9990
2 22949  64.8298 271.2950 6734341 267.9248  19.9290  2.02881685106879
SL-6 R/B(2)             
1 22952U 93079D   26283.04917164  .00000777  00000+0  00000+0 0  9990
2 22952  64.4821 210.5393 6523093 262.1840  24.7320  2.06883207247143
GALS 1                  
1 22963U 94002A   26282.86183016 -.00000266  00000+0  00000+0 0  9993
2 22963  14.5156 352.9576 0013236 231.0690 194.0720  1.00352321119864
SL-12 R/B(2)            
1 22966U 94002D   26282.86361338 -.00000081  00000+0  00000+0 0  9996
2 22966  13.8669 343.2550 0040496 152.4627 282.0028  0.99463691118225
VEP                     
1 22979U 94007B   26282.45230443  .00000019  00000+0  50594-3 0  9999
2 22979  29.1604 340.0972 7226855 358.2363   0.3927  2.25998132268887
RADUGA-1 3              
1 22981U 94008A   26282.87545432 -.00000329  00000+0  00000+0 0  9994
2 22981  14.1242 347.3434 0002492 248.1846 197.8043  1.00290153119639
TITAN 4 CENTAUR R/B     
1 22989U 94009B   26261.10796957 -.00000082  00000+0  00000+0 0  9992
2 22989  16.9533  21.7660 0014845 240.2443 119.6257  1.00583799 26227
RADUGA 31               
1 23010U 94012A   26282.81585773  .00000101  00000+0  00000+0 0  9996
2 23010  14.0911 347.3702 0001453 194.7322 173.9880  1.00267444119501
DELTA 2 R/B(2)          
1 23018U 94013C   26282.03378287  .00000636  00000+0  00000+0 0  9992
2 23018  24.2140 207.9249 6527894 263.1121  24.2925  2.02370541241059
TITAN 34D TRANSTAGE DEB 
1 23039U 88077J   26282.41205459 -.00000536  00000+0 -91665-3 0  9992
2 23039  26.7494  84.3586 7381100 324.8389   3.6276  2.03934055 53544
TITAN 34D TRANSTAGE DEB 
1 23040U 88077K   26279.26417806  .00000008  00000+0  63685-3 0  9997
2 23040  27.2508 347.8696 7301222   8.0656 359.2100  2.19083007 59284
TITAN 34D TRANSTAGE DEB 
1 23041U 88077L   26282.47369652  .00000217  00000+0  98282-3 0  9993
2 23041  27.1858 335.6724 7273034  28.0928 356.9263  2.22464483 59258
GORIZONT 30             
1 23108U 94030A   26283.23810552 -.00000002  00000+0  00000+0 0  9998
2 23108  14.0138 347.3267 0005950 281.4097  73.7953  1.00162622118605
ARIANE 44LP+ R/B        
1 23127U 94034D   26282.99994164  .00000088  00000+0  35563-3 0  9996
2 23127   7.2318 266.5685 7221129 216.5100  60.5359  2.26785346264233
TITAN 34D TRANSTAGE DEB 
1 23130U 88077M   26282.08850108  .00000271  00000+0  20612-1 0  9990
2 23130  27.4920  40.8191 7284874 125.7618 325.1716  2.00713053 53327
UFO 3 (USA 104)         
1 23132U 94035A   26279.94876525 -.00000118  00000+0  00000+0 0  9993
2 23132  12.4191   5.0114 0005346 246.0402  95.5939  1.00271540132813
COSMOS 2282             
1 23168U 94038A   26283.19016466  .00000089  00000+0  00000+0 0  9993
2 23168  13.8495 351.8605 0005319 147.1391 143.9870  1.00320695118158
SL-12 R/B(2)            
1 23171U 94038D   26258.00481111 -.00000098  00000+0  00000+0 0  9993
2 23171  14.2033 353.2969 0023418 154.1553 218.9716  0.99432019116917
OPTUS B3 PKM            
1 23229U 94055C   26283.00144408  .00000236  00000+0  98891-3 0  9991
2 23229  24.0653 337.1071 7340060 186.9947 149.2978  2.13902543246737
KIKU-6 (ETS-VI)         
1 23230U 94056A   26283.07987373 -.00000101  00000+0  00000+0 0  9990
2 23230  12.1827 230.8375 5080330 200.6102 331.1011  1.67089051196161
ARIANE 44L+ DEB         
1 23241U 92021L   26283.10052388  .00000327  00000+0  28425-1 0  9997
2 23241   3.5200 257.6797 7054631 350.3117 273.4714  2.24763166266619
ARIANE 44L+ DEB         
1 23242U 92021M   26283.25157552 -.00000132  00000+0  60432-2 0  9993
2 23242   3.8569 293.8806 7041696 262.4464 211.4690  2.24665953119593
TITAN 4 CENTAUR R/B     
1 23247U 94054B   26267.41769776  .00000028  00000+0  00000+0 0  9998
2 23247  12.2305 353.8775 0114242 356.6125   3.3466  0.99586723 26518
ETS 6 DEB               
1 23248U 94056C   26259.22797623 -.00000152  00000+0  00000+0 0  9992
2 23248  12.1376 134.3075 5149000  13.4733 174.8095  1.70300973199254
COSMOS 2291             
1 23267U 94060A   26282.94892819 -.00000065  00000+0  00000+0 0  9999
2 23267  14.1138 348.7577 0008102 238.5716 128.8791  1.00289433117357
SL-12 R/B(2)            
1 23270U 94060D   26261.71539560 -.00000014  00000+0  00000+0 0  9990
2 23270  14.2276 349.3755 0007630 161.5294 173.7463  1.00053610116474
THAICOM 2               
1 23314U 94065B   26282.55637657 -.00000148  00000+0  00000+0 0  9993
2 23314  11.6845  37.5974 0005239 196.3073 157.7373  0.99596107 47508
EXPRESS 1               
1 23319U 94067A   26283.11641949 -.00000359  00000+0  00000+0 0  9996
2 23319  14.5510   1.1284 0007145 250.1825 289.5892  0.99826896116729
SL-12 R/B(2)            
1 23322U 94067D   26283.16164502 -.00000220  00000+0  00000+0 0  9997
2 23322  13.8008 344.0230 0006478 162.2578 205.1521  1.00163820117169
ELEKTRO (GOMS 1)        
1 23327U 94069A   26281.83173997 -.00000188  00000+0  00000+0 0  9997
2 23327  14.4379 348.4119 0009933 267.7465 142.9566  1.00271258117017
SL-12 R/B(2)            
1 23330U 94069D   26282.48320318 -.00000135  00000+0  00000+0 0  9996
2 23330  14.4386 348.4494 0021218 160.8707 206.6901  1.00143434116808
DFH 3-1                 
1 23415U 94080A   26283.23446553 -.00000238  00000+0  00000+0 0  9991
2 23415  13.6124 343.6726 0095929  25.1978  47.8923  1.00962291136835
LUCH                    
1 23426U 94082A   26282.33435558  .00000085  00000+0  00000+0 0  9997
2 23426  14.7359 353.6996 0007239 221.4385 138.5043  1.00184082116405
RADUGA 32               
1 23448U 94087A   26282.85172920 -.00000127  00000+0  00000+0 0  9992
2 23448  14.2771 350.1071 0009741 266.8506 144.2928  1.00261062134035
SL-12 R/B(2)            
1 23451U 94087D   26267.18075627 -.00000194  00000+0  00000+0 0  9995
2 23451  14.3031 350.2391 0008471 152.2103 200.2501  1.00062320 48260
UFO 4 (USA 108)         
1 23467U 95003A   26282.55620324 -.00000029  00000+0  00000+0 0  9996
2 23467   9.7193  12.6971 0003072 189.0022 189.0168  1.00273449116105
HIMAWARI-5 AKM          
1 23524U 95011D   26283.24500699 -.00000306  00000+0  00000+0 0  9996
2 23524  13.5650 347.3435 0216420  17.8176   1.9486  1.01259244 48257
TITAN 4 CENTAUR R/B     
1 23568U 95022B   26282.75588384 -.00000178  00000+0  00000+0 0  9995
2 23568  18.3516   5.0300 0006976 339.6102  20.3640  1.00563932 27058
SL-6 R/B(2)             
1 23587U 95026D   26282.18698056 -.00000831  00000+0  00000+0 0  9991
2 23587  66.6618 195.3352 6606394  28.6197 355.4615  2.03324119232905
TDRS 7                  
1 23613U 95035B   26282.86183006 -.00000246  00000+0  00000+0 0  9990
2 23613  13.2909 347.3912 0009832  98.2196 332.1596  1.00266751114404
ARIANE 42L+3 R/B        
1 23637U 95040B   26282.73395738 -.00000228  00000+0  45252-3 0  9997
2 23637   4.5760 298.3000 7206541  91.2574 323.4153  2.18791100249083
KOREASAT 1              
1 23639U 95041A   26282.85172929 -.00000014  00000+0  00000+0 0  9999
2 23639  14.7296 357.7328 0006073 243.2998 159.8442  0.99661631113674
MOLNIYA 3-47            
1 23642U 95042A   26282.40382410 -.00001109  00000+0  00000+0 0  9999
2 23642  64.8322 257.4701 6639829 267.9118  20.7793  2.01968124228820
SL-6 R/B(2)             
1 23645U 95042D   26282.02525713 -.00000911  00000+0  00000+0 0  9995
2 23645  64.7838 301.1647 6972913 269.7650  17.1794  1.99208879224192
ATLAS 2 CENTAUR R/B(2)  
1 23648U 95038C   26280.74239619 -.00000186  00000+0  00000+0 0  9991
2 23648  13.6606 344.4111 0022262 291.8291  67.9355  1.01269723 27220
COSMOS 2319             
1 23653U 95045A   26282.81585773  .00000106  00000+0  00000+0 0  9991
2 23653  14.3291 351.8498 0007360 262.2496 101.8427  1.00171592113943
SL-12 R/B(2)            
1 23656U 95045D   26282.54025895 -.00000274  00000+0  00000+0 0  9995
2 23656  14.3916 352.1431 0016937  58.0427 309.0367  1.00184414113814
TELSTAR 4 (TELSTAR 402R)
1 23670U 95049A   26283.10156734 -.00000198  00000+0  00000+0 0  9990
2 23670  13.6748  11.8140 0002541 259.4388  52.7344  1.00257287113658
LUCH-1                  
1 23680U 95054A   26282.85056097 -.00000096  00000+0  00000+0 0  9996
2 23680  15.0511 358.3166 0006397 165.8203 233.1308  1.00272309113500
ARIANE 42L+3 R/B        
1 23687U 95055B   26282.73180648  .00000147  00000+0  84433-3 0  9993
2 23687   4.4361 213.9880 7235348  71.4112 349.8953  2.22348540250610
USA 115 (MILSTAR-1 2)   
1 23712U 95060A   26283.11609384 -.00000209  00000+0  00000+0 0  9998
2 23712  14.1143   2.8803 0005399 170.3568 157.3044  1.00270759 34033
TITAN 401 CENTAUR R/B   
1 23713U 95060B   26258.13850307 -.00000279  00000+0  00000+0 0  9993
2 23713  14.4027 358.1494 0036752 227.7658 131.9410  1.00589070 26333
ISO                     
1 23715U 95062A   26282.29114069 -.00000139  00000+0  32291-2 0  9994
2 23715   0.4860  45.7036 8316620 277.1102   2.5666  1.02200916114865
ARIANE 44P+3 R/B        
1 23716U 95062B   26281.39254358 -.00000315  00000+0  19005-2 0  9995
2 23716   6.7538  13.5641 8378744  54.2698 356.4310  0.95005580107287
GALS 2                  
1 23717U 95063A   26282.36575002  .00000078  00000+0  00000+0 0  9994
2 23717  14.5179   1.7198 0006554 314.0310  39.2207  0.99887211112762
SL-12 R/B(2)            
1 23720U 95063D   26281.74961080  .00000057  00000+0  00000+0 0  9991
2 23720  14.1101 347.2999 0042506 198.9828 151.9007  1.00374368113122
INSAT-2C                
1 23731U 95067B   26282.41672955 -.00000016  00000+0  00000+0 0  9998
2 23731  14.3724   7.3784 0001304  10.1487 338.1712  0.99788872112543
GALAXY 3R (G-3R)        
1 23741U 95069A   26283.10781240 -.00000224  00000+0  00000+0 0  9997
2 23741  13.3974  15.3601 0003599 166.7680 147.7686  1.00318271112963
ABS-1A                  
1 23768U 96003A   26282.62172354 -.00000330  00000+0  00000+0 0  9999
2 23768  12.7608  24.6562 0003550 172.6410 188.2088  0.99801657112320
DELTA 2 R/B(2)          
1 23770U 96003C   26283.21021076 -.00000057  00000+0  00000+0 0  9998
2 23770  21.0278  92.1756 6878993  51.2039 274.7647  2.19761543246873
GORIZONT 31             
1 23775U 96005A   26283.01741017 -.00000222  00000+0  00000+0 0  9991
2 23775  14.3950 353.7305 0022427 251.2062 122.1241  0.99900198112203
PAKSAT 1 (ANATOLIA 1)   
1 23779U 96006A   26282.56062326  .00000013  00000+0  00000+0 0  9991
2 23779  11.0942  44.7679 0009482 184.3358 185.9456  0.99595737111992
POLAR                   
1 23802U 96013A   26279.72274735  .00000022  00000+0  00000+0 0  9999
2 23802  80.0081 225.7074 6585650 205.2585  97.6829  1.29845635146301
INMARSAT 3-F1           
1 23839U 96020A   26282.62455831 -.00000269  00000+0  00000+0 0  9992
2 23839  10.8366  45.5460 0007796 170.3999 176.1950  1.00002362111390
SL-12 R/B(2)            
1 23845U 96021D   26282.86153127 -.00000105  00000+0  00000+0 0  9998
2 23845   4.9674 219.4904 3963835 294.3744  40.5436  1.64337715183093
GALAXY 9 (G-9)          
1 23877U 96033A   26282.95456155  .00000015  00000+0  00000+0 0  9992
2 23877  12.2642  31.5092 0010773 180.4089 174.7286  0.99541371 47492
DELTA 2 R/B(2)          
1 23879U 96033C   26282.74270108 -.00000052  00000+0  00000+0 0  9995
2 23879  22.3578 241.0879 6789143  70.2998 347.7254  2.11149712 99347
GORIZONT 32             
1 23880U 96034A   26282.88316874 -.00000379  00000+0  00000+0 0  9996
2 23880  14.3767 354.1015 0008493 358.0080 100.0666  1.00167088111180
TURKSAT 1C              
1 23949U 96040B   26282.67072649 -.00000355  00000+0  00000+0 0  9999
2 23949  12.2319  29.2456 0008510 188.5927 170.8577  1.00290089110825
UFO 7 (USA 127)         
1 23967U 96042A   26283.25412407 -.00000250  00000+0  00000+0 0  9990
2 23967  11.2291  16.4302 0005819 142.0412 233.9241  1.00171297110642
ITALSAT 2               
1 24208U 96044A   26282.67177178 -.00000244  00000+0  00000+0 0  9992
2 24208  13.8549   5.9476 0025355 162.7059 227.3810  1.00778871110755
INMARSAT 3-F2           
1 24307U 96053A   26283.02703022  .00000118  00000+0  00000+0 0  9994
2 24307  10.1129  52.7399 0005720 147.0752 219.2216  0.99988972110070
ECHOSTAR 2              
1 24313U 96055A   26283.16313385 -.00000300  00000+0  00000+0 0  9991
2 24313  12.1459  30.6229 0010468 107.7055 238.3050  1.00289357110168
AMC-1 (GE-1)            
1 24315U 96054A   26282.87952876 -.00000203  00000+0  00000+0 0  9995
2 24315   9.3900  57.8787 0009322 209.9705 172.6550  0.99504310 47387
EXPRESS 2               
1 24435U 96058A   26282.87697600 -.00000339  00000+0  00000+0 0  9993
2 24435  14.5552 353.4585 0009235 349.4457  93.4711  1.00257963109963
AFRICASAT-2 (MEASAT-2)  
1 24653U 96063B   26282.15658553 -.00000290  00000+0  00000+0 0  9992
2 24653  12.4270  28.0879 0006500 201.5715 158.2780  0.99657720109415
INMARSAT 3-F3           
1 24674U 96070A   26283.25602552 -.00000240  00000+0  00000+0 0  9998
2 24674  10.5632  48.5156 0007043 173.2680 176.3600  0.99983129109050
ATLAS 2A CENTAUR R/B    
1 24675U 96070B   26282.78794707 -.00000103  00000+0  00000+0 0  9998
2 24675  22.3464 113.0123 6991310  57.9623  53.5064  2.22634525242472
ISO DEB                 
1 24700U 95062C   26283.14710679 -.00000287  00000+0  00000+0 0  9997
2 24700   5.0168  23.1458 8260550  44.6295 345.1686  1.00128812 44132
AMC-2 (GE-2)            
1 24713U 97002A   26282.92540488  .00000068  00000+0  00000+0 0  9997
2 24713  11.0487  44.1617 0007312 166.0417  18.7281  0.99466683108569
IUS R/B(2)              
1 24740U 97008D   26282.78255952  .00000066  00000+0  00000+0 0  9994
2 24740  14.6758   3.0886 0024989 202.0259 157.8604  0.99494462 26935
COSMOS 2340             
1 24761U 97015A   26281.89319833 -.00000655  00000+0  00000+0 0  9990
2 24761  65.3344 140.9386 6278964 150.6838 267.7047  2.00788586216120
SL-6 R/B(2)             
1 24764U 97015D   26279.72700033 -.00000551  00000+0  00000+0 0  9993
2 24764  66.9182  68.0230 5970646 130.9124 298.7474  2.03157903218791
THAICOM 3               
1 24768U 97016A   26283.25412557 -.00000088  00000+0  00000+0 0  9997
2 24768  13.1717  24.2889 0085280  54.1001 315.0191  0.98751683107089
GOES 10                 
1 24786U 97019A   26279.22846764 -.00000134  00000+0  00000+0 0  9995
2 24786  13.2575  20.2563 0031736 240.1708 120.9124  0.99122734107174
DFH 3-2                 
1 24798U 97021A   26282.80762198 -.00000206  00000+0  00000+0 0  9997
2 24798  13.5998  12.9362 0006992 142.2664 241.1222  1.00172578107677
COSMOS 2342             
1 24800U 97022A   26279.63455843 -.00000638  00000+0  00000+0 0  9994
2 24800  67.6276 239.9284 6450477 124.6148 313.7327  1.99596121214631
SL-6 R/B(2)             
1 24803U 97022D   26283.19870382  .00000841  00000+0  00000+0 0  9997
2 24803  68.4484 287.1925 6041044  62.7074 345.5844  2.04226611219315
DELTA 2 R/B(2)          
1 24810U 97025C   26281.58748013 -.00000111  00000+0  00000+0 0  9995
2 24810  18.7894 163.0648 6969249 249.0940  14.9659  2.16108999232090
SL-12 R/B(2)            
1 24815U 97026D   26277.42852612 -.00000114  00000+0  00000+0 0  9993
2 24815  19.2581 357.6008 5343483 101.1836 316.8237  1.89869116203618
INMARSAT 3-F4           
1 24819U 97027A   26282.82357110 -.00000028  00000+0  00000+0 0  9995
2 24819  11.7313  36.7608 0007516  92.3533 268.5081  0.99493540107209
INSAT-2D                
1 24820U 97027B   26267.51919365 -.00000092  00000+0  00000+0 0  9993
2 24820  12.6470 344.6697 0333267 132.4227 265.3180  1.04790926 50549
PAS 6                   
1 24891U 97040A   26282.74765076 -.00000180  00000+0  00000+0 0  9994
2 24891   8.7347 328.6463 0691034 255.7229 116.4719  0.93697678 77987
COSMOS 2345             
1 24894U 97041A   26283.24217465 -.00000130  00000+0  00000+0 0  9993
2 24894  14.4120 356.8727 0165599 302.8344  48.9269  1.00390967106806
SL-12 R/B(2)            
1 24897U 97041D   26260.52822500 -.00000008  00000+0  00000+0 0  9998
2 24897  14.5209 357.4243 0357733 304.0526  78.2353  1.00010652106289
SL-12 R/B(2)            
1 24919U 97046D   26282.80346435 -.00000068  00000+0  00000+0 0  9997
2 24919  13.2753 106.9659 4781123  29.9984 112.0411  1.79817387191205
ATLAS 2AS CENTAUR R/B   
1 24937U 97050B   26283.04234649  .00001931  00000+0  14691-2 0  9995
2 24937  18.5491 266.4807 7276070  48.9555 354.2325  2.25930439217644
TITAN 3C TRANSTAGE DEB  
1 25000U 68081G   26283.08059045 -.00000349  00000+0  00000+0 0  9997
2 25000   2.1305  47.7660 0112413 287.2155  13.1077  1.01033248126473
TITAN 3C TRANSTAGE DEB  
1 25001U 68081H   26283.14550407 -.00000244  00000+0  00000+0 0  9997
2 25001   2.2822  54.9585 0058941 356.4066 289.2438  1.01695308119481
USA 134                 
1 25019U 97065A   26283.24447933 -.00000067  00000+0  00000+0 0  9993
2 25019  12.9211  20.8403 0003860 268.2923  65.3004  1.00271979 34103
IABS R/B                
1 25021U 97065C   26259.42505308 -.00000093  00000+0  00000+0 0  9999
2 25021  14.1558 351.4088 0050637 210.7629 179.7182  1.01055273107426
KUPON                   
1 25045U 97070A   26282.71460993 -.00000140  00000+0  00000+0 0  9992
2 25045  14.5401 353.7442 0005083 302.9859  56.9609  1.00233545105793
SL-12 R/B(2)            
1 25048U 97070D   26255.88864464  .00000089  00000+0  00000+0 0  9995
2 25048  14.7250 353.5747 0014763 170.6174 199.6350  0.99633044104906
INDOSTAR 1              
1 25050U 97071B   26282.84448690 -.00000060  00000+0  00000+0 0  9994
2 25050  13.0833  19.1603 0003312 263.0020 107.7577  1.00360865105957
EQUATOR S               
1 25068U 97075B   26282.30399060 -.00000074  00000+0  11088-2 0  9990
2 25068   2.3687 225.8098 8293755  34.1371 357.8557  1.07781441113694
SL-12 R/B(2)            
1 25074U 97076D   26280.42515325 -.00000125  00000+0  00000+0 0  9999
2 25074  14.0480   8.7181 4366936  61.8526 359.6125  1.71945880181135
GALAXY 8 (G-8)          
1 25086U 97078A   26282.94918819 -.00000151  00000+0  00000+0 0  9997
2 25086  14.1252   9.0262 0003176  73.4549 274.9389  0.99706661105086
INTELSAT 804 (IS-804)   
1 25110U 97083A   26282.51830620 -.00000104  00000+0  00000+0 0  9995
2 25110  13.2670  16.7475 0005793  17.3734 334.3830  1.00272141105478
HGS 1 (ASIASAT 3)       
1 25126U 97086A   26274.17519550 -.00000267  00000+0  00000+0 0  9994
2 25126  13.3319  30.8248 0048050  52.7930 311.3048  1.00246289106207
DELTA 2 R/B(2)          
1 25136U 98002C   26282.99572840 -.00000152  00000+0  00000+0 0  9997
2 25136  23.6153  68.5172 6983241 349.7581 221.8642  2.19856596230931
ATLAS 2A R/B            
1 25149U 98005B   26282.58692498  .00000136  00000+0  00000+0 0  9992
2 25149  62.1275 164.5266 6741598 281.7255  15.0011  2.06884985 54351
INMARSAT 3-F5           
1 25153U 98006B   26283.09952812 -.00000295  00000+0  00000+0 0  9991
2 25153   9.9463  52.0830 0004599 149.3550 159.1550  1.00272834105044
UFO 8 (USA 138)         
1 25258U 98016A   26281.62488507 -.00000241  00000+0  00000+0 0  9991
2 25258  11.2704  22.0397 0005839 234.4451 134.2573  1.00249150105003
COSMOS 2350             
1 25315U 98025A   26282.85351214 -.00000175  00000+0  00000+0 0  9991
2 25315  14.0048   2.9949 0006938 185.6163 218.1355  1.00276356104161
SL-12 R/B(2)            
1 25318U 98025D   26258.87136582  .00000000  00000+0  00000+0 0  9994
2 25318  14.0202   3.2072 0029856 138.4318 234.4844  1.00032726103680
COSMOS 2351             
1 25327U 98027A   26282.41086583  .00000991  00000+0  00000+0 0  9997
2 25327  63.9344 105.8694 6981139 180.0582 179.9219  2.00698594208252
SL-12 R/B(2)            
1 25334U 98028D   26281.10281478 -.00000195  00000+0  00000+0 0  9998
2 25334  17.3475 342.4183 4857616  10.8175 351.3596  1.82177768189108
TITAN 4B CENTAUR R/B    
1 25337U 98029B   26282.51546484 -.00000322  00000+0  00000+0 0  9991
2 25337   7.5540 342.3188 0046688 181.5507 178.3456  1.00262875 26992
TITAN 4B CENTAUR R/B    
1 25349U 96026B   26262.42604101  .00000019  00000+0  00000+0 0  9990
2 25349   6.8348 350.6803 0445441  39.6714 323.5163  0.99566607 26572
METEOSAT-7 AKM          
1 25353U 97049E   26282.24200761 -.00000165  00000+0  00000+0 0  9990
2 25353  14.1912 358.3797 0073747 336.4477  23.2162  1.00654820112659
DELTA 2 R/B(2)          
1 25360U 98035C   26281.50749654 -.00000067  00000+0  00000+0 0  9992
2 25360  18.5425 145.0421 6951204  85.1889  34.9026  2.11094320218238
INTELSAT 805 (IS-805)   
1 25371U 98037A   26282.22565917 -.00000237  00000+0  00000+0 0  9993
2 25371   8.1122  64.6767 0040043 191.4533 145.2223  0.99471457103499
CZ-3B R/B               
1 25405U 98044B   26283.00822215 -.00000005  00000+0  53978-3 0  9992
2 25405  18.9730 316.7174 7159796 157.8999 263.1720  2.25768386232686
SL-12 R/B(2)            
1 25465U 98050D   26283.26215792 -.00000117  00000+0  00000+0 0  9997
2 25465  14.9789  68.8238 4957335  94.0871  28.0717  1.82826353 88438
SL-12 R/B(2)            
1 25525U 98065D   26282.70415170 -.00000130  00000+0  00000+0 0  9995
2 25525  17.3004  85.7166 5241743 276.1851  29.2250  1.88161499191979
ARIANE 44LP DEB         
1 25538U 88109E   26283.14504427 -.00000073  00000+0 -14887-3 0  9999
2 25538   6.9371  74.3178 7184685  18.1689 243.9649  2.24170524228694
DELTA 2 R/B(2)          
1 25548U 98068C   26282.97010072  .00000037  00000+0  00000+0 0  9999
2 25548  19.1583 165.4958 6994995 294.9492  10.0641  2.15166235219253
TITAN 34B AGENA D DEB   
1 25588U 83078E   26282.39367809  .00000079  00000+0  38934-3 0  9994
2 25588  63.6168  24.9985 7277329 272.7473  13.9783  2.20166269 59454
FENGYUN 2A AKM          
1 25611U 97029C   26282.48415652 -.00000044  00000+0  00000+0 0  9994
2 25611  13.8327 352.3574 0223080  83.4871 287.3943  1.02876354 49764
SL-12 R/B(2)            
1 25629U 99005D   26267.57867725 -.00000067  00000+0  00000+0 0  9999
2 25629  16.5865 166.9548 5334311 305.1817   4.2887  1.89591984191151
BADR-3 (ARABSAT-3A)     
1 25638U 99009A   26282.58219519 -.00000248  00000+0  00000+0 0  9994
2 25638  12.1198  31.5387 0001667 303.3519  41.4960  1.00176477101109
RADUGA-1 4              
1 25642U 99010A   26282.84507128 -.00000035  00000+0  00000+0 0  9990
2 25642  15.6666   0.6483 0006812 278.3694 111.2027  1.00191588101108
SL-12 R/B(2)            
1 25660U 99013D   26262.62232994 -.00000129  00000+0  00000+0 0  9997
2 25660  13.1294  93.5336 4597345 105.0517 325.5666  1.74923481175753
SEA LAUNCH DEMO         
1 25661U 99014A   26283.03836442 -.00000060  00000+0  65353-3 0  9995
2 25661   1.2337 311.0121 7155370  22.7565 357.4072  2.23255353224671
BLOCK DM-SL R/B         
1 25662U 99014B   26283.25955791 -.00000165  00000+0  40887-3 0  9990
2 25662   0.9395 246.0898 7179881 158.1251 230.3677  2.24375261225728
INSAT-2E (APR-1)        
1 25666U 99016A   26282.75995749 -.00000330  00000+0  00000+0 0  9990
2 25666  11.5654  39.2913 0008986 289.8997  84.2484  0.99656873 52582
SL-12 R/B(2)            
1 25743U 99027D   26263.63481532 -.00000033  00000+0  00000+0 0  9994
2 25743  16.3503 228.6529 5215976 197.7034 145.8841  1.87832989187676
SL-12 R/B(2)            
1 25788U 99033D   26279.85947619 -.00000071  00000+0  00000+0 0  9996
2 25788  17.5013 356.8032 5075274 114.4318 302.1853  1.85810997185192
MOLNIYA 3-50            
1 25847U 99036A   26280.66640351  .00000091  00000+0  00000+0 0  9990
2 25847  63.5327 144.0726 6766098 276.0552  16.6756  2.00631201199675
SL-6 R/B(2)             
1 25850U 99036D   26282.66305204 -.00000540  00000+0  00000+0 0  9991
2 25850  63.7676 192.1117 6788007 280.8185  14.9394  1.96701125195600
CXO                     
1 25867U 99040B   26285.73356490  .00000685  00000+0  00000+0 0  9997
2 25867  57.7813 113.5954 7652945 309.1386   0.2050  0.37805872 17765
IUS R/B(2)              
1 25869U 99040D   26282.73593887 -.00000119  00000+0  00000+0 0  9992
2 25869  27.1757 151.7494 8349882  81.3504 354.1270  0.97241158 96661
TELKOM 1                
1 25880U 99042A   26282.96227492  .00000016  00000+0  00000+0 0  9993
2 25880   7.9581  64.9113 0014940 258.2102 105.1939  1.00258047 99549
ABS-7                   
1 25894U 99046A   26282.72919069 -.00000264  00000+0  00000+0 0  9990
2 25894   6.7623  69.3388 0004380 163.4997  14.2491  0.99974394 98221
YAMAL 101               
1 25896U 99047A   26282.95083487 -.00000060  00000+0  00000+0 0  9998
2 25896  14.6327 358.6134 0086494  65.8265 303.0618  0.99872194 98959
YAMAL 102               
1 25897U 99047B   26282.50224713 -.00000291  00000+0  00000+0 0  9995
2 25897  13.7818  11.8283 0001427 315.1518  19.5868  1.00000015 99138
ABS-6                   
1 25924U 99053A   26283.26631793 -.00000127  00000+0  00000+0 0  9995
2 25924   0.0548  84.5535 0001811 153.7385  35.4849  1.00271253 98993
SL-12 R/B(2)            
1 25927U 99053D   26282.47726876 -.00000205  00000+0  00000+0 0  9994
2 25927  17.5110 301.2749 5338218 305.5344 110.1439  1.89349778186596
BLOCK DM-SL R/B         
1 25938U 99056B   26282.83288834 -.00000038  00000+0  00000+0 0  9990
2 25938   0.8706 348.0278 6461370 131.6366 318.8586  2.12160849209244
UFO 10 (USA 146)        
1 25967U 99063A   26283.08778382 -.00000193  00000+0  00000+0 0  9992
2 25967   9.9545  26.5874 0005118 208.8031 152.1127  1.00272125 98503
XMM-NEWTON              
1 25989U 99066A   26285.03543818  .00000037  00000+0  00000+0 0  9996
2 25989  63.8740 281.4730 4642736  62.7983   0.2142  0.50128242 23597
ARIANE 5 R/B            
1 25990U 99066B   26283.94854393 -.00000168  00000+0  00000+0 0  9995
2 25990  71.5371 302.5552 5849265 111.7737 359.8777  0.55304338 25991
COSMOS 2368             
1 26042U 99073A   26282.51411270  .00000691  00000+0  00000+0 0  9997
2 26042  66.7582 286.6809 6415412 159.9129 245.9457  2.00428091196219
SL-6 R/B(2)             
1 26045U 99073D   26282.30679656  .00057973 -12133-5  29932-3 0  9992
2 26045  62.3276  98.9402 7342502 208.4814  75.8582  2.25953105199643
IABS R/B                
1 26054U 00001C   26255.90921313 -.00000007  00000+0  00000+0 0  9992
2 26054  14.1254 358.8811 0027870 331.1681  28.6995  1.01181525 26974
GALAXY 10R (G-10R)      
1 26056U 00002A   26282.62432355 -.00000267  00000+0  00000+0 0  9995
2 26056  12.3537  30.2717 0007649 180.8726 188.4883  0.99646511 97478
GARUDA 1                
1 26089U 00011A   26279.16918737 -.00000186  00000+0  00000+0 0  9999
2 26089   9.9197  62.4761 0004877 168.7878 189.3774  0.99922123 42764
SL-12 R/B(2)            
1 26090U 00011B   26268.51780897 -.00000182  00000+0  00000+0 0  9998
2 26090  16.0078 218.4693 5329901 340.2971 215.6659  1.90707524185417
SL-12 R/B(2)            
1 26101U 00013D   26260.52822500  .00000097  00000+0  00000+0 0  9998
2 26101  14.3504   0.0814 0005814  79.6760 305.1231  1.00755925 97572
ASIASTAR                
1 26107U 00016A   26282.87952870 -.00000337  00000+0  00000+0 0  9991
2 26107   9.3941  56.8980 0004101 151.2806 231.9423  1.00269388 97073
INSAT-3B                
1 26108U 00016B   26275.17426889 -.00000274  00000+0  00000+0 0  9993
2 26108  11.0749  44.4980 0008520 213.0483 143.5569  0.99663466 52498
IMAGE                   
1 26113U 00017A   26282.11201094  .00000106  00000+0  00000+0 0  9994
2 26113  94.2900 316.7790 7361739 275.1354  12.6611  1.68668712163423
DELTA 2 R/B(2)          
1 26115U 00017C   26282.01310792  .00000133  00000+0  17510-1 0  9997
2 26115  94.2747 316.9499 7379542 277.9221  11.8160  1.68225401163015
SL-12 R/B(2)            
1 26246U 00019D   26282.84737797  .00000025  00000+0  00000+0 0  9997
2 26246  14.7625   1.0083 0014439 314.8719  79.1906  0.99554611 96246
GALAXY 4R (G-4R)        
1 26298U 00020A   26277.66816061 -.00000292  00000+0  00000+0 0  9999
2 26298  12.8856  23.2078 0008081 212.8132 341.9238  0.99840961 96716
IUS R/B(2)              
1 26359U 00024D   26282.70498523 -.00000215  00000+0  00000+0 0  9996
2 26359  13.4142  11.7669 0005640 189.8271 170.1512  0.99702893 26511
GORIZONT 33             
1 26372U 00029A   26282.73447633  .00000056  00000+0  00000+0 0  9997
2 26372  13.9363   5.9461 0003787 242.8589  49.2074  1.00216144 96577
BREEZE-M R/B            
1 26373U 00029B   26283.06330252 -.00000384  00000+0  00000+0 0  9998
2 26373  13.6114   6.0290 0257911 341.2223 352.9159  1.00374791 96582
SL-12 R/B(2)            
1 26381U 00031D   26282.86854962 -.00000133  00000+0  00000+0 0  9998
2 26381  14.6552   2.4835 0009692 123.9074 300.3493  0.99435061 95451
FENGYUN 2B              
1 26382U 00032A   26283.24519058 -.00000080  00000+0  00000+0 0  9998
2 26382  13.3830  16.0296 0003533 284.6383  60.2992  1.00069481 96072
TDRS 8                  
1 26388U 00034A   26282.85549656 -.00000201  00000+0  00000+0 0  9994
2 26388  12.8629  30.3286 0001533 170.8487 210.0740  1.00275902 96337
SL-12 R/B(2)            
1 26393U 00035D   26282.26841071  .00000145  00000+0  00000+0 0  9998
2 26393  61.8217 163.7247 5174466 291.4636  22.2973  1.45659237139756
COSMOS 2371             
1 26394U 00036A   26282.84857709 -.00000092  00000+0  00000+0 0  9991
2 26394  14.0543   6.6411 0003466 199.7963 189.7019  1.00281773 96193
SL-12 R/B(2)            
1 26397U 00036D   26259.13656122 -.00000264  00000+0  00000+0 0  9997
2 26397  14.0108   6.6925 0015839  81.5439 282.3943  1.00196590 48247
BLOCK DM-SL R/B         
1 26452U 00043B   26282.84272453 -.00000210  00000+0  00000+0 0  9993
2 26452   1.6760  43.9093 6703931 330.2895  35.1028  2.16744890207085
FENGYUN 2B AKM          
1 26460U 00032C   26282.62873873 -.00000382  00000+0  00000+0 0  9999
2 26460  14.4833   5.3349 0021491  44.5181 315.6473  1.00164584123337
RADUGA-1 5              
1 26477U 00049A   26279.68924191  .00000035  00000+0  00000+0 0  9991
2 26477  14.0305   7.2225 0000680  99.1329 215.2014  1.00216506 95534
SL-12 R/B(2)            
1 26486U 00051D   26283.06511198  .00000021  00000+0  00000+0 0  9995
2 26486  63.2288 237.8720 6535607 277.8081 237.2016  1.45766936138911
ARIANE 5 R/B            
1 26496U 00054C   26282.95479834 -.00000113  00000+0  82443-3 0  9994
2 26496   6.8385 175.0150 7171136  13.6148 358.5121  2.24236618213541
NSS-11                  
1 26554U 00059A   26283.26969794  .00000019  00000+0  00000+0 0  9997
2 26554   2.4179  79.8815 0002931 121.8189  90.2874  1.00271397 42444
SL-12 R/B(2)            
1 26557U 00059D   26283.09567052 -.00000105  00000+0  00000+0 0  9999
2 26557  15.4056  64.7043 5081058  89.9470 323.4641  1.86636177177403
USA 153                 
1 26575U 00065A   26282.67338559 -.00000329  00000+0  00000+0 0  9995
2 26575  11.8213  34.4480 0001076 130.3208 230.3593  1.00276257 34087
IABS R/B                
1 26577U 00065C   26276.10044329 -.00000210  00000+0  00000+0 0  9996
2 26577  13.9898   0.7795 0058062 280.8789  78.4841  1.01180876 27315
AMC-6                   
1 26580U 00067A   26282.99425507  .00000079  00000+0  00000+0 0  9999
2 26580   0.4411  83.2715 0004862 131.6812  26.5544  1.00273208 95048
SL-12 R/B(2)            
1 26583U 00067D   26282.86130116  .00000073  00000+0  00000+0 0  9991
2 26583  17.3843 254.0782 5544860  45.5334 348.2894  1.93857763183465
PHASE 3D (AO-40)        
1 26609U 00072B   26282.70476016 -.00000454  00000+0  00000+0 0  9995
2 26609   9.3199 332.6991 7937980 215.0142  47.6521  1.25589376118952
STRV 1C                 
1 26610U 00072C   26283.13883763 -.00000311  00000+0  48231-2 0  9999
2 26610   7.1594 333.8540 7344271 253.4651  20.3523  2.03550952192438
STRV 1D                 
1 26611U 00072D   26282.80015629  .00000142  00000+0  55773-3 0  9992
2 26611   7.1556 335.0726 7346089 250.8969  21.6585  2.03406044 92825
ARIANE 5 R/B            
1 26612U 00072E   26283.11143234 -.00000312  00000+0 -19255-2 0  9997
2 26612   7.0315  16.8089 7343232 165.5939 240.7299  2.01776608190953
ARIANE 5 DEB [SYLDA]    
1 26613U 00072F   26282.91699572 -.00000071  00000+0  11143-2 0  9995
2 26613   7.1325 344.8062 7345805 230.9023  35.9875  2.03135252191647
SL-12 R/B(2)            
1 26629U 00077D   26283.25584291  .00000018  00000+0  00000+0 0  9993
2 26629  61.3092  69.4542 6742373 261.6021  22.9603  1.45597647137368
CHINASAT 31 (BEIDOU-1 *)
1 26643U 00082A   26283.25546608 -.00000151  00000+0  00000+0 0  9994
2 26643  12.7569  26.4180 0078660  92.5209 278.0124  0.99251330 53226
COSMOS 1285 DEB         
1 26680U 81071L   26283.27267098  .00001580  00000+0  32593-2 0  9998
2 26680  62.6578 348.6450 7438902  46.4735 354.9230  1.98391487210289
USA 157 (MILSTAR-2 2)   
1 26715U 01009A   26283.21199409  .00000104  00000+0  00000+0 0  9990
2 26715  11.6703  19.0276 0042786 181.8435 104.2773  1.00276742 34092
TITAN 4 CENTAUR R/B     
1 26716U 01009B   26282.68550131 -.00000374  00000+0  00000+0 0  9994
2 26716  12.7154  11.5581 0014645 153.1204 206.9430  1.00484759 27406
ARIANE 2 DEB            
1 26717U 89006C   26283.00467013  .00000007  00000+0  24373-3 0  9996
2 26717   8.1051 102.6372 7152959  21.3873 152.7296  2.26366129213075
ARIANE 5 R/B            
1 26721U 01011C   26283.16052500 -.00000130  00000+0  78556-3 0  9999
2 26721   1.4192 254.2185 7045141 275.7088 240.6572  2.24568427210002
ARIANE 5 DEB [SYLDA]    
1 26722U 01011D   26283.20188622 -.00000196  00000+0 -88719-2 0  9994
2 26722   1.8439 281.1932 7065830 222.1979  52.7305  2.22960296208485
BLOCK DM-SL R/B         
1 26725U 01012B   26283.23012323 -.00000146  00000+0  27844-2 0  9991
2 26725   1.3055 328.1037 7050419 213.7393  57.0980  2.23580745208900
EKRAN 21                
1 26736U 01014A   26278.43982564 -.00000038  00000+0  00000+0 0  9996
2 26736  14.7256  12.2441 0027528  78.2680 271.7765  0.99591747 93020
BREEZE-M R/B            
1 26738U 01014C   26268.11490795 -.00000023  00000+0  00000+0 0  9996
2 26738  15.3444  13.4510 0180049 237.5804  42.6786  0.97963366 91130
GSAT-1                  
1 26745U 01015A   26259.07151182 -.00000096  00000+0  00000+0 0  9994
2 26745  12.8288   3.0951 0234269 295.5406  77.4181  1.03820427 96471
BLOCK DM-SL R/B         
1 26762U 01018B   26283.25069120 -.00000131  00000+0  53633-2 0  9996
2 26762   1.3890  18.9378 7058112 196.8411 127.4772  2.23853007208017
ARIANE 3 DEB            
1 26807U 88081H   26275.17313465 -.00000092  00000+0  00000+0 0  9990
2 26807   6.3457 294.1381 7046622 116.8985 352.7177  2.17347347214932
ARIANE 44LP DEB         
1 26812U 88109P   26282.67476378 -.00000135  00000+0  00000+0 0  9991
2 26812   6.1079 124.3894 7017308 296.6173 326.5778  2.21731854232733
IUS R/B(2)              
1 26883U 01033D   26282.84914612  .00000101  00000+0  00000+0 0  9999
2 26883  13.0346  15.8943 0006253   9.1924 350.8065  0.99888203 26931
COSMOS 2379             
1 26892U 01037A   26282.68880384 -.00000380  00000+0  00000+0 0  9993
2 26892  13.3595  13.4219 0006997 241.7219 133.4682  1.00217420 92018
SL-12 R/B(2)            
1 26895U 01037D   26258.93983347  .00000120  00000+0  00000+0 0  9991
2 26895  13.3383  13.8405 0019265  85.6747 274.4290  1.00219829 91701
INTELSAT 902 (IS-902)   
1 26900U 01039A   26282.86855131 -.00000288  00000+0  00000+0 0  9994
2 26900   6.4005  70.3306 0004040 130.2833  80.5102  1.00273114 91848
COSMOS 917 DEB          
1 26964U 77047E   26280.18649906  .00001231  00000+0  00000+0 0  9998
2 26964  61.2428 273.9169 7280174  40.7121 355.3411  2.02628016579643
ARIANE 3 DEB            
1 27027U 88081K   26282.37138712 -.00000086  00000+0  69779-2 0  9999
2 27027   8.2614 257.6131 7108341 113.1012   6.5525  2.21375394221777
ARIANE 2 DEB            
1 27034U 89006P   26282.87677637 -.00000089  00000+0  15591-2 0  9990
2 27034   7.7660 256.4009 7102076  88.3477  18.6368  2.24862247207187
ARIANE 2 DEB            
1 27039U 89006U   26282.68858198  .00000010  00000+0  82115-4 0  9998
2 27039   8.0182 110.2238 7153979   6.4999   8.2026  2.26241039208756
ARIANE 2 DEB            
1 27042U 89006X   26281.13903262 -.00000221  00000+0  56151-3 0  9999
2 27042   7.8385 221.0782 7112086 154.6741 351.3782  2.25327154104053
ARIANE 2 DEB            
1 27043U 89006Y   26275.06636524 -.00000219  00000+0 -30108-3 0  9991
2 27043   7.8641 239.2594 7107910 119.6127 354.1820  2.25078747206924
ARIANE 2 DEB            
1 27046U 89006AB  26266.52348242 -.00000643  00000+0 -27708-1 0  9993
2 27046   8.2940 321.7901 7090761 321.4203  30.0539  2.24274322113960
USA 164 (MILSTAR-2 3)   
1 27168U 02001A   26282.95352155  .00000090  00000+0  00000+0 0  9999
2 27168  11.3206  21.1876 0097926   7.5027 352.0905  1.00267913 34109
TITAN 4 CENTAUR R/B     
1 27169U 02001B   26282.57415482 -.00000098  00000+0  00000+0 0  9990
2 27169  10.3445  29.1733 0051080 140.5849 219.7789  1.00231747 27528
ARIANE 42L R/B          
1 27299U 02002B   26282.68115563  .00000287  00000+0  14735-2 0  9996
2 27299   4.3393  42.8706 7254111 212.2635  68.3156  2.22302932199353
ECHOSTAR 7              
1 27378U 02006A   26283.26753127 -.00000154  00000+0  00000+0 0  9998
2 27378   4.3049  75.9113 0002318 134.6435  70.0747  0.99850941 51685
INTELSAT 904 (IS-904)   
1 27380U 02007A   26282.80095101 -.00000230  00000+0  00000+0 0  9997
2 27380   7.2015  67.7635 0003443 142.2110  65.2938  1.00270484 52912
SL-12 R/B(2)            
1 27404U 02016B   26283.22384884 -.00000110  00000+0  00000+0 0  9997
2 27404  25.3580 307.3627 6223850 193.7596 134.9987  2.06291921184888
DIRECTV 5 (TEMPO 1)     
1 27426U 02023A   26283.24168128 -.00000062  00000+0  00000+0 0  9998
2 27426   5.1663  73.8186 0003259 136.6664 145.2932  1.00272256 89275
SL-12 R/B(2)            
1 27429U 02023D   26282.49475100  .00000019  00000+0  00000+0 0  9999
2 27429  16.7106 179.8341 5417300  99.2235  95.3551  1.90581777170124
INTELSAT 905 (IS-905)   
1 27438U 02027A   26283.14267929  .00000090  00000+0  00000+0 0  9993
2 27438   7.0371  68.3670 0003812 161.2221  63.3443  1.00271889 52515
GALAXY 3C (G-3C)        
1 27445U 02030A   26282.57457667 -.00000160  00000+0  00000+0 0  9990
2 27445   4.0332  76.5511 0001245  49.7930   3.8768  1.00271654 47644
BLOCK DM-SL R/B         
1 27446U 02030B   26282.85222570  .00000058  00000+0  91903-3 0  9996
2 27446   1.0581  39.1794 7481893 300.6924   7.2074  1.96286595172952
ARIANE 5 R/B            
1 27462U 02035C   26283.25479786 -.00000126  00000+0  15049-2 0  9990
2 27462   5.4748  56.2618 7171949 158.8833 173.0265  2.22722486197504
SL-12 R/B(2)            
1 27504U 02039B   26280.90336116 -.00000287  00000+0  00000+0 0  9995
2 27504  22.0948 122.6680 5949223 253.2344  36.6318  2.01826092177830
ARIANE 5 DEB [SYLDA]    
1 27511U 02040D   26282.54905914  .00000150  00000+0  27922-2 0  9998
2 27511   6.0329  40.2012 7151501 275.6209 276.3284  2.25874923198448
INTELSAT 906 (IS-906)   
1 27513U 02041A   26283.03370359  .00000008  00000+0  00000+0 0  9992
2 27513   6.0880  71.4539 0003917 149.1454 234.3570  1.00272173 88181
KODAMA (DRTS)           
1 27516U 02042B   26282.47649674 -.00000049  00000+0  00000+0 0  9998
2 27516  11.4740  40.8650 0020461 226.2974 189.4483  0.99269206 46727
HISPASAT 30W-4          
1 27528U 02044A   26282.89983810 -.00000130  00000+0  00000+0 0  9993
2 27528   6.8414  69.2488 0051780 145.8687 236.1843  0.98928157 87883
INTEGRAL                
1 27540U 02048A   26281.32514177 -.00000386  00000+0  00000+0 0  9997
2 27540  88.8540 341.9582 8759966 256.9403  14.5304  0.37573641 27062
EUTELSAT 33B            
1 27554U 02051A   26279.60363384  .00000105  00000+0  00000+0 0  9994
2 27554   9.2398  58.6287 0008683 329.3873 224.0658  1.00293418 49910
ARIANE 2 DEB            
1 27625U 88098H   26283.09541052  .00000385  00000+0  22040-1 0  9996
2 27625   3.9505 277.3567 7264168 350.3099 103.8722  2.00950058177205
NIMIQ 2                 
1 27632U 02062A   26283.18787109 -.00000073  00000+0  00000+0 0  9991
2 27632   9.7088  55.6449 0005498 140.1544 141.4617  1.00272284 45337
BREEZE-M R/B            
1 27633U 02062B   26281.41809757 -.00000117  00000+0  00000+0 0  9999
2 27633  17.7511 351.1354 4907764 100.1821 311.2365  1.83738935159583
USA 167                 
1 27691U 03008A   26282.42660959 -.00000001  00000+0  00000+0 0  9997
2 27691  11.1856  42.3545 0003584 280.7152  86.5133  1.00272609  7928
IABS R/B                
1 27693U 03008C   26261.49434621  .00000083  00000+0  00000+0 0  9997
2 27693  13.5387   9.6133 0028331 224.1255 135.6741  1.01119200 27568
USA 169 (MILSTAR-2 4)   
1 27711U 03012A   26282.59677971 -.00000201  00000+0  00000+0 0  9997
2 27711  12.5081  28.0362 0095875  11.9325 345.2552  1.00273577 34097
TITAN 4 CENTAUR R/B     
1 27712U 03012B   26268.89295803  .00000006  00000+0  00000+0 0  9997
2 27712  11.2903  22.6096 0023425 278.7603  81.0144  1.00596009 26805
INSAT-3A                
1 27714U 03013A   26283.26051124 -.00000352  00000+0  00000+0 0  9999
2 27714   9.1022  59.7006 0003969 322.3153 220.2564  0.99808066 85875
ARIANE 5 R/B            
1 27716U 03013C   26282.90902481  .00000058  00000+0  45718-2 0  9992
2 27716   0.8510 163.4889 7066429 145.8931 221.2311  2.24037219192401
ARIANE 5 DEB [SYLDA]    
1 27717U 03013D   26283.09801053  .00000177  00000+0  10991-1 0  9993
2 27717   1.0934 207.3769 7088277  74.7030 102.8476  2.22492022191089
ASIASAT 4               
1 27718U 03014A   26283.26406458 -.00000227  00000+0  00000+0 0  9999
2 27718   4.9920  74.2406 0002868 132.3846  54.8769  1.00270662 46457
ARIANE 1 DEB            
1 27732U 79104S   26281.34099566 -.00000078  00000+0  29324-1 0  9999
2 27732  16.7556 332.2071 7337835 249.3140  22.7805  1.93257606 88234
COSMOS 2397             
1 27775U 03015A   26281.91977488  .00000118  00000+0  00000+0 0  9997
2 27775  12.8274  19.2024 0041418  12.7166 351.8181  1.00476739 86067
SL-12 R/B(2)            
1 27780U 03015F   26282.87430030 -.00000310  00000+0  00000+0 0  9991
2 27780  12.8781  19.5259 0008952  42.1066  11.9117  1.00178189 85656
ATLAS AGENA R/B         
1 27785U 68063B   26283.09546347  .00000007  00000+0  00000+0 0  9996
2 27785   4.1028 262.6582 1013508 272.6990  75.3759  1.01774117 27554
ATLAS AGENA R/B         
1 27787U 70069B   26282.13947153 -.00000172  00000+0  00000+0 0  9995
2 27787  11.8501 131.8665 1183301 196.5584 159.3888  1.01709787 28174
COSMOS 1261 DEB         
1 27796U 81031H   26282.43124730  .00000074  00000+0  00000+0 0  9997
2 27796  65.1039 342.0808 6981849  15.3279 358.1792  2.01727535188176
COSMOS 1285 DEB         
1 27800U 81071P   26281.38439201  .00000468  00000+0  00000+0 0  9999
2 27800  64.3944  53.7170 7140465  34.4034 355.5693  1.97626088195645
COSMOS 1285 DEB         
1 27801U 81071Q   26278.60754981 -.00001006  00000+0  00000+0 0  9996
2 27801  63.8889  23.6012 7268860  37.8382 355.4484  1.97984552185753
GSAT-2                  
1 27807U 03018A   26282.76004416 -.00000355  00000+0  00000+0 0  9996
2 27807  11.3955  40.6584 0009775 343.3971  29.8556  0.99850677 85587
HELLAS-SAT 2            
1 27811U 03020A   26283.09038383 -.00000087  00000+0  00000+0 0  9993
2 27811   7.6355  66.4669 0009070 157.4809 177.3434  1.00272081 43999
BEIDOU-1 G3             
1 27813U 03021A   26282.88874472  .00000114  00000+0  00000+0 0  9999
2 27813  11.5960  40.1709 0017573 305.5587  44.2178  0.99768408 85440
THURAYA-2               
1 27825U 03026A   26282.95837491  .00000119  00000+0  00000+0 0  9990
2 27825   9.0173  31.3965 0000367 207.2561 168.9595  1.00272369 85503
BLOCK DM-SL R/B         
1 27826U 03026B   26282.66150373 -.00000171  00000+0  00000+0 0  9995
2 27826   6.2258  33.9493 6975637  27.8111 176.3886  2.22046896189336
OPTUS C1                
1 27831U 03028B   26283.26562459 -.00000156  00000+0  00000+0 0  9995
2 27831   7.1726  67.9697 0005396 131.7727  70.4641  1.00269916 54219
ARIANE 5 R/B            
1 27832U 03028C   26282.82367158  .00000029  00000+0  74022-3 0  9993
2 27832   7.1358  73.3031 7172902  29.2968 356.4897  2.24844417191637
ARIANE 5 DEB [SYLDA]    
1 27833U 03028D   26283.01699875 -.00000079  00000+0 -80508-3 0  9993
2 27833   6.9615  67.1183 7144638  45.7473 354.1796  2.26663861192716
BLOCK DM-SL R/B         
1 27855U 03034B   26283.09541052  .00000037  00000+0  14795-2 0  9991
2 27855   0.7306 321.3689 7141934 319.8783  61.5783  2.24675959190295
USA 170                 
1 27875U 03040A   26283.02581689  .00000122  00000+0  00000+0 0  9999
2 27875  10.7409  46.8299 0001993 187.6439 177.7669  1.00278779 34157
COSMOS 917 DEB          
1 27883U 77047F   26282.96640772  .00007987  00000+0  23795-2 0  9992
2 27883  60.0261 200.3947 7486323  59.7493 353.2554  2.02604655177721
COSMOS 917 DEB          
1 27884U 77047G   26281.90887982  .00003261  00000+0  16628-2 0  9990
2 27884  59.8952 189.8571 7468250  71.6541 351.1541  2.01992386176176
COSMOS 917 DEB          
1 27887U 77047K   26282.25613739 -.00000747  00000+0  00000+0 0  9990
2 27887  63.1895 224.7732 6758738  10.9711 358.2544  1.97915767 30259
COSMOS 917 DEB          
1 27888U 77047L   26283.04073200  .00002726  00000+0  19535-2 0  9996
2 27888  60.0218 206.6323 7469575  59.4688 353.2184  2.02162245220528
COSMOS 1191 DEB         
1 27897U 80057K   26283.21555237  .00001107  00000+0  28192-2 0  9996
2 27897  62.3981 336.0035 7387678  46.8625 354.7829  1.99206080172273
COSMOS 1191 DEB         
1 27898U 80057L   26267.68233869 -.00000549  00000+0  00000+0 0  9999
2 27898  64.7764  44.4129 6981397  30.1553 355.8420  1.99715399 44934
COSMOS 1382 DEB         
1 27905U 82064G   26283.30080687  .00001128  00000+0  00000+0 0  9996
2 27905  62.1771 152.6821 7281725  40.7544  50.2284  2.00117498187188
TITAN 4B CENTAUR R/B    
1 27938U 03041B   26260.95047414 -.00000070  00000+0  00000+0 0  9993
2 27938  15.8048  36.2506 0033633 119.1049 241.2576  1.00861242 25886
ARIANE 5 R/B            
1 27946U 03043B   26283.01264141  .00000008  00000+0  76514-3 0  9991
2 27946   7.8403 291.1546 7170050 181.4289 173.6506  2.23567098188189
ARIANE 5 DEB [SPELTRA]  
1 27950U 03043D   26283.00640346 -.00000038  00000+0  13989-4 0  9992
2 27950   7.3214 290.0111 7143385 194.0591 193.6970  2.24999873189327
INSAT-3E                
1 27951U 03043E   26283.26172458 -.00000220  00000+0  00000+0 0  9993
2 27951   9.9587  52.8226 0013191 242.7440 313.7894  1.00797794 54960
ARIANE 5 DEB [SYLDA]    
1 27952U 03043F   26283.24213163 -.00000201  00000+0 -23087-2 0  9994
2 27952   7.1366 264.7486 7136226 242.6993  29.8026  2.26413692190078
BLOCK DM-SL R/B         
1 27953U 03044B   26283.01870619 -.00000037  00000+0  00000+0 0  9999
2 27953   0.4891 330.5528 6583929 332.4135  10.3423  2.14422900180296
GALAXY 13 (HORIZONS-1)  
1 27954U 03044A   26283.27645796  .00000126  00000+0  00000+0 0  9992
2 27954   1.7099  82.2028 0002529 142.6630 103.5794  1.00274295 47726
YAMAL 202               
1 28089U 03053A   26283.26709793 -.00000084  00000+0  00000+0 0  9993
2 28089   6.6260  69.4896 0005169 139.2555  69.8716  1.00272085 83858
YAMAL 201               
1 28094U 03053B   26282.85906218 -.00000250  00000+0  00000+0 0  9999
2 28094   9.8706  54.3149 0006995 144.3473 220.1891  1.00286434 86034
UFO 11 (USA 174)        
1 28117U 03057A   26282.89333808 -.00000108  00000+0  00000+0 0  9994
2 28117   9.0677  33.2107 0004131 176.0230 206.2444  1.00271362 83605
SL-12 R/B(2)            
1 28119U 03053E   26282.81819774  .00000005  00000+0  00000+0 0  9990
2 28119  13.7721  12.4699 0218810 306.2785  47.7264  1.00032882 85867
FREGAT R/B              
1 28133U 03059B   26282.84848009  .00000123  00000+0  00000+0 0  9999
2 28133  22.8286 242.7276 5962242  41.5201 350.9395  2.01472883167744
BLOCK DM-SL R/B         
1 28138U 04001B   26282.95207049 -.00000187  00000+0  60926-3 0  9995
2 28138   0.8086 324.5229 7148718  73.3252 355.2050  2.24738438186793
SL-12 R/B(2)            
1 28139U 03060D   26258.87110582 -.00000033  00000+0  00000+0 0  9992
2 28139  13.6376  13.0472 0019233 236.7102 124.0142  1.00322022 82946
IUS R/B(2)              
1 28161U 04004D   26279.53477121 -.00000076  00000+0  00000+0 0  9994
2 28161  12.3307  25.4402 0004202  25.6391 334.3917  0.99829147 26509
ABS-4 (MOBISAT-1)       
1 28184U 04007A   26283.03309692  .00000034  00000+0  00000+0 0  9992
2 28184   6.3257  70.5572 0005383 134.2797 246.7575  1.00273667 53495
RADUGA-1 7              
1 28194U 04010A   26273.98075022  .00000082  00000+0  00000+0 0  9990
2 28194  13.7999  19.8838 0005730 233.5134 126.1945  1.00262680 82471
SUPERBIRD-A2            
1 28218U 04011A   26283.10129847 -.00000093  00000+0  00000+0 0  9991
2 28218  13.5688  16.7401 0025265  47.9100 260.2360  0.99458181 81580
SL-12 R/B(2)            
1 28240U 04015D   26282.51830620 -.00000020  00000+0  00000+0 0  9992
2 28240  13.4184  13.4928 0016574 330.7544  25.0192  1.00706265 82551
INTELSAT 10-02          
1 28358U 04022A   26283.09211718  .00000000  00000+0  00000+0 0  9992
2 28358   0.0235 215.2264 0000353  91.0126 104.6239  1.00270356 81705
BREEZE-M R/B            
1 28360U 04022C   26282.72687313 -.00000014  00000+0  00000+0 0  9998
2 28360  24.3456  72.0156 5973964   5.0946 358.8335  2.01482342163666
ANIK F2                 
1 28378U 04027A   26283.24157062 -.00000055  00000+0  00000+0 0  9998
2 28378   3.5773  77.9211 0003034 106.5938 170.2178  1.00271404 42410
ARIANE 5 R/B            
1 28379U 04027B   26282.93592815 -.00000036  00000+0  86515-3 0  9991
2 28379   6.8841 259.8206 7295770 174.2147 285.3284  2.07976825168927
AMC-15                  
1 28446U 04041A   26283.24722455 -.00000097  00000+0  00000+0 0  9990
2 28446   0.0551  53.2748 0001925 155.0666 154.4750  1.00272256 80450
SL-12 R/B(2)            
1 28466U 04043D   26258.87119250  .00000005  00000+0  00000+0 0  9996
2 28466  13.3013  15.7798 0007983 170.6843 187.7736  1.00105889 80012
BREEZE-M DEB [TANK]     
1 28477U 04041C   26282.14980513 -.00000025  00000+0  00000+0 0  9994
2 28477  47.8519  89.2551 7029190 138.7693 304.2707  2.23820669179580
GOES 7 AKM              
1 28520U 87022F   26282.81065771 -.00000096  00000+0  00000+0 0  9995
2 28520  10.0464 318.1425 1058935  93.4853 288.0499  0.98768883 47111
NSS-10                  
1 28526U 05003A   26282.79973767 -.00000256  00000+0  00000+0 0  9998
2 28526   6.7323  69.0193 0003347 131.9843  67.8848  1.00272465 54300
DELTA 4 R/B             
1 28546U 04050B   26282.57544334 -.00000131  00000+0  00000+0 0  9993
2 28546  15.6126 314.6692 2589369 350.8434 195.1045  1.37842754109677
ARIANE 1 DEB            
1 28556U 79104V   26276.20274994 -.00000423  00000+0  17217-2 0  9996
2 28556  15.3690 216.0958 7287880 120.3633   2.1059  1.95681875 97475
ARIANE 2 DEB            
1 28563U 88098L   26283.23095484 -.00000560  00000+0 -24196-1 0  9998
2 28563   4.1633  57.9931 7209779  59.3388 280.7790  2.07197004177608
ARIANE 44L+ DEB         
1 28577U 92021R   26282.93844149 -.00000118  00000+0  00000+0 0  9994
2 28577   3.7952  60.9546 6984453  12.6803 301.9148  2.23175521180289
BLOCK DM-SL R/B         
1 28627U 05008B   26282.71141237 -.00000061  00000+0  00000+0 0  9990
2 28627   1.1676  20.8586 6557592 253.7685  28.9175  2.13877465168899
INMARSAT 4-F1           
1 28628U 05009A   26283.05632369  .00000027  00000+0  00000+0 0  9992
2 28628   5.3289  42.8183 0003037 167.4246   6.8283  1.00271653 78821
SL-12 R/B(2)            
1 28634U 05010F   26281.89014874  .00000087  00000+0  00000+0 0  9992
2 28634  13.2439  17.5447 0022834 269.2959  99.4823  1.00300032 78847
BREEZE-M R/B            
1 28656U 04008C   26282.99254240  .00000106  00000+0  00000+0 0  9999
2 28656  12.3617 256.9097 6081608  62.1990 345.9945  1.97323177156521
DIRECTV 8               
1 28659U 05019A   26283.24086219 -.00000007  00000+0  00000+0 0  9994
2 28659   0.0193 221.1855 0002823 339.2842 146.0614  1.00271541 78227
BREEZE-M R/B            
1 28660U 05019B   26277.11030860 -.00000110  00000+0  00000+0 0  9991
2 28660   9.8257 116.0953 3290016  47.2819 168.5964  1.54369140120221
GALAXY 28 (G-28)        
1 28702U 05022A   26283.08691714 -.00000206  00000+0  00000+0 0  9992
2 28702   3.5881  77.4308 0001756 130.9030 174.5881  1.00271404 53124
SL-12 R/B(2)            
1 28704U 05023H   26281.79419707 -.00000109  00000+0  00000+0 0  9993
2 28704  13.0254  17.9675 0011210 327.5552  19.6068  1.00817145 78346
THAICOM 4               
1 28786U 05028A   26283.25851791 -.00000370  00000+0  00000+0 0  9994
2 28786   0.5369  84.0992 0000316 184.3293 323.0313  1.00273168 53403
ARIANE 5 R/B            
1 28787U 05028B   26282.73829122 -.00000088  00000+0  50018-3 0  9994
2 28787   6.5420 178.8000 7171388 236.8804  34.5154  2.26683673175245
ANIK F1R                
1 28868U 05036A   26283.24301391 -.00000080  00000+0  00000+0 0  9997
2 28868   4.6023  75.0850 0002068  75.9354 208.0305  1.00272040 47604
SYRACUSE 3A             
1 28885U 05041B   26254.51939881  .00000114  00000+0  00000+0 0  9998
2 28885   4.8548  74.7263 0002457 106.5771  42.9291  1.00275934 76614
ARIANE 5 R/B            
1 28886U 05041C   26282.95866527  .00000014  00000+0  74069-3 0  9993
2 28886   7.3509 155.9182 7195714  99.8582  95.0203  2.24437475172034
INMARSAT 4-F2           
1 28899U 05044A   26283.26328458 -.00000265  00000+0  00000+0 0  9990
2 28899   5.2459  43.7258 0002711 165.0610  48.3894  1.00271401 76670
METEOSAT-9 (MSG-2)      
1 28912U 05049B   26282.95880824  .00000119  00000+0  00000+0 0  9993
2 28912   9.6185  53.0048 0001655   0.8975 355.5428  1.00274039  8140
ARIANE 5 R/B            
1 28913U 05049C   26282.97553499 -.00000015  00000+0  16780-2 0  9992
2 28913   3.9445 275.8773 7141964  58.9122 118.5558  2.24899363170971
ARIANE 5 DEB [SYLDA]    
1 28914U 05049D   26283.10979726  .00000136  00000+0  35695-2 0  9993
2 28914   4.3795 300.7722 7152760  10.5293 238.8604  2.23720379169870
EUTELSAT 174A           
1 28924U 05052A   26283.26926461  .00000004  00000+0  00000+0 0  9996
2 28924   4.5052  75.0377 0006014 124.2540  90.5342  1.00273118 53487
ECHOSTAR 10             
1 28935U 06003A   26283.24426728 -.00000064  00000+0  00000+0 0  9991
2 28935   0.0547  47.4216 0001348 131.7703 177.4096  1.00272436 75615
BLOCK DM-SL R/B         
1 28936U 06003B   26283.25519161 -.00000124  00000+0  00000+0 0  9994
2 28936   0.2654  89.9106 6779385  74.0314 198.7548  2.19497540165605
SPAINSAT                
1 28945U 06007A   26282.03475386 -.00000228  00000+0  00000+0 0  9998
2 28945   0.8518  84.4525 0005107 122.7126 152.8255  1.00270375 75357
BREEZE-M R/B            
1 28998U 03024C   26274.60096289 -.00000083  00000+0  00000+0 0  9996
2 28998  16.7563 120.9494 5098704  92.8435  65.4455  1.82404025 88123
SCATHA AKM              
1 29000U 79007C   26282.96678161 -.00000332  00000+0  00000+0 0  9995
2 29000   9.3363 275.0089 1774809 143.6539  22.5332  1.01594069 49112
SATCOM 3 DEB            
1 29002U 79101E   26260.61145301 -.00000183  00000+0  00000+0 0  9999
2 29002   8.7072  85.9650 4822036  99.1925 298.8282  1.81879546137157
EKRAN 2 DEB             
1 29014U 77092K   26283.08864046 -.00000374  00000+0  00000+0 0  9991
2 29014   3.8442 272.7025 0020779 349.3529 269.7023  1.00131025 48424
JCSAT-5A                
1 29045U 06010A   26283.26103124 -.00000334  00000+0  00000+0 0  9996
2 29045   1.3995  82.6381 0001202  65.0615  97.2358  1.00272664 74929
BLOCK DM-SL R/B         
1 29046U 06010B   26282.99301890 -.00000216  00000+0  00000+0 0  9995
2 29046   0.2104  46.0058 6790376 157.2126  99.5571  2.19419078164306
ASTRA 1KR               
1 29055U 06012A   26283.09601719  .00000111  00000+0  00000+0 0  9995
2 29055   0.7649  82.3844 0003535 120.6427 229.2558  1.00273148 46847
EWS-G1 (GOES 13)        
1 29155U 06018A   26283.26510459 -.00000263  00000+0  00000+0 0  9990
2 29155   4.8265  74.9616 0059560 280.0881 272.8865  0.98789664 44388
SL-12 R/B(2)            
1 29233U 06022D   26268.10312402 -.00000147  00000+0  00000+0 0  9997
2 29233  12.6319  21.7185 0050573  44.1938 221.3852  1.01013192 74772
GALAXY 16 (G-16)        
1 29236U 06023A   26283.24600598 -.00000135  00000+0  00000+0 0  9996
2 29236   0.0122 176.4499 0002679  25.3312 166.6556  1.00272259 74126
BLOCK DM-SL R/B         
1 29237U 06023B   26283.04188282 -.00000061  00000+0  00000+0 0  9994
2 29237   1.0457  22.3343 6626403  73.6505 345.3808  2.15890360160150
SL-6 R/B(2)             
1 29261U 06030B   26275.62846109 -.00000860  00000+0  32692-2 0  9995
2 29261  61.7411 149.4455 7142721 263.8545  18.1246  2.05498687151481
EUTELSAT 33F            
1 29270U 06032A   26283.09887721  .00000149  00000+0  00000+0 0  9996
2 29270   1.9526  80.7750 0003283 118.2601 248.3926  1.00274166 48460
JCSAT-3A                
1 29272U 06033A   26283.26016457  .00000000  00000+0  00000+0 0  9994
2 29272   0.0151 219.8769 0002294 347.7596  32.8862  1.00267694 48894
KOREASAT 5 (MUGUNGWHA 5)
1 29349U 06034A   26283.25721789 -.00000364  00000+0  00000+0 0  9994
2 29349   2.0753  81.3495 0001966 172.6454 330.5523  1.00272975 42478
ZHONGXING-22A           
1 29398U 06038A   26282.87173310 -.00000289  00000+0  00000+0 0  9996
2 29398  11.6969  36.3646 0004089 169.1537 227.6206  1.00072355 73532
OPTUS D1                
1 29495U 06043B   26283.26493126 -.00000188  00000+0  00000+0 0  9992
2 29495   3.3252  78.1357 0003566 116.2023  71.9345  1.00272262 73272
BLOCK DM-SL R/B         
1 29521U 06049B   26283.28129823 -.00000043  00000+0  00000+0 0  9990
2 29521   0.9414  24.3897 6929284 108.3630 305.7106  2.18869005159458
BADR-4                  
1 29526U 06051A   26283.09913721  .00000149  00000+0  00000+0 0  9991
2 29526   2.2954  79.6991 0004776 115.7556 253.4813  1.00269190 52420
BREEZE-M R/B            
1 29527U 06051B   26282.40690962 -.00000073  00000+0  00000+0 0  9992
2 29527  14.5120 319.1163 6340516 340.6179   3.5474  2.09458715152360
FENGYUN 2D AKM          
1 29642U 06053C   26282.15892554 -.00000347  00000+0  00000+0 0  9999
2 29642  12.0134  36.8271 0105781  50.5857 314.0597  0.99358330 47397
MEASAT-3                
1 29648U 06056A   26283.25990457 -.00000346  00000+0  00000+0 0  9990
2 29648   5.0192  74.6406 0004889 180.3151 343.9611  0.99749083 51533
TITAN 3C TRANSTAGE DEB  
1 30000U 68081J   26283.09333051  .00000016  00000+0  00000+0 0  9996
2 30000   2.1348  46.7454 0105960 315.4584  54.1882  1.00905242 80407
BEIDOU-1 G4             
1 30323U 07003A   26283.06135038 -.00000002  00000+0  00000+0 0  9999
2 30323  10.1578  55.7067 0053948 276.3271 273.3151  0.99156998 71840
THEMIS A                
1 30580U 07004A   26282.18081951 -.00000145  00000+0  00000+0 0  9999
2 30580   9.4851  99.7803 8326607 221.4421  31.5117  0.87844183 42286
SKYNET 5A               
1 30794U 07007B   26282.96860162 -.00000277  00000+0  00000+0 0  9990
2 30794   5.5867  72.2836 0003620 134.3819 255.8358  1.00274069 71850
THEMIS D                
1 30797U 07004D   26281.37013468 -.00000198  00000+0  00000+0 0  9995
2 30797   8.3098  73.5553 8299445 249.7770  11.9409  0.87844451 42068
THEMIS E                
1 30798U 07004E   26282.97094163 -.00000220  00000+0  00000+0 0  9990
2 30798   7.2262  89.2271 8411105 238.2211  45.8123  0.87839485 66935
ANIK F3                 
1 31102U 07009A   26283.23867501 -.00000008  00000+0  00000+0 0  9993
2 31102   1.4894  82.2633 0002563 113.6586 150.1654  1.00272199 47717
BREEZE-M R/B            
1 31104U 07009C   26261.57720661  .00000084  00000+0  00000+0 0  9996
2 31104  11.8582 265.9193 5662407 131.8451 275.7808  1.96445591139558
ASTRA 1L                
1 31306U 07016A   26283.08743715 -.00000192  00000+0  00000+0 0  9994
2 31306   1.6124  80.3753 0004724 119.7932 185.5239  1.00271376 46138
GALAXY 17 (G-17)        
1 31307U 07016B   26283.25113693 -.00000212  00000+0  00000+0 0  9993
2 31307   3.2568  78.3619 0004534 152.8068 153.1348  1.00271471 70959
NIGCOMSAT 1             
1 31395U 07018A   26282.96643267  .00000075  00000+0  00000+0 0  9990
2 31395  12.0520  31.9220 0005930 133.8751 254.7771  1.00215959 71211
ARIANE 5 DEB [SYLDA]    
1 32255U 07044D   26283.25938457 -.00000115  00000+0  29475-3 0  9993
2 32255   4.7618  13.2581 7164446  56.4630 123.1167  2.26830043157115
WGS F1 (USA 195)        
1 32258U 07046A   26282.94130149 -.00000276  00000+0  00000+0 0  9992
2 32258   0.0531  85.0230 0000364 138.5898  91.3142  1.00271936 53483
SKYNET 5B               
1 32294U 07056B   26283.09723053  .00000135  00000+0  00000+0 0  9995
2 32294   5.5368  72.0665 0003871 127.7523 239.0221  1.00270273 69355
ASTRA 4A                
1 32299U 07057A   26283.09324384  .00000024  00000+0  00000+0 0  9992
2 32299   0.0581  61.8030 0002648 149.5695 205.7218  1.00272685 52797
BREEZE-M R/B            
1 32375U 07058C   26279.96040138 -.00000136  00000+0  00000+0 0  9996
2 32375  11.4528  24.4191 0251404 221.2745 134.9740  1.04429487 71637
HORIZONS-2              
1 32388U 07063B   26283.25613407 -.00000259  00000+0  00000+0 0  9994
2 32388   2.8928  79.1063 0001988 140.0124 178.1984  1.00272781 68964
ARIANE 5 DEB [SYLDA]    
1 32390U 07063D   26283.13767729 -.00000075  00000+0 -71115-4 0  9998
2 32390   5.4195 116.5830 7162324 325.3486 214.9754  2.27007424155318
THURAYA-3               
1 32404U 08001A   26282.96236160  .00000003  00000+0  00000+0 0  9996
2 32404   6.1839  35.8353 0002937 201.8237 191.0740  1.00272159 68646
BLOCK DM-SL R/B         
1 32405U 08001B   26283.10581058 -.00000134  00000+0  17110-2 0  9992
2 32405   5.9975 305.1326 7123908  56.7762  22.9008  2.25219110154198
EXPRESS-AM33            
1 32478U 08003A   26283.09211718 -.00000021  00000+0  00000+0 0  9997
2 32478   5.0895  73.8389 0014992 174.0130 163.1004  1.00248973 54886
BREEZE-M R/B            
1 32479U 08003B   26283.02287020 -.00000107  00000+0  00000+0 0  9995
2 32479  11.4755  26.0818 0197910 242.6526 125.6017  1.04002715 70806
THOR 5                  
1 32487U 08006A   26283.09211718 -.00000017  00000+0  00000+0 0  9995
2 32487   0.0240 238.7319 0002382 330.3177 202.0836  1.00272569 68461
BREEZE-M R/B            
1 32488U 08006B   26282.65451822 -.00000025  00000+0  73852-3 0  9997
2 32488  48.5155 145.6437 7170075  36.8342 355.7222  2.21552681150721
KIZUNA (WINDS)          
1 32500U 08007A   26283.09688387  .00000132  00000+0  00000+0 0  9999
2 32500   8.8034  60.8391 0003303 146.8457 229.5352  1.00341801 68051
SL-6 R/B(2)             
1 32705U 77093E   26278.87702044  .00000640  00000+0  00000+0 0  9998
2 32705  51.9182 125.8250 6907918 278.4531  14.7825  0.25810350 12103
AMC-14                  
1 32708U 08011A   26282.66811242 -.00000345  00000+0  00000+0 0  9991
2 32708  24.1405  19.1354 0034775 359.1286   7.4250  1.00427463 69326
DIRECTV 11              
1 32729U 08013A   26283.24600602 -.00000134  00000+0  00000+0 0  9993
2 32729   0.0439  46.2447 0000099 101.3868 220.6186  1.00271602 46748
ICO G1                  
1 32763U 08016A   26283.24845494 -.00000178  00000+0  00000+0 0  9992
2 32763   5.5446  35.7647 0002567 140.6449 199.0687  1.00272652 67690
VINASAT-1               
1 32767U 08018A   26283.26094457 -.00000336  00000+0  00000+0 0  9991
2 32767   0.0435  44.2634 0001807 172.0893  28.4235  1.00273012 67742
STAR ONE C2             
1 32768U 08018B   26283.25868235 -.00000284  00000+0  00000+0 0  9996
2 32768   1.5284  81.1178 0002503 128.5198 197.3964  1.00272537 67805
AMOS-3                  
1 32794U 08022A   26283.10771725 -.00000124  00000+0  00000+0 0  9994
2 32794   0.7456  84.2687 0001366  79.8271 331.4203  1.00271165 83497
GALAXY 18 (G-18)        
1 32951U 08024A   26283.23741104  .00000000  00000+0  00000+0 0  9995
2 32951   0.0196 194.0239 0002909  11.2156 136.0684  1.00271235 47002
COSMOS 1124 DEB         
1 32982U 79077H   26282.10605582  .00000067  00000+0  00000+0 0  9992
2 32982  65.4635 167.4386 6629967 328.3162   5.1483  2.09808484223304
SATCOM 3 DEB            
1 32984U 79101K   26283.09481002 -.00000174  00000+0  00000+0 0  9990
2 32984   9.8219  63.8685 4853781 134.9251  92.3545  1.82640999 91774
SATCOM 3 DEB            
1 32987U 79101N   26282.44836984 -.00000146  00000+0  00000+0 0  9993
2 32987  10.2071  19.2718 4945152 236.3138  89.5298  1.83482839124998
ZHONGXING-9             
1 33051U 08028A   26283.11057727 -.00000256  00000+0  00000+0 0  9993
2 33051   1.0556  83.5832 0008425 150.8688 276.4662  1.00271345 67194
SKYNET 5C               
1 33055U 08030A   26283.08882382 -.00000145  00000+0  00000+0 0  9996
2 33055   4.0781  75.5901 0003411 121.4449 195.8713  1.00270672 67102
TURKSAT 3A              
1 33056U 08030B   26283.10061054  .00000137  00000+0  00000+0 0  9995
2 33056   0.0724  76.0832 0003732 110.2504 270.5957  1.00272713 53518
SL-23 R/B               
1 33059U 08022B   26267.50271881 -.00000108  00000+0  00000+0 0  9995
2 33059  13.8756  31.6458 0542185  58.5348 326.1603  0.95533652 63926
COSMOS 2440             
1 33108U 08033A   26282.89342475 -.00000110  00000+0  00000+0 0  9992
2 33108  10.7984  40.1335 0006037 199.3924 176.5238  1.00260404 66949
SL-12 R/B(2)            
1 33111U 08033D   26282.89403141 -.00000148  00000+0  00000+0 0  9995
2 33111  10.7804  40.2646 0030229 341.0040  37.8683  1.00307413 66962
ECHOSTAR 11             
1 33207U 08035A   26283.24476005 -.00000065  00000+0  00000+0 0  9990
2 33207   1.2967  82.6066 0002342 121.9110 152.6726  1.00272321 52369
BLOCK DM-SL R/B         
1 33208U 08035B   26282.96594760 -.00000082  00000+0  14538-2 0  9991
2 33208   0.1142 155.8485 7127599 197.1740  39.2386  2.26260343150736
SUPERBIRD-C2            
1 33274U 08038A   26283.26181125 -.00000312  00000+0  00000+0 0  9990
2 33274   2.6520  79.7173 0004973  84.8032  84.6277  1.00269977106886
INMARSAT 4-F3           
1 33278U 08039A   26283.24667617 -.00000147  00000+0  00000+0 0  9994
2 33278   4.4044  31.8238 0003235 181.0050 156.8588  1.00272056 47694
BREEZE-M R/B            
1 33280U 08039C   26280.62267900 -.00000090  00000+0  00000+0 0  9994
2 33280  23.1568 348.1786 5961694  22.3001 355.3957  2.01431592133391
NIMIQ 4                 
1 33373U 08044A   26283.25267987 -.00000228  00000+0  00000+0 0  9993
2 33373   0.0822  82.9824 0002142 106.3954 198.4829  1.00271240 66137
BREEZE-M R/B            
1 33375U 08044C   26282.89518395  .00000123  00000+0  00000+0 0  9999
2 33375  12.3307 293.7717 5992534 356.7427   0.7072  2.03676845134359
GALAXY 19 (G-19)        
1 33376U 08045A   26283.24667488 -.00000148  00000+0  00000+0 0  9997
2 33376   0.0151 231.5399 0002445 320.4485 178.6904  1.00273188 66056
VENESAT-1               
1 33414U 08055A   26283.24957247 -.00000043  00000+0  00000+0 0  9990
2 33414   6.0482  71.5708 0066018 195.0059 110.7442  0.99268250 65590
ASTRA 1M                
1 33436U 08057A   26283.09610385  .00000113  00000+0  00000+0 0  9995
2 33436   0.5872  82.3679 0003491 112.0521 238.2993  1.00270572 46883
BREEZE-M R/B            
1 33438U 08057C   26282.46949682 -.00000472  00000+0  00000+0 0  9991
2 33438  19.9414 110.3915 5876069 307.7451  12.1518  2.00017644130915
FENGYUN 2D DEB          
1 33458U 06053D   26282.87122926 -.00000051  00000+0  00000+0 0  9999
2 33458  11.8662  36.1646 0023006  23.4743 341.2521  1.00295498 66535
EUTELSAT HOTBIRD 13C    
1 33459U 08065A   26283.17642355 -.00000288  00000+0  00000+0 0  9994
2 33459   3.2406  77.7282 0003762 126.1088 188.1978  1.00272388 48496
DELTA 4H R/B            
1 33491U 09001B   26281.45946805 -.00000167  00000+0  00000+0 0  9993
2 33491   9.8741  34.6988 0261531  67.8013 294.9485  0.96058974 25244
TITAN 3C TRANSTAGE DEB  
1 33510U 68081L   26283.15084047 -.00000216  00000+0  00000+0 0  9993
2 33510   2.2879  55.8896 0060746 294.5462 335.3412  1.01833914  8276
TITAN 3C TRANSTAGE DEB  
1 33511U 68081M   26283.15542433 -.00000287  00000+0  00000+0 0  9990
2 33511   1.9264  42.4710 0125619 293.7119   6.9784  1.00780939 68578
TITAN 3C TRANSTAGE DEB  
1 33512U 68081N   26282.35592053 -.00000253  00000+0  00000+0 0  9998
2 33512   2.2591  47.3866 0125865 286.2624  72.5984  1.00910346 74781
TITAN 3C TRANSTAGE DEB  
1 33513U 68081P   26283.23375900 -.00000092  00000+0  00000+0 0  9998
2 33513   2.2845  52.5169 0084308 286.0314 353.6740  1.01396459 49035
GOES 5 AKM              
1 33521U 81049D   26282.74271075 -.00000223  00000+0  00000+0 0  9995
2 33521  16.0449 316.9631 1708451 146.3382 232.3884  0.82272740 59547
ARIANE 3 DEB            
1 33536U 88081L   26282.20500818 -.00000028  00000+0  00000+0 0  9998
2 33536   6.0862 247.9360 6966959 212.0917 334.1744  2.15727106176019
ARIANE 3 DEB            
1 33537U 88081M   26283.09428385 -.00000102  00000+0  00000+0 0  9998
2 33537   6.9289  61.4967 7018337 199.9960 105.4357  2.16924144107109
ARIANE 3 DEB            
1 33538U 88081N   26281.45825823 -.00000064  00000+0  12272-2 0  9999
2 33538   7.3742 313.5619 7188220  30.9991 356.4661  2.24406014173021
ARIANE 44LP DEB         
1 33541U 88109Q   26282.89819144  .00000143  00000+0  63227-2 0  9995
2 33541   6.5158 242.2792 7098102  54.0350  56.9843  2.23936876194897
ARIANE 44LP DEB         
1 33542U 88109R   26275.20317622 -.00000199  00000+0  97595-4 0  9996
2 33542   6.7239 165.1137 7112581 194.4477 350.7358  2.24349320173990
ARIANE 2 DEB            
1 33558U 89006BA  26282.14390182 -.00000084  00000+0  00000+0 0  9996
2 33558  10.4353 303.5375 6954523 329.4311   4.0807  2.21850893 23782
ARIANE 2 DEB            
1 33560U 89006BC  26283.01203682 -.00000138  00000+0  43722-2 0  9995
2 33560  10.9718 344.8344 7090602 212.2234  46.5222  2.25280992183445
ARIANE 2 DEB            
1 33579U 89006BX  26282.48652079 -.00000194  00000+0 -98532-2 0  9995
2 33579  11.3718  46.8865 7053606  80.1955 227.0648  2.24769170197679
EXPRESS-AM44            
1 33595U 09007A   26283.09616639 -.00000095  00000+0  00000+0 0  9995
2 33595   3.7530  76.9053 0003462 126.7081 198.7440  1.00271761 53438
BREEZE-M R/B            
1 33598U 09007D   26267.92287306 -.00000015  00000+0  00000+0 0  9999
2 33598  12.6165  35.6195 0201257  63.8386 301.9270  0.97630348 63259
NSS-9                   
1 33749U 09008A   26283.27108462  .00000065  00000+0  00000+0 0  9993
2 33749   1.5528  81.2715 0002038 106.6768 111.6034  1.00272336 64673
TELSTAR 11N             
1 34111U 09009A   26282.94234150 -.00000260  00000+0  00000+0 0  9993
2 34111   0.0528  77.7000 0002558 122.9122 119.6533  1.00272822 47392
SL-23 R/B               
1 34112U 09009B   26282.66228374  .00000002  00000+0  00000+0 0  9997
2 34112  34.4457 238.9387 6937702 212.8183  82.5663  2.20447100141892
ARIANE 44L+ DEB         
1 34180U 92021W   26283.09731720 -.00000156  00000+0  00000+0 0  9991
2 34180   4.3037 223.0550 6940696  15.2988 252.4071  2.22457389188702
RADUGA-1 8              
1 34264U 09010A   26282.84919174 -.00000072  00000+0  00000+0 0  9990
2 34264  12.3346  40.6016 0010004  29.3974 336.1454  0.99815050 64324
SL-12 R/B(2)            
1 34265U 09010B   26282.85692544 -.00000173  00000+0  00000+0 0  9993
2 34265  12.3267  40.5309 0002445 287.1681  88.3202  0.99992882 64348
WGS F2 (USA 204)        
1 34713U 09017A   26283.10364390  .00000000  00000+0  00000+0 0  9990
2 34713   0.0166 214.3810 0000224 256.6167   2.5364  1.00270001 46778
ATLAS 5 CENTAUR R/B     
1 34714U 09017B   26282.52311982 -.00000499  00000+0  10482-2 0  9996
2 34714  19.8730 303.7430 8170181  76.7973 353.8120  1.18225599 73974
SES-7 (PROTOSTAR 2)     
1 34941U 09027A   26283.25617789 -.00000353  00000+0  00000+0 0  9995
2 34941   0.0483  53.3911 0002063 180.4173 345.5501  1.00272215 63782
MEASAT-3A               
1 35362U 09032A   26283.18358635 -.00000118  00000+0  00000+0 0  9992
2 35362   0.0054 313.5041 0002831 244.3604  47.0674  1.00271882  9189
EWS-G3 (GOES 14)        
1 35491U 09033A   26283.10511723  .00000038  00000+0  00000+0 0  9997
2 35491   1.9810  81.4087 0002112 115.6724 284.3250  1.00071695  7744
FM-5                    
1 35493U 09034A   26283.11272459 -.00000209  00000+0  00000+0 0  9992
2 35493   0.0190 253.3648 0000370 207.6188 232.1957  1.00271545 47790
TERRESTAR-1             
1 35496U 09035A   26283.24157074 -.00000062  00000+0  00000+0 0  9992
2 35496   5.2578  48.6263 0001605 131.7838 174.4198  1.00272851 63287
COSMOS 917 DEB          
1 35505U 77047S   26282.91567754  .00002707  00000+0  14598-2 0  9991
2 35505  59.9235 199.1901 7461546  67.6018 351.8564  2.01872163148212
COSMOS 1261 DEB         
1 35507U 81031N   26281.09258585  .00001845  00000+0  23963-2 0  9996
2 35507  61.1612 278.1347 7439494  46.7498 355.0191  2.02032613100700
CZ-3A DEB               
1 35548U 07003G   26278.07804678 -.00000042  00000+0  12161-2 0  9999
2 35548  25.6948 238.2993 7530569 180.6286 309.1758  1.82985490119485
CZ-3A DEB               
1 35551U 07003K   26281.84764608 -.00000450  00000+0 -53317-2 0  9992
2 35551  24.5817 196.6932 7208999 196.9853 112.6014  2.16449215 23520
CZ-3A DEB               
1 35552U 07003L   26283.21003342  .00005325  00000+0  13004-1 0  9999
2 35552  26.4125  20.0166 7434146 189.1970 139.2327  2.03377357132876
CZ-3A DEB               
1 35558U 07003S   26282.19318949  .00000408  00000+0  57474-2 0  9990
2 35558  22.8727 106.5196 7459251 171.4099 218.6512  1.91879756 93121
ASIASAT 5               
1 35696U 09042A   26283.32603152 -.00000315  00000+0  00000+0 0  9995
2 35696   0.0305 251.6840 0001711 291.7716  53.3649  1.00274431 62873
JCSAT-12 (JCSAT-RA)     
1 35755U 09044A   26283.26103124  .00000000  00000+0  00000+0 0  9990
2 35755   0.0175 225.5590 0001690   4.6797  14.6456  1.00271285 62760
OPTUS D3                
1 35756U 09044B   26283.16969693 -.00000155  00000+0  00000+0 0  9993
2 35756   0.7536 267.7346 0004215 292.5371  35.7655  1.00271389 62713
NIMIQ 5                 
1 35873U 09050A   26283.25591385 -.00000265  00000+0  00000+0 0  9991
2 35873   0.0551  77.6750 0002621 113.2903 207.3482  1.00272710 62498
AMAZONAS 2              
1 35942U 09054A   26283.25658047 -.00000266  00000+0  00000+0 0  9992
2 35942   2.1069  81.4198 0003246 112.0550 205.7856  1.00273715 62336
COMSATBW-1              
1 35943U 09054B   26283.10477057  .00000016  00000+0  00000+0 0  9999
2 35943   0.0262 138.4954 0003223  72.1375 268.8082  1.00271348 62463
NSS-12                  
1 36032U 09058A   26283.10355723  .00000063  00000+0  00000+0 0  9990
2 36032   0.0801  76.1300 0002312  88.0949 308.7914  1.00273207 62077
THOR 6                  
1 36033U 09058B   26283.09211718 -.00000018  00000+0  00000+0 0  9995
2 36033   0.0308 109.1536 0001704  88.7414 213.1460  1.00272011 62152
INTELSAT 14 (IS-14)     
1 36097U 09064A   26283.15469078 -.00000282  00000+0  00000+0 0  9996
2 36097   0.2059  83.6294 0002476 124.5157 181.3270  1.00272754 61758
ATLAS 5 CENTAUR R/B     
1 36098U 09064B   26281.96320904 -.00000072  00000+0  00000+0 0  9995
2 36098  22.2678  59.4435 5620912 252.4856  36.3038  1.76308073108694
EUTELSAT 36B            
1 36101U 09065A   26283.10225722  .00000104  00000+0  00000+0 0  9996
2 36101   0.7762  80.9732 0005872 114.9396 270.1356  1.00269641 61863
INTELSAT 15 (IS-15)     
1 36106U 09067A   26283.03786361 -.00000194  00000+0  00000+0 0  9996
2 36106   0.0458  61.5389 0002747 158.6686 257.2396  1.00271798 42383
BLOCK DM-SL R/B         
1 36107U 09067B   26283.27403128 -.00000084  00000+0  00000+0 0  9998
2 36107  12.2714 299.4615 4433441 172.0713 232.6545  1.73595092106922
WGS F3 (USA 211)        
1 36108U 09068A   26283.14706082  .00000013  00000+0  00000+0 0  9992
2 36108   0.3013  84.4224 0000079 106.1174 118.8848  1.00271347 47742
DELTA 4 R/B             
1 36109U 09068B   26282.80895794 -.00000123  00000+0  29430-3 0  9999
2 36109  22.3370 275.4560 8167754 233.5782   6.9162  1.19291807 73063
DIRECTV 12              
1 36131U 09075A   26283.07792711 -.00000112  00000+0  00000+0 0  9993
2 36131   0.0362  55.6150 0000256 107.6651 140.7566  1.00272698 47700
BEIDOU-2 G1             
1 36287U 10001A   26283.26267792 -.00000285  00000+0  00000+0 0  9994
2 36287   4.5612  59.9118 0002871 245.7224 308.2960  1.00270427 61326
BREEZE-M R/B            
1 36359U 10002B   26282.95612156 -.00000161  00000+0  00000+0 0  9991
2 36359  11.0894  35.3757 0210933 258.2338  98.9183  1.04040698 63414
SDO                     
1 36395U 10005A   26277.11916721 -.00000067  00000+0  00000+0 0  9996
2 36395  34.8784  84.6864 0001797  82.1576 147.3231  1.00273214 61155
BREEZE-M DEB [TANK]     
1 36399U 10006C   26283.26493773  .00000004  00000+0  78273-3 0  9992
2 36399  45.8834 303.9566 7207787 243.6011  28.2103  2.26711503136576
EWS-G2 (GOES 15)        
1 36411U 10008A   26283.03353025  .00000014  00000+0  00000+0 0  9999
2 36411   1.5883  81.7153 0004654  92.6703 279.6884  1.00273573 60797
ECHOSTAR 14             
1 36499U 10010A   26283.24086138 -.00000008  00000+0  00000+0 0  9993
2 36499   0.0513  73.0803 0002209  98.3022 175.2922  1.00271427 47700
SES-1                   
1 36516U 10016A   26283.00101509 -.00000124  00000+0  00000+0 0  9992
2 36516   0.0360 279.2586 0002509 282.8369  75.9025  1.00272699 60184
ASTRA 3B                
1 36581U 10021A   26283.09697053  .00000130  00000+0  00000+0 0  9999
2 36581   1.7588  81.9467 0002863  85.2438 269.9175  1.00270432 60013
COMSATBW-2              
1 36582U 10021B   26283.09489052  .00000080  00000+0  00000+0 0  9992
2 36582   0.0190 179.8968 0002777  33.9375 212.2900  1.00268470 60108
BREEZE-M R/B            
1 36587U 09075B   26277.17507595  .00000150  00000+0  00000+0 0  9997
2 36587  21.4716 301.4567 5766760 132.8886 298.4202  1.99404059119280
BEIDOU-2 G3             
1 36590U 10024A   26282.96548161 -.00000141  00000+0  00000+0 0  9995
2 36590   4.7848  60.8968 0003888 349.3039  35.5936  1.00270675 59925
BADR-5                  
1 36592U 10025A   26283.09835720  .00000145  00000+0  00000+0 0  9996
2 36592   0.0682 108.9059 0008405 114.9647 220.7550  1.00272812 54366
ARABSAT-5A              
1 36745U 10032B   26282.92880325  .00000144  00000+0  00000+0 0  9995
2 36745   0.3272  77.9424 0003387 114.6766 190.8221  1.00267328 59798
ECHOSTAR 15             
1 36792U 10034A   26283.24086133 -.00000009  00000+0  00000+0 0  9991
2 36792   0.0528  63.2015 0002186 104.3459 179.2506  1.00273626 59476
BEIDOU-2 IGSO-1         
1 36828U 10036A   26256.66970756 -.00000130  00000+0  00000+0 0  9997
2 36828  54.3037 162.1610 0058541 217.4777 320.7749  1.00289463 58981
NILESAT 201             
1 36830U 10037A   26283.09090383 -.00000066  00000+0  00000+0 0  9995
2 36830   0.0150 184.9342 0005480   7.6337 211.8828  1.00271124 59521
RASCOM-QAF 1R           
1 36831U 10037B   26283.09289718  .00000010  00000+0  00000+0 0  9996
2 36831   0.0115 217.6988 0005482 348.9221 208.4358  1.00271260 59451
AEHF-1 (USA 214)        
1 36868U 10039A   26283.09818387  .00000144  00000+0  00000+0 0  9996
2 36868   8.5083  66.5431 0003819 131.0445 246.4859  1.00276625 54816
ZHONGXING-6A            
1 37150U 10042A   26283.26865794 -.00000135  00000+0  00000+0 0  9999
2 37150   4.5170  75.7233 0002873 184.0076  26.7250  0.99706754 59023
SL-6 R/B(2)             
1 37171U 10049B   26278.61371128 -.00001032  00000+0  13628-3 0  9996
2 37171  61.8214 160.1401 7387844 258.3298  18.1206  2.04441504119311
XM-5                    
1 37185U 10053A   26283.06949707 -.00000032  00000+0  00000+0 0  9990
2 37185   0.0646 269.1565 0000440 187.4875 191.8816  1.00272955 58631
BSAT-3B                 
1 37207U 10056B   26282.97146163 -.00000359  00000+0  00000+0 0  9994
2 37207   0.0180 159.5497 0004357  57.6097 261.0038  1.00271492 53254
BEIDOU-2 G4             
1 37210U 10057A   26283.29383156 -.00000117  00000+0  00000+0 0  9992
2 37210   3.9286  68.1154 0009070 183.4866  33.1159  1.00272636 58440
MERIDIAN 3              
1 37212U 10058A   26281.99582950  .00000242  00000+0  00000+0 0  9991
2 37212  63.4550  78.9338 6900668 260.8956  21.7309  2.00609777116748
SL-26 R/B               
1 37213U 10058B   26280.04497626  .00001449  00000+0  00000+0 0  9992
2 37213  63.7395  55.4336 7072975 261.0987  19.9979  2.00867647116672
SKYTERRA 1              
1 37218U 10061A   26283.24556150 -.00000123  00000+0  00000+0 0  9993
2 37218   5.3693  50.5665 0002661 133.4099 181.9778  1.00273115 58341
DELTA 4 R/B             
1 37233U 10063B   26261.23555091 -.00000068  00000+0  00000+0 0  9998
2 37233   9.6343  79.7168 0211770  70.9237 291.4849  1.04038303 27276
HYLAS 1                 
1 37237U 10065A   26283.26172458 -.00000312  00000+0  00000+0 0  9995
2 37237   5.9292  71.5484 0001205 111.6006  65.7217  1.00272132  8041
INTELSAT 17 (IS-17)     
1 37238U 10065B   26283.10537723 -.00000010  00000+0  00000+0 0  9994
2 37238   0.0100 220.0689 0002449 334.2695 288.3437  1.00270030 54405
BEIDOU-2 IGSO-2         
1 37256U 10068A   26281.40258419 -.00000197  00000+0  00000+0 0  9996
2 37256  47.3467 270.4126 0056714 216.7126 138.5525  1.00245308 57921
EUTELSAT KA-SAT 9A      
1 37258U 10069A   26283.09402384  .00000053  00000+0  00000+0 0  9998
2 37258   0.0797 352.3015 0005211 177.6527 251.6458  1.00271930 45152
HISPASAT 30W-5          
1 37264U 10070A   26283.08631047 -.00000225  00000+0  00000+0 0  9998
2 37264   0.0586  98.9632 0005241  87.4636 193.3614  1.00271331 54336
KOREASAT 6              
1 37265U 10070B   26283.18358635 -.00000120  00000+0  00000+0 0  9993
2 37265   0.0381  80.0789 0002633 143.9126  20.7868  1.00272071 57923
ELEKTRO-L 1 (GOMS 2)    
1 37344U 11001A   26283.06195705  .00000120  00000+0  00000+0 0  9999
2 37344   9.9437  53.3020 0003121  42.5446 151.9574  1.00193380 57638
FREGAT R/B              
1 37345U 11001B   26282.86742792 -.00000322  00000+0  00000+0 0  9996
2 37345  10.4560  41.3149 0150925  74.9553 312.0454  1.02801165 61580
BEIDOU-2 IGSO-3         
1 37384U 11013A   26283.25617789 -.00000199  00000+0  00000+0 0  9995
2 37384  62.5760  39.0775 0035160 185.7214 353.4905  1.00285806 56816
INTELSAT 28 (IS-28)     
1 37392U 11016A   26283.08605047 -.00000232  00000+0  00000+0 0  9990
2 37392   2.0970  81.0567 0003431 121.8279 175.1051  1.00272741 54432
YAHSAT 1A               
1 37393U 11016B   26282.96010825  .00000092  00000+0  00000+0 0  9994
2 37393   0.0059 222.4767 0001648 341.7670 212.4979  1.00271169 43556
SBIRS GEO-1 (USA 230)   
1 37481U 11019A   26282.96002159  .00000093  00000+0  00000+0 0  9997
2 37481   4.7876  52.9460 0001855 149.0411 214.0234  1.00272411 56557
GSAT-8                  
1 37605U 11022A   26283.10321056  .00000077  00000+0  00000+0 0  9998
2 37605   2.4220  80.2843 0007219 164.5638 226.1352  1.00273296 54370
ST-2                    
1 37606U 11022B   26283.03847028 -.00000221  00000+0  00000+0 0  9995
2 37606   0.0221 116.3263 0002036 113.4146 250.8010  1.00272432 56437
SES-3                   
1 37748U 11035A   26283.24553409 -.00000109  00000+0  00000+0 0  9991
2 37748   1.6181  81.5945 0002679 138.3943 144.2777  1.00271945 55747
KAZSAT-2                
1 37749U 11035B   26283.10945059 -.00000206  00000+0  00000+0 0  9991
2 37749   0.0422 311.4799 0001349 298.1000 255.0715  1.00270210 54558
BREEZE-M R/B            
1 37751U 11035D   26282.62380355 -.00000116  00000+0  00000+0 0  9992
2 37751   9.5727  32.7985 0768087  69.1219 301.2312  1.12712911 62671
SPEKTR-R                
1 37755U 11037A   26278.04150225 -.00000945  00000+0  00000+0 0  9990
2 37755  19.7845 139.0105 9285653 172.6831   4.1744  0.12008194  6009
BEIDOU-2 IGSO-4         
1 37763U 11038A   26282.68784282 -.00000053  00000+0  00000+0 0  9991
2 37763  54.6016 164.6535 0160632 230.7434 324.0498  1.00262654 55793
ASTRA 1N                
1 37775U 11041A   26283.09610385  .00000111  00000+0  00000+0 0  9990
2 37775   0.1167  51.1698 0003658 123.1341 258.2186  1.00272910 45679
BSAT-3C (JCSAT-110R)    
1 37776U 11041B   26282.73948617 -.00000360  00000+0  00000+0 0  9990
2 37776   0.0596  53.0026 0000325 254.2995  87.2280  1.00270006 51610
BREEZE-M DEB [ADAPTOR]  
1 37787U 11035E   26283.02503687 -.00000032  00000+0  00000+0 0  9998
2 37787  24.9851  42.7132 6136479 211.1479 100.0553  2.05990864112497
ZHONGXING-1A            
1 37804U 11047A   26283.09957054  .00000143  00000+0  00000+0 0  9991
2 37804   4.0084  76.8532 0002036 219.1338 155.5881  1.00031009 28488
COSMOS 2473             
1 37806U 11048A   26283.05987704  .00000120  00000+0  00000+0 0  9990
2 37806   5.8642  72.0005 0006842 145.6989  18.6609  1.00302613  8629
BREEZE-M R/B            
1 37807U 11048B   26282.49412324 -.00000187  00000+0  00000+0 0  9993
2 37807  10.2733  41.7531 0227651  88.3425 287.2093  1.04264353 56816
SES-2                   
1 37809U 11049A   26283.25068984 -.00000204  00000+0  00000+0 0  9990
2 37809   0.3483  86.3946 0002811 112.7107 183.0193  1.00272167 55117
ARABSAT-5C              
1 37810U 11049B   26283.09627719  .00000115  00000+0  00000+0 0  9991
2 37810   0.0614  20.6015 0004007 185.2787 227.5164  1.00273602 55182
EUTELSAT 7 WEST A       
1 37816U 11051A   26283.09081716 -.00000069  00000+0  00000+0 0  9990
2 37816   0.0670   2.4480 0006394 188.5785 213.0703  1.00271878 55024
QUETZSAT 1              
1 37826U 11054A   26283.30156307 -.00000250  00000+0  00000+0 0  9999
2 37826   0.0537  59.0018 0002782 148.5856 202.9092  1.00272189 51024
INTELSAT 18 (IS-18)     
1 37834U 11056A   26283.27047794  .00000045  00000+0  00000+0 0  9996
2 37834   0.0165 250.9026 0002250 325.2835  80.0786  1.00273774 54964
SL-23 R/B               
1 37835U 11056B   26282.71904263  .00000144  00000+0  00000+0 0  9998
2 37835  19.5030 307.2371 5670029 294.7879  17.3999  1.96795524107929
EUTELSAT 16A            
1 37836U 11057A   26283.09246384 -.00000048  00000+0  00000+0 0  9999
2 37836   0.1546  71.2174 0005648 125.5672 216.3299  1.00024310  8481
VIASAT-1                
1 37843U 11059A   26283.06949707  .00000000  00000+0  00000+0 0  9992
2 37843   0.0232 215.2416 0002216 336.8604  96.4927  1.00271532 48477
ASIASAT 7               
1 37933U 11069A   26283.04697610 -.00000343  00000+0  00000+0 0  9995
2 37933   0.0689  78.1398 0001394  95.6656 327.2932  1.00270657 46017
BEIDOU-2 IGSO-5         
1 37948U 11073A   26282.87708351 -.00000201  00000+0  00000+0 0  9994
2 37948  47.4766 270.1103 0116036 224.6121 295.3979  1.00272196 54287
AMOS-5                  
1 37950U 11074A   26283.02850356  .00000143  00000+0  00000+0 0  9993
2 37950   9.0907  59.4539 0001837 117.4296 249.8086  1.00198679 54158
LUCH-5A                 
1 37951U 11074B   26282.69773056 -.00000051  00000+0  00000+0 0  9996
2 37951   9.0393  72.1024 0004411 142.6376 221.9148  1.00275372 54201
BREEZE-M R/B            
1 37952U 11074C   26276.85180633 -.00000152  00000+0  00000+0 0  9993
2 37952  11.6613  49.4647 0800587 182.5517 150.1493  0.89625344 48115
NIGCOMSAT 1R            
1 38014U 11077A   26283.10069721  .00000136  00000+0  00000+0 0  9997
2 38014   0.0224 148.3897 0003224 176.8731 132.2145  1.00274070 54109
WGS F4 (USA 233)        
1 38070U 12003A   26283.10979726 -.00000223  00000+0  00000+0 0  9992
2 38070   0.0214 180.8460 0001231 243.3489  82.4677  1.00271681 45306
DELTA 4 R/B             
1 38071U 12003B   26282.63399705  .00000173  00000+0  28294-2 0  9994
2 38071  22.8503  75.4872 8203774  11.7915 359.0973  1.17696731 62318
FENGYUN 2F AKM          
1 38072U 12002C   26283.09575719 -.00000039  00000+0  00000+0 0  9990
2 38072   9.4335  56.5725 0063166 208.7277 165.4287  0.99397210 52988
SES-4                   
1 38087U 12007A   26283.08795715 -.00000176  00000+0  00000+0 0  9992
2 38087   0.0190  45.7733 0002573 156.0762 186.5431  1.00272435 53371
BEIDOU-2 G5             
1 38091U 12008A   26283.10390390  .00000050  00000+0  00000+0 0  9991
2 38091   3.8558  68.8500 0007975 234.4782 171.5750  1.00275973 53522
MUOS-1                  
1 38093U 12009A   26283.24651444 -.00000133  00000+0  00000+0 0  9992
2 38093   5.7100  46.9325 0051265   2.6428 318.0713  1.00273202 53590
INTELSAT 22 (IS-22)     
1 38098U 12011A   26283.10659058 -.00000067  00000+0  00000+0 0  9990
2 38098   0.0167 140.0364 0001632  60.6194 288.5519  1.00271411  8340
BREEZE-M R/B            
1 38099U 12011B   26282.35718511 -.00000329  00000+0  00000+0 0  9998
2 38099  25.2274 151.5389 7641120  31.3864 357.4939  1.11834639 59258
COSMOS 2479             
1 38101U 12012A   26282.86753529 -.00000328  00000+0  00000+0 0  9996
2 38101   9.1108  55.1734 0005728 216.6244 159.0870  1.00388415 53240
SL-12 R/B(2)            
1 38104U 12012D   26283.06137135 -.00000189  00000+0  00000+0 0  9996
2 38104   9.1005  55.3669 0011314 301.2072 311.4609  1.00385056 53215
APSTAR-7                
1 38107U 12013A   26283.10745725 -.00000110  00000+0  00000+0 0  9999
2 38107   0.0120 149.3966 0002711  57.1922 287.3244  1.00271989 52979
YAHSAT 1B               
1 38245U 12016A   26283.10173722  .00000118  00000+0  00000+0 0  9994
2 38245   0.1047  85.8031 0001224 150.0404 227.1232  1.00270856 46765
AEHF-2 (USA 235)        
1 38254U 12019A   26283.08908382 -.00000139  00000+0  00000+0 0  9996
2 38254   6.9126  56.5678 0003037 161.8579 175.8404  1.00273775  8138
JCSAT-13                
1 38331U 12023A   26283.25938457 -.00000364  00000+0  00000+0 0  9992
2 38331   0.0354  80.3903 0002360 120.5091  35.3696  1.00270351 52709
VINASAT-2               
1 38332U 12023B   26283.26094457 -.00000337  00000+0  00000+0 0  9997
2 38332   0.0191  26.4127 0002011 164.1123  54.1452  1.00273422 47818
NIMIQ 6                 
1 38342U 12026A   26283.15542310 -.00000182  00000+0  00000+0 0  9993
2 38342   0.0545  68.4090 0002859 131.2232 144.0066  1.00272133 51579
ZHONGXING-2A            
1 38352U 12028A   26283.04046362 -.00000300  00000+0  00000+0 0  9992
2 38352   1.7453  82.2225 0002285 187.4568 221.8079  1.00272076 52450
INTELSAT 19 (IS-19)     
1 38356U 12030A   26282.84003785  .00000000  00000+0  00000+0 0  9994
2 38356   0.0151 208.3062 0002937 353.5343 285.0270  1.00271380 51600
BLOCK DM-SL R/B         
1 38357U 12030B   26283.14130882 -.00000083  00000+0  10897-2 0  9998
2 38357   0.7869  21.9337 7099067  52.3424 348.2965  2.25337024118220
DELTA 4 R/B             
1 38529U 12034B   26282.68912203 -.00000047  00000+0  00000+0 0  9998
2 38529   7.2244  58.5748 0195863 183.0169 176.9455  1.03149377 27826
ECHOSTAR 17             
1 38551U 12035A   26283.24334542 -.00000084  00000+0  00000+0 0  9992
2 38551   0.0167 142.4448 0001871  49.8443 167.0884  1.00271558 52217
METEOSAT-10 (MSG-3)     
1 38552U 12035B   26283.09229051 -.00000010  00000+0  00000+0 0  9993
2 38552   4.9404  60.3693 0000766 138.2057 213.5629  1.00275750 52000
SES-5                   
1 38652U 12036A   26283.09324384  .00000025  00000+0  00000+0 0  9995
2 38652   0.0565   9.2044 0002086 185.5446 222.5155  1.00272303 45605
SATCOM 3 DEB            
1 38687U 79101W   26282.87006963 -.00000045  00000+0  00000+0 0  9997
2 38687   7.5743 172.5640 4731343 294.4348  24.1150  1.80327656124967
SATCOM 3 DEB            
1 38688U 79101X   26282.00019833 -.00000182  00000+0  00000+0 0  9995
2 38688   8.3195  80.0741 4947635 112.7988 306.0687  1.80459216 14309
TITAN 3C TRANSTAGE DEB  
1 38690U 68081Q   26282.45026154  .00000006  00000+0  00000+0 0  9990
2 38690   2.0138  26.3085 0247221 322.3704  35.9527  0.99328271 51621
TITAN 3C TRANSTAGE DEB  
1 38691U 68081R   26282.31527620 -.00000320  00000+0  00000+0 0  9990
2 38691   2.6403  50.3812 0191125 260.7122  97.3560  1.00719175 52516
TITAN 3C TRANSTAGE DEB  
1 38692U 68081S   26282.69008728 -.00000354  00000+0  00000+0 0  9992
2 38692   2.0760  25.6359 0300577 291.1126  65.7143  0.99217336 42528
TITAN 3C TRANSTAGE DEB  
1 38694U 68081U   26279.67431311 -.00000319  00000+0  00000+0 0  9997
2 38694  12.5347  63.9561 4638909 275.8694  35.1193  0.70099896 45227
TITAN 3C TRANSTAGE DEB  
1 38697U 68081X   26282.53800797  .00000027  00000+0  00000+0 0  9992
2 38697   5.6988  43.4037 0648916 115.8359 251.0499  1.01465797 76023
TITAN 3C TRANSTAGE DEB  
1 38700U 68081AA  26282.79999957 -.00000237  00000+0  00000+0 0  9996
2 38700   2.5266  63.2749 0125458 211.0814 148.5104  1.02730772 65771
TITAN 3C TRANSTAGE DEB  
1 38701U 68081AB  26262.53462944 -.00000021  00000+0  00000+0 0  9999
2 38701   2.5795  52.4139 0157324 253.1954 105.4439  1.01158539 20656
TITAN 3C TRANSTAGE DEB  
1 38702U 68081AC  26283.05030265  .00000002  00000+0  00000+0 0  9995
2 38702   1.3701  53.2010 0213272  37.0021 324.8898  1.02227808 70891
TITAN 3C TRANSTAGE DEB  
1 38704U 68081AE  26282.59700949  .00000014  00000+0  00000+0 0  9991
2 38704   4.3970  62.8933 0205370 220.0639 138.5870  1.02192739 77175
TITAN 3C TRANSTAGE DEB  
1 38705U 68081AF  26282.72075002 -.00000111  00000+0  00000+0 0  9991
2 38705   3.4513  61.0331 0280519   0.7087 359.5188  1.02089521 76237
INTELSAT 20 (IS-20)     
1 38740U 12043A   26283.03457025 -.00000034  00000+0  00000+0 0  9995
2 38740   0.0224 130.0933 0001495  49.6488 279.8742  1.00272325 51893
HYLAS 2                 
1 38741U 12043B   26283.09263718  .00000046  00000+0  00000+0 0  9998
2 38741   2.7166  79.5267 0004881 169.5605 164.7232  1.00523267 51924
INTELSAT 21 (IS-21)     
1 38749U 12045A   26283.09547061  .00000000  00000+0  00000+0 0  9994
2 38749   0.0169 187.8775 0001995  11.2629 155.9482  1.00268941 51671
ASTRA 2F                
1 38778U 12051A   26283.09783720  .00000141  00000+0  00000+0 0  9993
2 38778   0.0453 250.9388 0004109 321.8903 229.2986  1.00272445 42281
GSAT-10                 
1 38779U 12051B   26283.10875726 -.00000174  00000+0  00000+0 0  9991
2 38779   0.0839 265.6681 0004645 220.4919  14.7524  1.00272764 51262
INTELSAT 23 (IS-23)     
1 38867U 12057A   26283.01056348 -.00000294  00000+0  00000+0 0  9999
2 38867   0.0131 256.5771 0001918 356.9591  75.9127  1.00274182 51102
BEIDOU-2 G6             
1 38953U 12059A   26283.03769028 -.00000181  00000+0  00000+0 0  9990
2 38953   4.7076  72.2095 0006650 316.5590  87.5269  1.00272348 51061
LUCH-5B                 
1 38977U 12061A   26283.10658051 -.00000142  00000+0  00000+0 0  9997
2 38977  10.7292  48.7146 0006562 176.8129 175.2384  1.00271070 50755
YAMAL 300K              
1 38978U 12061B   26283.27108462  .00000063  00000+0  00000+0 0  9993
2 38978   0.0116 196.0924 0000640 288.5451 174.8107  1.00271811 50788
STAR ONE C3             
1 38991U 12062A   26283.25535520 -.00000257  00000+0  00000+0 0  9992
2 38991   0.0506  71.0836 0002119 139.0603 185.6824  1.00273050 50910
EUTELSAT 21B            
1 38992U 12062B   26283.09653720  .00000121  00000+0  00000+0 0  9997
2 38992   0.0715 348.6379 0002984 202.0245 244.4301  1.00269489 50983
MERIDIAN 6              
1 38995U 12063A   26266.24437718 -.00000637  00000+0  00000+0 0  9999
2 38995  63.6725 340.8364 7374181 227.9725  40.4819  2.00699718101479
FREGAT R/B              
1 38996U 12063B   26282.51807385 -.00001253  00000+0  00000+0 0  9994
2 38996  63.8907 340.6862 7363459 229.4871  38.8066  2.00193616101606
ECHOSTAR 16             
1 39008U 12065A   26283.04883443 -.00000291  00000+0  00000+0 0  9990
2 39008   0.0185 196.6495 0001955 354.0548 144.0571  1.00272200 50792
ZHONGXING-12            
1 39017U 12067A   26283.10962392 -.00000215  00000+0  00000+0 0  9996
2 39017   0.0290 119.4481 0002722  80.5204 305.7357  1.00271420 50667
EUTELSAT 70B            
1 39020U 12069A   26283.10624391 -.00000052  00000+0  00000+0 0  9995
2 39020   0.0677  10.3758 0003826 188.4229 288.6865  1.00271900 50663
YAMAL 402               
1 39022U 12070A   26282.46170977  .00000076  00000+0  00000+0 0  9998
2 39022   1.5530  82.5187 0003523 116.5716  40.1284  1.00273047 50540
BREEZE-M R/B            
1 39023U 12070B   26283.22306907 -.00000333  00000+0  00000+0 0  9995
2 39023  26.2095  17.5925 6351613 229.6879  54.7702  2.09997392105472
SKYNET 5D               
1 39034U 12075A   26283.10269056  .00000090  00000+0  00000+0 0  9991
2 39034   0.0748 359.2433 0004040 207.3355 261.8711  1.00272588 50310
MEXSAT 3                
1 39035U 12075B   26283.24149845  .00000000  00000+0  00000+0 0  9991
2 39035   0.0214 207.5646 0001298 346.4770 156.9642  1.00262872  8201
TDRS 11                 
1 39070U 13004A   26283.03269742  .00000074  00000+0  00000+0 0  9990
2 39070   3.6980  32.9157 0002339  32.8906 150.3444  1.00277195 47845
AMAZONAS 3              
1 39078U 13006A   26283.09547061 -.00000291  00000+0  00000+0 0  9991
2 39078   0.0165 188.6798 0005204  15.7328 147.6969  1.00271935 46072
AZERSPACE 1             
1 39079U 13006B   26283.10139056  .00000124  00000+0  00000+0 0  9999
2 39079   0.0403  67.0612 0001758 157.2165 236.9336  1.00271942 49963
SBIRS GEO-2 (USA 241)   
1 39120U 13011A   26283.24675153 -.00000151  00000+0  00000+0 0  9991
2 39120   4.7369  52.4150 0002564 152.9745 165.5225  1.00271656 49684
EUTELSAT 117 WEST A     
1 39122U 13012A   26283.24217316 -.00000021  00000+0  00000+0 0  9993
2 39122   0.0556  56.3835 0002801 142.4944 150.3667  1.00272269 49587
ANIK G1                 
1 39127U 13014A   26283.24323362 -.00000082  00000+0  00000+0 0  9996
2 39127   0.0571  78.0838 0003128 132.6961 148.3554  1.00272227 49403
ZHONGXING-11            
1 39157U 13020A   26283.04037696 -.00000300  00000+0  00000+0 0  9999
2 39157   0.0299 330.4261 0000538 169.9558 350.6951  1.00274818 49053
EUTELSAT 7B             
1 39163U 13022A   26283.09541052  .00000095  00000+0  00000+0 0  9999
2 39163   0.0712 355.2691 0002561 119.7453 314.0459  1.00270688 49099
WGS F5 (USA 243)        
1 39168U 13024A   26283.08189046  .00000000  00000+0  00000+0 0  9992
2 39168   0.0199 214.2910 0000357 306.2925 195.0900  1.00268320 48333
DELTA 4 R/B             
1 39169U 13024B   26282.37527699 -.00000414  00000+0  75413-3 0  9998
2 39169  26.3732  22.4658 8230082  36.3210 357.3783  1.10023237 53708
SES-6                   
1 39172U 13026A   26283.08431713 -.00000270  00000+0  00000+0 0  9990
2 39172   0.0509  36.8733 0001923 159.5153 172.1837  1.00270710 48876
BREEZE-M R/B            
1 39173U 13026B   26283.17754400 -.00000158  00000+0  00000+0 0  9997
2 39173  27.0501 295.6266 7669634 212.7944  58.7352  1.10516105 53521
IRNSS-1A                
1 39199U 13034A   26274.47906318  .00000078  00000+0  00000+0 0  9994
2 39199  35.9547  62.3509 0021243 181.2766 354.2097  1.00269027 48430
MUOS-2                  
1 39206U 13036A   26282.69859722 -.00000019  00000+0  00000+0 0  9990
2 39206   5.2232  45.5454 0058194 178.9368 217.3710  1.00269566 48347
ALPHASAT                
1 39215U 13038A   26283.09723053  .00000127  00000+0  00000+0 0  9993
2 39215   3.0056   0.5871 0003591 208.6223 229.3748  1.00271574 45177
INSAT-3D                
1 39216U 13038B   26283.26051124 -.00000345  00000+0  00000+0 0  9999
2 39216   2.2171  80.9531 0001777 133.3928  27.8355  1.00270252 48239
WGS F6 (USA 244)        
1 39222U 13041A   26283.23264807  .00000081  00000+0  00000+0 0  9997
2 39222   0.0012 184.0449 0000132 131.4391  11.9183  1.00271490 47212
ES'HAIL 1               
1 39233U 13044A   26283.09731720  .00000134  00000+0  00000+0 0  9998
2 39233   0.0565   9.4533 0002196 182.0211 247.7735  1.00269686 47773
GSAT-7                  
1 39234U 13044B   26283.10693725 -.00000085  00000+0  00000+0 0  9999
2 39234   0.3711  85.9814 0006158 170.2777 234.9792  1.00271697 46415
AMOS-4                  
1 39237U 13045A   26283.10520390 -.00000002  00000+0  00000+0 0  9999
2 39237   0.0372 100.8723 0001172 112.5547 268.2038  1.00272886 48112
SL-23 R/B               
1 39238U 13045B   26282.63743482 -.00000126  00000+0  00000+0 0  9993
2 39238  26.7221  55.7366 6407036 147.6162 276.7846  2.10662619100871
AEHF-3 (USA 246)        
1 39256U 13050A   26283.28105988  .00000024  00000+0  00000+0 0  9990
2 39256   5.5733  66.0598 0093083 189.3118 100.5498  1.00275523 46808
ASTRA 2E                
1 39285U 13056A   26283.09792387  .00000142  00000+0  00000+0 0  9993
2 39285   0.0764 315.4089 0002148 246.7161 240.3492  1.00272160 47574
TITAN 3C TRANSTAGE DEB  
1 39296U 68081AG  26283.27117128  .00000027  00000+0  00000+0 0  9999
2 39296   1.7824  37.5605 0157693 298.4498 324.7205  1.00571052 52847
TITAN 3C TRANSTAGE DEB  
1 39297U 68081AH  26281.57935545 -.00000135  00000+0  00000+0 0  9993
2 39297   1.7673  31.6588 0192718 301.8235  56.4824  1.00372203 17619
TITAN 3C TRANSTAGE DEB  
1 39298U 68081AJ  26282.69651721 -.00000204  00000+0  00000+0 0  9996
2 39298   1.8158  32.2620 0148815 316.2982  79.9365  1.00184674 67439
CZ-3B DEB               
1 39333U 10042E   26282.81481773 -.00000106  00000+0  10263-2 0  9998
2 39333  24.5499 345.8624 7459038 191.6596 154.0519  1.91305610 92317
CZ-3B DEB               
1 39334U 10042F   26281.91487606  .00000053  00000+0  00000+0 0  9995
2 39334  25.1555 208.6904 7363418  96.7740 356.1258  1.86384495 99940
CZ-3B DEB               
1 39335U 10042G   26282.38125946 -.00000328  00000+0  18291-2 0  9994
2 39335  28.2739   3.0920 7362013  17.6195   5.3064  1.97556808 86316
CZ-3B DEB               
1 39337U 10042J   26282.65377234  .00000114  00000+0  45828-2 0  9993
2 39337  24.9686  81.7267 7517886 350.1473   0.7398  1.84269991 84815
CZ-3C DEB               
1 39338U 10057C   26280.37926864 -.00000255  00000+0  38534-3 0  9990
2 39338  20.1872 327.0036 7189611  53.4106 353.0458  2.25956430106934
CZ-3C DEB               
1 39339U 10057D   26282.11918545 -.00000111  00000+0 -50306-2 0  9994
2 39339  20.5005 221.6741 7188452 270.7650 102.8774  2.14567558101763
CZ-3C DEB               
1 39342U 10057G   26282.86384451  .00000079  00000+0  20519-2 0  9997
2 39342  20.4725  61.0817 7191182 230.9900  35.6145  2.20689407104746
CZ-3C DEB               
1 39346U 10057L   26282.90896465  .00000010  00000+0  25255-2 0  9996
2 39346  20.0603 129.2855 7207971  93.2923 343.6798  2.17982731103443
CZ-3C DEB               
1 39348U 10057N   26281.70128169 -.00000199  00000+0  32769-3 0  9992
2 39348  20.4894 285.1026 7218548 111.0794 335.2787  2.26185314106967
CZ-3C DEB               
1 39350U 10057Q   26277.53297777 -.00000225  00000+0  70621-4 0  9993
2 39350  20.4393   5.4825 7206374 337.5657  13.2045  2.22924813102418
CZ-3C DEB               
1 39352U 10057S   26282.49620728  .00000024  00000+0  24362-2 0  9997
2 39352  20.4291 118.3289 7216938 103.2064  23.8052  2.18293815103515
CZ-3C DEB               
1 39353U 10057T   26278.50752812  .00000067  00000+0  27459-2 0  9992
2 39353  20.4154  39.6903 7143332 274.8862  27.8648  2.24427845106270
FM-6                    
1 39360U 13058A   26283.09671968 -.00000025  00000+0  00000+0 0  9991
2 39360   0.0183 250.1152 0000237  30.4866  16.5827  1.00272807 47221
RADUGA-1M 3             
1 39375U 13062A   26283.02798356  .00000148  00000+0  00000+0 0  9991
2 39375   6.2491  70.8781 0001974 311.2055  41.5835  1.00270895 47256
BREEZE-M R/B            
1 39376U 13062B   26261.23793665 -.00000102  00000+0  00000+0 0  9990
2 39376   9.6128  50.7249 0233113 119.3015 243.1299  1.04208811 48913
COSMOS 1030 DEB         
1 39447U 78083T   26282.90158855  .00000580  00000+0  00000+0 0  9995
2 39447  63.7628 175.8736 7044485   4.2244 359.6346  2.00390880 85049
SES-8                   
1 39460U 13071A   26283.03985696 -.00000279  00000+0  00000+0 0  9998
2 39460   0.0353 286.3255 0001608 237.6222 324.0816  1.00272715 45586
INMARSAT 5-F1           
1 39476U 13073A   26283.03344359  .00000000  00000+0  00000+0 0  9993
2 39476   0.0180 200.3541 0000108 228.6007  24.3308  1.00264980 46728
TKSAT-1 (TUPAC KATARI)  
1 39481U 13075A   26283.25069009 -.00000203  00000+0  00000+0 0  9997
2 39481   0.0182 276.8978 0001625 281.3944 183.6282  1.00270619 46758
EXPRESS-AM5             
1 39487U 13077A   26282.49051792 -.00000291  00000+0  00000+0 0  9997
2 39487   0.0198 243.3583 0002472 241.3801 210.0087  1.00270053 47505
BREEZE-M R/B            
1 39494U 13073C   26275.65566949 -.00000373  00000+0  00000+0 0  9997
2 39494  24.6337 176.4226 7399575 179.3681 182.8503  1.09862021 50454
GSAT-14                 
1 39498U 14001A   26283.10693725 -.00000086  00000+0  00000+0 0  9996
2 39498   0.0525  79.2271 0006120 151.3771 260.6404  1.00271875 46530
THAICOM 6               
1 39500U 14002A   26283.10780391 -.00000130  00000+0  00000+0 0  9997
2 39500   0.0769 100.5912 0003041  72.4703 323.0230  1.00271813 46613
TDRS 12                 
1 39504U 14004A   26283.08423046 -.00000277  00000+0  00000+0 0  9993
2 39504   4.1009  20.8372 0006635 226.0253 121.2071  1.00275514 45423
ABS-2                   
1 39508U 14006A   26283.10711058 -.00000096  00000+0  00000+0 0  9994
2 39508   0.0568  75.7531 0003627 120.4822 295.9951  1.00277053 46433
ATHENA-FIDUS            
1 39509U 14006B   26283.02850356  .00000145  00000+0  00000+0 0  9995
2 39509   0.0217 128.1869 0001417  82.4850 216.0404  1.00271269 46233
TURKSAT 4A              
1 39522U 14007A   26283.10061054  .00000137  00000+0  00000+0 0  9990
2 39522   0.0635 286.6673 0004434 331.1240 199.1292  1.00270363 46122
CZ-3C DEB               
1 39600U 10057X   26276.14744483 -.00000070  00000+0  23943-3 0  9990
2 39600  20.2114 292.7606 7224624 111.7074 334.9796  2.25365773105670
EXPRESS-AT1             
1 39612U 14010A   26283.10797725 -.00000144  00000+0  00000+0 0  9994
2 39612   0.5484  84.0473 0004646  96.7845 315.8279  1.00313880 45973
EXPRESS-AT2             
1 39613U 14010B   26283.10338390  .00000070  00000+0  00000+0 0  9991
2 39613   0.0187 231.1088 0000272 228.1534  12.6904  1.00273130 45658
BREEZE-M R/B            
1 39614U 14010C   26281.80806261 -.00000179  00000+0  00000+0 0  9995
2 39614  11.2710  58.1314 0664846  55.1321 310.9581  0.90579997 41535
AMAZONAS 4A             
1 39616U 14011A   26283.25535512 -.00000261  00000+0  00000+0 0  9999
2 39616   0.0501 180.0616 0006118  19.8800 196.8557  1.00272831 45865
ASTRA 5B                
1 39617U 14011B   26283.09697053  .00000128  00000+0  00000+0 0  9992
2 39617   0.0874 297.4537 0003423 273.8311 225.8623  1.00269759 45816
IRNSS-1B                
1 39635U 14017A   26280.96494749  .00000076  00000+0  00000+0 0  9990
2 39635  29.1863 238.4676 0018822 190.3339 350.3525  1.00268531 45921
CTS DEB [ARRAY COVER]   
1 39688U 76004E   26283.15595616 -.00000199  00000+0  00000+0 0  9998
2 39688   2.9407 263.8269 0040717 213.0702 228.6216  1.00305968 43936
CTS DEB [ARRAY COVER]   
1 39689U 76004F   26282.95440977 -.00000213  00000+0  00000+0 0  9992
2 39689   2.9739 264.7644 0119921  62.8035 297.9519  1.00228192 68042
LUCH-5V                 
1 39727U 14023A   26282.96851495 -.00000274  00000+0  00000+0 0  9997
2 39727   5.4156  68.4877 0002946 167.3584 226.1765  1.00270632 45511
KAZSAT-3                
1 39728U 14023B   26283.03257692  .00000052  00000+0  00000+0 0  9999
2 39728   0.0149 271.7428 0000100 261.0099 276.1389  1.00271756 43602
EUTELSAT 3B             
1 39773U 14030A   26283.09289718  .00000011  00000+0  00000+0 0  9992
2 39773   0.0674  15.0570 0004179 178.3050 221.8973  1.00272509 45211
MSG 1 DEB [COOLER COVER]
1 39998U 02040E   26281.10490229 -.00000279  00000+0  00000+0 0  9997
2 39998  12.5295  14.1378 0013453 224.6491 109.5919  1.01194121 18971
ASIASAT 8 (AMOS-7)      
1 40107U 14046A   26283.04185029 -.00000342  00000+0  00000+0 0  9995
2 40107   0.0232 261.2437 0001744 319.4457 278.3531  1.00270414103300
ASIASAT 6               
1 40141U 14052A   26283.11641949 -.00000371  00000+0  00000+0 0  9998
2 40141   0.0532  69.6641 0000719 117.5135 353.3860  1.00269854 44230
OPTUS 10                
1 40146U 14054A   26282.90919815 -.00000156  00000+0  00000+0 0  9992
2 40146   0.0994 323.5549 0001997 229.8803 308.4216  1.00271519 44185
MEASAT-3B               
1 40147U 14054B   26283.11040392  .00000000  00000+0  00000+0 0  9999
2 40147   0.0132  69.3553 0000545  87.4132 353.1942  1.00272482 44072
CZ-3B DEB               
1 40158U 10042K   26282.85627084  .00000006  00000+0  00000+0 0  9999
2 40158  25.4505 185.1967 7314740 130.2601 351.7532  1.88770478 88919
CZ-3B DEB               
1 40160U 10042M   26283.09237718 -.00000082  00000+0  00000+0 0  9995
2 40160  26.3497 228.9936 7296960  36.2209  61.2970  1.89906497 89403
CZ-3B DEB               
1 40162U 10042P   26282.07012526 -.00000077  00000+0  00000+0 0  9996
2 40162  26.1580 228.6715 7254533  43.0389 354.7907  1.92059501 90392
CZ-3B DEB               
1 40164U 10042R   26282.33178539  .00000144  00000+0  00000+0 0  9998
2 40164  26.0364 207.3523 7333176  69.3637  57.8332  1.89876638 89432
CZ-3B DEB               
1 40167U 10042U   26282.52516585 -.00000109  00000+0  00000+0 0  9991
2 40167  26.5839 249.1444 7177314   9.5407 358.7375  1.93611895 97777
CZ-3B DEB               
1 40169U 10042W   26276.07681931 -.00000160  00000+0  00000+0 0  9991
2 40169  25.6232 208.3652 7233476  83.9678   0.7872  1.93997163 99898
CZ-3C DEB               
1 40170U 10057Y   26283.09610385  .00000267  00000+0  95938-2 0  9998
2 40170  20.4557  66.5843 7125806 212.5283  78.7691  2.23812968108302
CZ-3B DEB               
1 40179U 11077C   26281.91431840  .00000075  00000+0  61679-3 0  9999
2 40179  25.5727 267.2584 7443397 200.7732  95.6716  1.91934005 90299
CZ-3B DEB               
1 40180U 11077D   26282.13076712  .00003119  00000+0  61364-2 0  9991
2 40180  23.2894 133.2579 7439736 132.0449 320.7096  2.03419876 91428
CZ-3B DEB               
1 40183U 11077G   26283.07693032  .00001372  00000+0  93516-2 0  9991
2 40183  21.2598 248.6782 7553907  10.1493 358.8835  1.85852827 83407
CZ-3B DEB               
1 40184U 11077H   26280.10321435  .00000355  00000+0  12525-2 0  9999
2 40184  21.4398 160.0953 7504958 148.8096 293.9985  1.93699095 82156
CZ-3B DEB               
1 40185U 11077J   26283.21559927 -.00000467  00000+0 -23539-2 0  9997
2 40185  24.8325 204.4528 7446802 319.4085   4.3966  1.93043382 87556
CZ-3B DEB               
1 40187U 11077L   26281.50300327 -.00000274  00000+0  18796-2 0  9991
2 40187  26.7020 324.7122 7376831  88.9240 346.2036  1.90950840 96775
CZ-3B DEB               
1 40189U 11077N   26282.41954659 -.00000403  00000+0  13405-2 0  9993
2 40189  27.0225 347.7931 7369699  41.3630 355.3249  1.90407748 96503
CZ-3B DEB               
1 40191U 11077Q   26282.25404880 -.00000023  00000+0 -24263-3 0  9998
2 40191  25.6064 215.3236 7464491 264.1239  15.2771  1.95232103 82025
CZ-3B DEB               
1 40193U 11077S   26282.38158222 -.00000342  00000+0  13129-2 0  9991
2 40193  26.8105   1.7198 7417435  25.6897 357.2662  1.86779801 78299
CZ-3C DEB               
1 40197U 12008G   26280.59989571 -.00000061  00000+0  00000+0 0  9999
2 40197  20.0424 216.0149 6990136 214.0319  70.0374  2.19831881103457
CZ-3C DEB               
1 40198U 12008H   26280.26297146  .00000247  00000+0  21168-2 0  9990
2 40198  19.6960 328.5581 7251177 341.5303   2.2505  2.18900795102060
CZ-3C DEB               
1 40200U 12008K   26279.80497620 -.00000148  00000+0  00000+0 0  9991
2 40200  20.5864 222.4689 6988112 191.3969 135.5385  2.19220239101179
CZ-3C DEB               
1 40201U 12008L   26282.94982839  .00000037  00000+0  86692-2 0  9992
2 40201  21.5910  37.8024 7093897 147.1832 289.7722  2.24776774105773
CZ-3C DEB               
1 40207U 12008S   26282.44152742 -.00000197  00000+0  29829-3 0  9993
2 40207  19.1046 269.6954 7198743  95.6865 342.6780  2.24302249 97986
BREEZE-M R/B            
1 40259U 14058B   26266.92115068 -.00000111  00000+0  00000+0 0  9994
2 40259  10.7583  58.8122 0636261 200.8597 156.5753  0.91686821 40138
HIMAWARI-8              
1 40267U 14060A   26283.26267792 -.00000283  00000+0  00000+0 0  9994
2 40267   0.0501  48.3863 0001280 187.1815  18.5477  1.00271785 43911
IRNSS-1C                
1 40269U 14061A   26283.03743028 -.00000165  00000+0  00000+0 0  9992
2 40269   6.8049  86.7233 0019245   9.3015  19.0075  1.00275319 43847
INTELSAT 30 (IS-30)     
1 40271U 14062A   26283.16105142  .00000000  00000+0  00000+0 0  9996
2 40271   0.0093 194.0241 0001391 222.2439 285.4318  1.00269953  7943
ARSAT 1                 
1 40272U 14062B   26283.25669030 -.00000268  00000+0  00000+0 0  9995
2 40272   0.0198 287.4868 0001617 265.1299 206.8722  1.00272505 43777
EUTELSAT 53A            
1 40277U 14064A   26283.03145024  .00000089  00000+0  00000+0 0  9990
2 40277   0.0152 234.2933 0001911 309.8807 258.8146  1.00271501 42718
BREEZE-M R/B            
1 40278U 14064B   26267.96178576 -.00000074  00000+0  00000+0 0  9998
2 40278   9.5565  61.5788 0581608 220.3112 135.3860  0.95221756 41476
MERIDIAN 7              
1 40296U 14069A   26282.83885637  .00000211  00000+0  00000+0 0  9991
2 40296  63.4466 204.2030 6609119 269.7652  20.3506  2.00606307 87535
GSAT-16                 
1 40332U 14078A   26283.10321056  .00000076  00000+0  00000+0 0  9992
2 40332   0.0583  80.5787 0004946  39.1279 351.2559  1.00271154 43276
DIRECTV 14              
1 40333U 14078B   26283.24597552  .00000000  00000+0  00000+0 0  9991
2 40333   0.0128 232.4026 0001000 219.8060 275.9557  1.00268910 43196
YAMAL 401               
1 40345U 14082A   26282.55136080 -.00000239  00000+0  00000+0 0  9992
2 40345   0.0120 207.8059 0000067 226.6901 232.1370  1.00273821 43066
ASTRA 2G                
1 40364U 14089A   26283.09783720  .00000000  00000+0  00000+0 0  9994
2 40364   0.0294   4.4105 0002023  89.6318 348.0661  1.00270190 43128
FENGYUN 2G              
1 40367U 14090A   26282.96938163 -.00000304  00000+0  00000+0 0  9995
2 40367   5.9240  71.3733 0004285 189.6023 206.0185  1.00262379 43159
CZ-3A R/B               
1 40368U 14090B   26282.51449110  .00000529  00000+0  72698-3 0  9990
2 40368  25.0548 357.7694 7257279 313.4454   5.8215  2.26466897 94926
FENGYUN 2G AKM          
1 40369U 14090C   26261.22327096 -.00000184  00000+0  00000+0 0  9996
2 40369   7.7855  67.4467 0048599 174.4325 185.7538  0.99592075 42561
MUOS-3                  
1 40374U 15002A   26283.08925715 -.00000134  00000+0  00000+0 0  9991
2 40374   4.7428  43.8509 0059108 180.3088 171.2691  1.00272030 42733
INMARSAT 5-F2           
1 40384U 15005A   26283.09547061  .00000000  00000+0  00000+0 0  9991
2 40384   0.0181 186.1603 0000436 295.3167 236.5611  1.00270064 42147
BREEZE-M R/B            
1 40385U 15005B   26281.70558958 -.00000385  00000+0  00000+0 0  9992
2 40385  26.8651 264.5121 7574977 147.1923 298.8585  1.11107172 47416
ABS-3A                  
1 40424U 15010A   26283.09168383 -.00000035  00000+0  00000+0 0  9997
2 40424   0.0121 231.0393 0001936 268.0294 269.6579  1.00274073 42522
EUTELSAT 115 WEST B     
1 40425U 15010B   26283.06958374 -.00000034  00000+0  00000+0 0  9991
2 40425   0.0183  56.3586 0000117 131.3804 101.1069  1.00272894 42536
MMS 1                   
1 40482U 15011A   26283.33337963 -.00001066  00000+0  00000+0 0  9996
2 40482  73.0099 347.4983 8239577 169.9155 164.2926  0.28339563  1362
MMS 2                   
1 40483U 15011B   26283.33337963 -.00001067  00000+0  00000+0 0  9998
2 40483  73.0145 347.4971 8242425 169.9162 164.2670  0.28339512  1377
MMS 3                   
1 40484U 15011C   26283.33337963 -.00001067  00000+0  00000+0 0  9999
2 40484  73.0137 347.5092 8240793 169.9252 164.2413  0.28339515  1356
MMS 4                   
1 40485U 15011D   26283.33337963 -.00001067  00000+0  00000+0 0  9990
2 40485  73.0098 347.4929 8241186 169.9352 164.2350  0.28340062  1370
EXPRESS-AM7             
1 40505U 15012A   26283.10017721  .00000142  00000+0  00000+0 0  9998
2 40505   0.0180 151.3671 0003133  51.4800 251.9317  1.00273438 42155
BEIDOU-3S IGSO-1S       
1 40549U 15019A   26280.47014294 -.00000171  00000+0  00000+0 0  9995
2 40549  48.9829 294.0972 0038852 201.3739 146.6824  1.00282499 42190
THOR 7                  
1 40613U 15022A   26283.09211718 -.00000017  00000+0  00000+0 0  9991
2 40613   0.0117 210.5399 0002561 344.4103 216.2844  1.00270474 41969
TURKMENALEM52E/MONACOSAT
1 40617U 15023A   26283.10260389  .00000095  00000+0  00000+0 0  9991
2 40617   0.0418  74.1991 0002939 123.5439 269.9438  1.00272753 42008
DIRECTV 15              
1 40663U 15026A   26283.24456609 -.00000111  00000+0  00000+0 0  9992
2 40663   0.0384  82.5993 0000418  68.3187 213.1171  1.00272218 41619
SKY MEXICO-1            
1 40664U 15026B   26283.25401443  .00000000  00000+0  00000+0 0  9996
2 40664   0.0153 199.9811 0001927 355.8606 195.6662  1.00269204 41601
METEOSAT-11 (MSG-4)     
1 40732U 15034A   26283.09419719  .00000057  00000+0  00000+0 0  9990
2 40732   3.4842  70.2632 0001380  72.7696 279.1401  1.00264378  8360
STAR ONE C4             
1 40733U 15034B   26283.25724453 -.00000273  00000+0  00000+0 0  9994
2 40733   0.0057  52.9996 0000909 136.2645 212.2403  1.00274085 41169
WGS F7 (USA 263)        
1 40746U 15036A   26283.26952461  .00000010  00000+0  00000+0 0  9991
2 40746   0.0120 210.1120 0000090 217.0476 223.8124  1.00271933 41024
ARIANE 1 DEB            
1 40776U 79104AD  26275.61331650 -.00001178  00000+0 -24084-1 0  9999
2 40776  18.0208 356.5989 7141509 107.3736 356.5784  2.24557085  2451
ARIANE 2 DEB            
1 40787U 89006CG  26279.08106306 -.00000199  00000+0  10999-2 0  9998
2 40787   7.7617 208.6859 7124262 179.9409 345.6930  2.25287846105940
CZ-3A DEB               
1 40813U 07003AS  26282.47274154  .00000313  00000+0  57622-2 0  9990
2 40813  27.6833  29.9227 7646446 242.4134  23.5140  1.72565974 86448
CZ-3B DEB               
1 40814U 10042X   26280.57487981  .00000062  00000+0  11416-1 0  9992
2 40814  26.3716 127.3591 7309397 210.0920  72.5832  1.90401057 82918
CZ-3C DEB               
1 40817U 10057AJ  26279.81296282  .00000321  00000+0  68860-2 0  9992
2 40817  19.3125 119.0526 7172347 146.9129 291.6645  2.20055131 51750
CZ-3C DEB               
1 40818U 10057AK  26282.83986562  .00000058  00000+0  30492-2 0  9993
2 40818  20.7003  54.9240 7110102 235.4211  36.7010  2.25735830 95577
CZ-3C DEB               
1 40831U 10057AY  26269.00778071  .00000004  00000+0 -45315-3 0  9999
2 40831  20.2410  88.7105 7183354 176.8357 193.5779  2.20875439  2759
CZ-3C DEB               
1 40834U 10057BB  26282.03006029 -.00000011  00000+0  57459-3 0  9997
2 40834  20.0425  98.5066 7197916 161.5282 252.6988  2.19675962 93013
CZ-3C DEB               
1 40835U 10057BC  26273.86189314 -.00000073  00000+0 -10487-2 0  9996
2 40835  20.1778  77.1087 7190093 204.9584  88.0518  2.20292501 14691
CZ-3B DEB               
1 40839U 11077U   26283.18910253  .00000733  00000+0  24434-2 0  9991
2 40839  25.1150 137.6046 7410945  62.5506 352.6373  2.03710844 91245
CZ-3B DEB               
1 40842U 11077X   26282.73115912 -.00000146  00000+0 -25216-3 0  9994
2 40842  22.8720   3.8087 7556972 145.7983 301.6539  1.76812198 82218
CZ-3B DEB               
1 40845U 11077AA  26280.90768896  .00000712  00000+0  33469-2 0  9994
2 40845  21.8407  98.9126 7381393 258.0877  18.3083  2.07770782 94669
CZ-3B DEB               
1 40848U 11077AD  26278.42400547 -.00000351  00000+0  32616-2 0  9990
2 40848  26.9671 333.9341 7367534  63.9941 351.9097  1.90955330 81198
CZ-3B DEB               
1 40849U 11077AE  26281.66359219 -.00000143  00000+0 -12025-2 0  9992
2 40849  26.4407 315.5883 7390552 114.5663 335.0876  1.90645643 94104
CZ-3B DEB               
1 40851U 11077AG  26282.18361964 -.00000260  00000+0  26038-2 0  9991
2 40851  26.5846 353.0896 7362196  48.8947 354.2110  1.90204164 88390
CZ-3B DEB               
1 40852U 11077AH  26282.33609303 -.00000234  00000+0  00000+0 0  9990
2 40852  27.2702   8.7830 7338533 354.8365   0.6213  1.90662350 88531
CZ-3C DEB               
1 40858U 12008Y   26281.27021892  .00000245  00000+0  33789-2 0  9998
2 40858  18.7410  33.3054 7282589 254.3184  21.1281  2.12277945 91626
CZ-3C DEB               
1 40860U 12008AA  26282.11764985  .00001146  00000+0  49063-2 0  9995
2 40860  18.9733 283.8256 7239660  71.7980 349.9608  2.24044977  9636
CZ-3C DEB               
1 40862U 12008AC  26281.69729025  .00000445  00000+0  74221-2 0  9990
2 40862  18.3691 104.2610 7315212 110.2350 337.1444  2.08014619  1779
CZ-3C DEB               
1 40863U 12008AD  26282.81501623  .00000041  00000+0  00000+0 0  9991
2 40863  20.4197 151.6502 7046878 313.8127   6.3336  2.20828199 94770
CZ-3C DEB               
1 40870U 12008AL  26283.13459304 -.00000036  00000+0  46998-2 0  9997
2 40870  16.8979 140.3321 7325166  80.8129 348.3069  2.05416617  2538
INTELSAT 34 (IS-34)     
1 40874U 15039A   26283.09547061 -.00000294  00000+0  00000+0 0  9998
2 40874   0.0224 297.2566 0000515  16.0251  44.3091  1.00269740 40785
EUTELSAT 8 WEST B       
1 40875U 15039B   26283.09073050 -.00000074  00000+0  00000+0 0  9997
2 40875   0.0691 350.6386 0003645 209.2076 203.5286  1.00271697 40808
GSAT-6                  
1 40880U 15041A   26283.10867059 -.00000167  00000+0  00000+0 0  9991
2 40880   2.2093  81.0021 0003020 122.2191 297.1566  1.00270411 40751
INMARSAT 5-F3           
1 40882U 15042A   26283.05649703  .00000000  00000+0  00000+0 0  9997
2 40882   0.0185 186.6556 0001433 211.4898 180.4413  1.00270968 40726
BREEZE-M R/B            
1 40883U 15042B   26283.10227532 -.00000298  00000+0  00000+0 0  9996
2 40883  30.1155  60.4658 7916713 182.8526 165.4160  1.10224949 44772
MUOS-4                  
1 40887U 15044A   26282.96461494 -.00000099  00000+0  00000+0 0  9991
2 40887   4.5472  42.7485 0052090   2.5058  35.5816  1.00272036 40718
TJS-1                   
1 40892U 15046A   26283.26553793 -.00000164  00000+0  00000+0 0  9990
2 40892   0.6144  83.6115 0002804 100.4135  85.4220  1.00269654 40729
EXPRESS-AM8             
1 40895U 15048A   26282.94693485 -.00000120  00000+0  00000+0 0  9994
2 40895   0.0215 232.8317 0000127 222.2214 250.4305  1.00272430 40492
BLOCK DM-SL R/B         
1 40896U 15048B   26270.03654279  .00000002  00000+0  00000+0 0  9998
2 40896   9.3325  59.4308 0099827 151.0796 209.5959  0.98655903 39785
COSMOS 1700 DEB         
1 40924U 85102G   26282.74583076  .00000071  00000+0  00000+0 0  9991
2 40924   9.5063 318.1174 0021522 143.8366 235.5728  1.00297745 68586
BEIDOU-3S IGSO-2S       
1 40938U 15053A   26282.89749809 -.00000163  00000+0  00000+0 0  9991
2 40938  49.0525 257.4069 0065118 192.7460 347.8966  1.00278244 40504
SKY MUSTER 1 (NBN1A)    
1 40940U 15054A   26283.26259125 -.00000286  00000+0  00000+0 0  9990
2 40940   0.0154 238.3724 0001801 314.6535  60.6488  1.00271760 40410
ARSAT 2                 
1 40941U 15054B   26283.25267948 -.00000233  00000+0  00000+0 0  9994
2 40941   0.0161 276.7415 0001885 276.0797 196.0213  1.00272400 40451
MORELOS 3               
1 40946U 15056A   26283.24056834 -.00000050  00000+0  00000+0 0  9997
2 40946   3.2948  17.8398 0003440 181.5838 152.9476  1.00272292 40432
APSTAR-9                
1 40982U 15059A   26283.26293792 -.00000273  00000+0  00000+0 0  9995
2 40982   0.0419   1.1450 0002756 189.2868  65.1296  1.00273355 40269
TURKSAT 4B              
1 40984U 15060A   26283.10217056  .00000000  00000+0  00000+0 0  9998
2 40984   0.0181 204.9232 0001924 352.9152 267.6181  1.00268956 40251
ZHONGXING-2C            
1 41021U 15063A   26283.04697610 -.00000331  00000+0  00000+0 0  9993
2 41021   0.5644  86.0171 0009927 126.4100 286.5529  1.00267539 40131
GSAT-15                 
1 41028U 15065A   26283.03951028 -.00000267  00000+0  00000+0 0  9995
2 41028   0.0460  77.4867 0002061 113.4156 295.4793  1.00271630 39951
BADR-7 (ARABSAT-6B)     
1 41029U 15065B   26283.09740387  .00000136  00000+0  00000+0 0  9990
2 41029   0.0373 236.0285 0006694 351.5693 212.1887  1.00270140 39910
COSMOS 2510 (EKS 1)     
1 41032U 15066A   26283.00900139 -.00001338  00000+0  00000+0 0  9995
2 41032  63.4342 330.3615 7187613 274.9795  13.8424  2.00603894 79775
FREGAT R/B              
1 41033U 15066B   26281.86099675 -.00000349  00000+0  98398-3 0  9994
2 41033  62.7517 292.1581 7384323 268.7000  14.1972  2.01913109 80213
LAOSAT 1                
1 41034U 15067A   26283.26025124 -.00000351  00000+0  00000+0 0  9992
2 41034   0.0238 310.0217 0002465 183.0654 107.9863  1.00274568 40017
TELSTAR 12V             
1 41036U 15068A   26283.08934382  .00000000  00000+0  00000+0 0  9990
2 41036   0.0176 186.6826 0002075  11.0892 198.0908  1.00269815 39775
H-2A R/B                
1 41037U 15068B   26282.70315745 -.00000198  00000+0  00000+0 0  9994
2 41037  19.6825  47.8437 6471224 331.4971   4.7782  2.12564194 84481
ELEKTRO-L 2             
1 41105U 15074A   26282.73300404 -.00000123  00000+0  00000+0 0  9994
2 41105   6.9770  69.0706 0002482 199.5780 359.0522  1.00270715 39657
FREGAT R/B              
1 41106U 15074B   26282.21746143 -.00000095  00000+0  00000+0 0  9990
2 41106   8.3872  60.4730 0197801   2.1742 357.9624  1.02892930 40682
CZ-3B DEB               
1 41119U 11077AJ  26275.32608790 -.00000055  00000+0  00000+0 0  9998
2 41119  22.7569 338.2230 7285853 291.3273   9.2744  1.69749258 72821
COSMOS 2513             
1 41121U 15075A   26283.03691027 -.00000148  00000+0  00000+0 0  9998
2 41121   0.0549  95.9537 0002101 136.5225 239.7380  1.00274949 39702
BREEZE-M R/B            
1 41122U 15075B   26282.26391180 -.00000159  00000+0  00000+0 0  9992
2 41122   8.7295  57.3497 0340542 166.1025 194.9303  1.04640350 41396
EXPRESS-AMU1            
1 41191U 15082A   26283.02815690  .00000147  00000+0  00000+0 0  9994
2 41191   0.0131 240.4173 0002468 322.2311 222.2555  1.00268812 39416
GAOFEN-4                
1 41194U 15083A   26283.04697610 -.00000343  00000+0  00000+0 0  9999
2 41194   0.6481  82.9678 0003378 145.8684 272.4497  1.00269755 39683
BELINTERSAT-1           
1 41238U 16001A   26283.10251722  .00000098  00000+0  00000+0 0  9992
2 41238   0.0165 271.7523 0000166 105.1993  90.1754  1.00272128 39393
IRNSS-1E                
1 41241U 16003A   26282.83635745 -.00000294  00000+0  00000+0 0  9997
2 41241  33.4847  58.0965 0022582 180.9980 192.2702  1.00275792 39233
INTELSAT 29E (IS-29E)   
1 41308U 16004A   26283.26380458 -.00000168  00000+0  00000+0 0  9998
2 41308   6.7824  68.8710 0003955 138.1037  53.2251  1.00611685 39435
EUTELSAT 9B             
1 41310U 16005A   26283.09411052  .00000053  00000+0  00000+0 0  9990
2 41310   0.0714  66.8028 0003297 161.9096 192.8825  1.00272926 39260
SES-9                   
1 41380U 16013A   26283.25617789 -.00000353  00000+0  00000+0 0  9993
2 41380   0.0060 175.8176 0001473 324.1973  79.3995  1.00271957 38592
FALCON 9 R/B            
1 41381U 16013B   26283.14857279  .00000915  00000+0  19929-2 0  9998
2 41381  27.1872 214.1830 7424927  12.6817 358.5735  2.05410030 77673
EUTELSAT 65 WEST A      
1 41382U 16014A   26283.25857141 -.00000285  00000+0  00000+0 0  9998
2 41382   0.0689 316.7887 0002181 236.5746 213.4108  1.00273420 38670
IRNSS-1F                
1 41384U 16015A   26283.09870388  .00000154  00000+0  00000+0 0  9995
2 41384   5.6326  94.1400 0021012 173.4448 179.0287  1.00271091 38814
BEIDOU-2 IGSO-6         
1 41434U 16021A   26282.86302916 -.00000180  00000+0  00000+0 0  9999
2 41434  60.3916  36.9079 0062931 228.9668 159.9751  1.00277195 38638
IRNSS-1G                
1 41469U 16027A   26283.26051124 -.00000337  00000+0  00000+0 0  9994
2 41469   5.4762  94.7878 0002208  52.8334  94.6179  1.00273656 38333
JCSAT-2B                
1 41471U 16028A   26282.90893815  .00000000  00000+0  00000+0 0  9995
2 41471   0.0204 195.8288 0000802  19.7525 284.1581  1.00269699 38287
BREEZE-M DEB            
1 41544U 15075E   26282.48413518 -.00000176  00000+0  00000+0 0  9993
2 41544   8.6502  58.0715 0322263 178.4849 181.6854  1.05680637 41448
BREEZE-M DEB            
1 41547U 15075H   26266.57835583 -.00000106  00000+0  00000+0 0  9991
2 41547   8.8761  60.6192 0269320 142.8229 219.2279  1.03191097 40295
BREEZE-M DEB            
1 41548U 15075J   26282.15630751 -.00000030  00000+0  00000+0 0  9990
2 41548   8.9433  54.6318 0376235 139.8069 223.0979  1.02191661 40430
THAICOM 8               
1 41552U 16031A   26283.10780391 -.00000130  00000+0  00000+0 0  9991
2 41552   0.0748  29.9522 0000392  67.1977  38.9068  1.00272094 37872
INTELSAT 31 (IS-31)     
1 41581U 16035A   26283.15448706 -.00000159  00000+0  00000+0 0  9994
2 41581   0.0102 221.0002 0001740  21.1223  97.2301  1.00270696 37838
BREEZE-M R/B            
1 41582U 16035B   26283.11634155 -.00000102  00000+0  00000+0 0  9994
2 41582  30.5368 281.9061 7956846 169.5540 233.2348  1.12667174 42533
DELTA 4 R/B             
1 41585U 16036B   26283.00632278 -.00000108  00000+0  00000+0 0  9996
2 41585   5.5810 359.3615 0231031 254.9958 102.3502  1.04079247 26924
BEIDOU-2 G7             
1 41586U 16037A   26283.25678456 -.00000360  00000+0  00000+0 0  9993
2 41586   2.0015  69.6961 0004845 345.4638 166.7352  1.00271668  8048
ABS-2A (MONGOLSAT-1)    
1 41588U 16038A   26283.10711058  .00000000  00000+0  00000+0 0  9996
2 41588   0.0246 210.0596 0001613 292.6485 349.2902  1.00267374 37863
EUTELSAT 117 WEST B     
1 41589U 16038B   26283.09672016 -.00000021  00000+0  00000+0 0  9999
2 41589   0.0212  48.0136 0000037 212.8071  35.7545  1.00271418 37819
FALCON 9 R/B            
1 41590U 16038C   26282.15113977  .00000682  00000+0  52102-3 0  9999
2 41590  22.9376 296.9900 7969705 354.2056   0.5302  1.46172168 47730
BRISAT                  
1 41591U 16039A   26282.90824481 -.00000206  00000+0  00000+0 0  9992
2 41591   0.0159 243.2814 0002070 308.2081 304.5118  1.00271366 37763
ECHOSTAR 18             
1 41592U 16039B   26283.04883528  .00000000  00000+0  00000+0 0  9997
2 41592   0.0197 198.3495 0001545 352.8335 143.7083  1.00268384 37775
MUOS-5                  
1 41622U 16041A   26283.24386763 -.00000169  00000+0  00000+0 0  9992
2 41622   1.9688 304.4389 0204609 261.0412 156.1466  1.00272213 38241
TIANTONG-1 1            
1 41725U 16048A   26282.89853810 -.00000323  00000+0  00000+0 0  9997
2 41725   4.0728  44.1493 0000923 101.6035 297.6197  1.00268694 37420
JCSAT-16                
1 41729U 16050A   26283.26337125 -.00000259  00000+0  00000+0 0  9990
2 41729   0.0186 175.8980 0000909  21.3179  60.4463  1.00271130 37232
USA 270                 
1 41744U 16052A   26282.67094177 -.00000359  00000+0  00000+0 0  9991
2 41744   4.4844  75.6689 0008507 121.6631 188.1279  1.00257306 29277
INTELSAT 36 (IS-36)     
1 41747U 16053A   26283.03457025  .00000000  00000+0  00000+0 0  9993
2 41747   0.0117 231.9830 0002043 124.1473 103.4491  1.00269490 37116
INTELSAT 33E (IS-33E)   
1 41748U 16053B   26283.09645053  .00000116  00000+0  00000+0 0  9998
2 41748   1.8668  82.4766 0024317 191.5153 160.3886  1.00234508 37397
INSAT-3DR               
1 41752U 16054A   26283.10693725 -.00000086  00000+0  00000+0 0  9992
2 41752   0.0994  85.9437 0012435 179.3684 225.9079  1.00271570 36974
GSAT-18                 
1 41793U 16060A   26283.10693725 -.00000085  00000+0  00000+0 0  9993
2 41793   0.0742  83.9449 0001800  49.6466 357.5737  1.00271768 36682
SKY MUSTER 2 (NBN1B)    
1 41794U 16060B   26283.26354458 -.00000252  00000+0  00000+0 0  9994
2 41794   0.0182 233.1044 0001644 321.4659  64.0050  1.00271662 36672
HIMAWARI-9              
1 41836U 16064A   26282.97761500 -.00000283  00000+0  00000+0 0  9996
2 41836   0.0203 319.1614 0001218 237.0379 315.1048  1.00277938 36364
SHIJIAN-17 (SJ-17)      
1 41838U 16065A   26282.88092902  .00000056  00000+0  00000+0 0  9999
2 41838   6.0391  71.1681 0001399  92.2261 238.9539  0.99851743 36344
YZ-2 R/B                
1 41840U 16065C   26281.82771903 -.00000155  00000+0  00000+0 0  9991
2 41840   9.6703  65.2562 0461261 235.4769 120.1680  0.93473488 33916
GOES 16                 
1 41866U 16071A   26283.24722488 -.00000099  00000+0  00000+0 0  9995
2 41866   0.6208  83.9145 0002066 148.6588 130.5957  1.00272252 36254
TIANLIAN 1-04           
1 41869U 16072A   26283.26995794  .00000024  00000+0  00000+0 0  9990
2 41869   1.1583  81.7466 0047383  99.1796 111.9349  1.00271121 36457
WGS F8 (USA 272)        
1 41879U 16075A   26283.26449793 -.00000210  00000+0  00000+0 0  9995
2 41879   0.0108 234.2039 0000159 138.8600 250.8516  1.00271177 35971
FENGYUN 4A              
1 41882U 16077A   26282.97414832 -.00000365  00000+0  00000+0 0  9995
2 41882   2.6075  78.8149 0008392 168.4927 245.1574  1.00274461 36081
ECHOSTAR 19             
1 41893U 16079A   26283.24667538 -.00000147  00000+0  00000+0 0  9991
2 41893   0.0190 175.5285 0001317  13.5485 181.4949  1.00271807 35851
JCSAT-110A (JCSAT-15)   
1 41903U 16082A   26282.97154830 -.00000359  00000+0  00000+0 0  9997
2 41903   0.0081 255.1381 0000407 219.7205   3.5646  1.00262057 35915
STAR ONE D1             
1 41904U 16082B   26283.25201659 -.00000219  00000+0  00000+0 0  9997
2 41904   0.0196 121.2227 0002194  71.5656 192.8293  1.00273346 35928
TJS-2                   
1 41911U 17001A   26283.10546390 -.00000014  00000+0  00000+0 0  9998
2 41911   1.1238  83.5054 0002029 168.7326 231.0068  1.00272133 35876
YZ-1 R/B                
1 41929U 15019C   26285.18757184 -.00001022  00000+0  00000+0 0  9999
2 41929  18.0822  79.2375 7024820 322.6748 358.8377  0.27917669 11095
SBIRS GEO-4 (USA 273)   
1 41937U 17004A   26282.80303102 -.00000174  00000+0  00000+0 0  9994
2 41937   2.4686  45.8470 0001736 145.3116  95.1673  1.00271552 35741
HISPASAT 36W-1          
1 41942U 17006A   26283.01385683 -.00000253  00000+0  00000+0 0  9998
2 41942   0.0176  28.4396 0001015 162.4817 156.7164  1.00272623 35397
TELKOM 3S               
1 41944U 17007A   26283.25825791 -.00000371  00000+0  00000+0 0  9997
2 41944   0.0111 241.0163 0002260 324.8323  24.0179  1.00272366 35298
INTELSAT 32E (IS-32E)   
1 41945U 17007B   26283.08371046 -.00000277  00000+0  00000+0 0  9993
2 41945   0.0108 209.9698 0000390 278.9137 236.7893  1.00272851 35378
ECHOSTAR 23             
1 42070U 17014A   26283.24426749  .00000000  00000+0  00000+0 0  9993
2 42070   0.0210 206.0367 0002077 343.9875 166.8639  1.00270356 35075
WGS F9 (USA 275)        
1 42075U 17016A   26283.08995050  .00000000  00000+0  00000+0 0  9998
2 42075   0.0234 215.0565 0000064 307.9919 236.0255  1.00269727 35040
SES-10                  
1 42432U 17017A   26283.30822016 -.00000281  00000+0  00000+0 0  9994
2 42432   0.0047 235.0478 0002526 332.0244 215.9267  1.00270553 34901
CZ-3B DEB               
1 42458U 10042Z   26282.23947305  .00000016  00000+0  13389-3 0  9996
2 42458  29.4525 223.1632 7502303 275.6661  11.5661  1.81319556 78547
CZ-3B DEB               
1 42460U 10042AB  26281.67348834  .00001659  00000+0  89124-2 0  9991
2 42460  30.4380  69.2587 7524324 151.6932 287.9530  1.90394044  4098
CZ-3B DEB               
1 42463U 10042AE  26281.25816438 -.00000147  00000+0 -44755-4 0  9994
2 42463  25.4310 338.9521 7458674 170.5397 300.0242  1.93053755  3686
CZ-3B DEB               
1 42464U 10042AF  26274.36227724 -.00000129  00000+0  00000+0 0  9992
2 42464  23.8862 247.6524 7353412  85.1551 347.4413  1.82440401 84463
CZ-3B DEB               
1 42465U 10042AG  26280.48045773 -.00000080  00000+0 -33612-2 0  9990
2 42465  24.6143  57.8589 7434670  63.7122 352.5060  1.87564975  1326
CZ-3B DEB               
1 42471U 11077AL  26282.91061824 -.00000030  00000+0  69596-3 0  9996
2 42471  26.0117 279.1211 7473003 176.1299 197.7033  1.89283442 36863
CZ-3B DEB               
1 42473U 11077AN  26282.86642964 -.00000224  00000+0  00000+0 0  9998
2 42473  23.6497  41.7080 7203929 141.2010 303.4936  1.69257459 65034
CZ-3B DEB               
1 42475U 11077AQ  26278.47345121 -.00000002  00000+0 -71034-3 0  9991
2 42475  26.0324 274.8255 7427576 179.5246 182.1779  1.91470752 35005
ARIANE 2 DEB            
1 42485U 89006CM  26280.62252439 -.00000155  00000+0  00000+0 0  9997
2 42485   9.1306  17.2082 6738679 225.2099  24.2351  2.17759481101013
CHINASAT 16 (SJ-13)     
1 42662U 17018A   26283.04289030 -.00000361  00000+0  00000+0 0  9993
2 42662   0.0912  86.8243 0007388 145.0405 272.7684  1.00273880 34901
KOREASAT 7              
1 42691U 17023A   26283.25782456 -.00000370  00000+0  00000+0 0  9994
2 42691   0.0174  39.3591 0001326 185.7704   2.4799  1.00273139 34521
SGDC                    
1 42692U 17023B   26283.15577611 -.00000258  00000+0  00000+0 0  9994
2 42692   0.0388  54.7050 0002463 157.4093 147.8897  1.00270448 34556
GSAT-9                  
1 42695U 17024A   26283.04029029 -.00000294  00000+0  00000+0 0  9991
2 42695   0.0882  86.1517 0002682 107.4978 296.8183  1.00267693 34455
INMARSAT 5-F4           
1 42698U 17025A   26283.10347057  .00000000  00000+0  00000+0 0  9990
2 42698   0.0187 205.3136 0000336 338.0910 289.0746  1.00271467 34431
SES-15                  
1 42709U 17026A   26283.23625449  .00000052  00000+0  00000+0 0  9999
2 42709   0.0353 330.8450 0000313 227.5379 136.3625  1.00268622  8584
COSMOS 2518 (EKS 2)     
1 42719U 17027A   26283.15371244  .00000284  00000+0  00000+0 0  9990
2 42719  63.0156 234.8635 6910596 273.9549  16.2066  2.00744336 68714
FREGAT R/B              
1 42720U 17027B   26282.82974204 -.00000849  00000+0  00000+0 0  9998
2 42720  62.4626 217.6236 7042743 268.1295  17.2930  2.01969027 69148
QZS-2 (MICHIBIKI-2)     
1 42738U 17028A   26283.20441738 -.00000234  00000+0  00000+0 0  9990
2 42738  39.2617 241.4632 0746378 270.7897  80.1559  1.00253864  8770
VIASAT-2                
1 42740U 17029A   26283.25724472 -.00000273  00000+0  00000+0 0  9991
2 42740   0.0157 236.6522 0001610 285.7190 239.1534  1.00271808 34346
EUTELSAT 172B           
1 42741U 17029B   26283.26891794 -.00000013  00000+0  00000+0 0  9997
2 42741   0.0301 135.6371 0000201 232.3170 279.7571  1.00271914 34900
GSAT-19                 
1 42747U 17031A   26283.10173722  .00000117  00000+0  00000+0 0  9997
2 42747   0.0928  85.5899 0006853  78.8595 298.7038  1.00266454 34308
ECHOSTAR 21             
1 42749U 17032A   26283.09428385  .00000057  00000+0  00000+0 0  9999
2 42749   1.7903   3.0790 0002288 191.1735 228.6658  1.00270966 34256
ZHONGXING-9A            
1 42763U 17035A   26282.96773495 -.00000135  00000+0  00000+0 0  9996
2 42763   5.2730  73.7481 0001057 232.8653 151.2153  0.99778056 34807
BULGARIASAT-1           
1 42801U 17038A   26283.09263718  .00000003  00000+0  00000+0 0  9992
2 42801   0.0624  85.0804 0002721 117.5887 211.3042  1.00271488 33991
HELLAS-SAT 3            
1 42814U 17040A   26282.98106302  .00000143  00000+0  00000+0 0  9996
2 42814   0.0760  46.9799 0000631  67.8815 295.9212  1.00273411 33952
GSAT-17                 
1 42815U 17040B   26283.11083727 -.00000266  00000+0  00000+0 0  9995
2 42815   0.0729  83.3325 0005363 167.0389 261.7546  1.00271007 33943
INTELSAT 35E (IS-35E)   
1 42818U 17041A   26283.01420350  .00000000  00000+0  00000+0 0  9990
2 42818   0.0196 208.2835 0002023 359.2259 141.7136  1.00269349 33969
FALCON 9 R/B            
1 42819U 17041B   26282.65471086  .00003089  00000+0  10124-2 0  9993
2 42819  25.3121 138.1478 7421053 147.0820 296.1528  2.10601987 65789
COSMOS 2520             
1 42907U 17046A   26283.10121722  .00000128  00000+0  00000+0 0  9996
2 42907   0.0252 129.1553 0000460 331.9958 359.0328  1.00272860 33548
BREEZE-M R/B            
1 42909U 17046C   26274.20939986 -.00000160  00000+0  00000+0 0  9995
2 42909   8.9948  67.0588 0762090 163.9519 198.7319  0.90332994 30118
TDRS 13                 
1 42915U 17047A   26283.08995050 -.00000107  00000+0  00000+0 0  9994
2 42915   3.4956   5.4903 0012363 124.8807 269.2975  1.00271648 33506
QZS-3 (MICHIBIKI-3)     
1 42917U 17048A   26283.25999124 -.00000356  00000+0  00000+0 0  9998
2 42917   0.0501 187.4357 0001984  24.2013  27.9086  1.00272660 33417
AMAZONAS 5              
1 42934U 17053A   26283.08024378 -.00000291  00000+0  00000+0 0  9992
2 42934   0.0427 315.7099 0002833 283.2592 107.6204  1.00271019 33195
ASIASAT 9               
1 42942U 17057A   26283.25903791 -.00000368  00000+0  00000+0 0  9994
2 42942   0.0143 218.8305 0002179 339.9664  35.4773  1.00270352 33035
INTELSAT 37E (IS-37E)   
1 42950U 17059A   26283.08873715  .00000000  00000+0  00000+0 0  9990
2 42950   0.0222 218.0907 0002720 341.3884 193.1624  1.00270718 33218
BSAT-4A                 
1 42951U 17059B   26283.25652456 -.00000358  00000+0  00000+0 0  9994
2 42951   0.0772  53.8024 0000761  36.9091 130.3567  1.00271284 32952
QZS-4 (MICHIBIKI-4)     
1 42965U 17062A   26282.49282527 -.00000340  00000+0  00000+0 0  9997
2 42965  40.0324 342.0225 0749842 270.2372  83.5253  1.00267438 32952
SES-11 (ECHOSTAR 105)   
1 42967U 17063A   26283.07149042 -.00000098  00000+0  00000+0 0  9999
2 42967   0.0276 314.8836 0002813 236.8774 107.7287  1.00271916 32878
KOREASAT 5A             
1 42984U 17067A   26283.03031104 -.00000367  00000+0  00000+0 0  9996
2 42984   0.0220 269.9805 0001301 329.0593 263.6821  1.00273337 32681
ALCOMSAT 1              
1 43039U 17078A   26283.08735049 -.00000195  00000+0  00000+0 0  9993
2 43039   0.0473   1.6673 0001887 210.0574 173.6415  1.00271464 32446
ANGOSAT 1               
1 43087U 17086A   26283.05883704 -.00000032  00000+0  00000+0 0  9994
2 43087   7.8610  65.9010 0021168 176.6147 349.6767  0.99382438 31874
FREGAT R/B              
1 43088U 17086B   26282.34235390 -.00000167  00000+0  00000+0 0  9997
2 43088   7.8222  65.0297 0126231  31.4280 329.4020  0.98388494 31566
SBIRS GEO-3 (USA 282)   
1 43162U 18009A   26283.13729103  .00000121  00000+0  00000+0 0  9993
2 43162   2.2827  17.1900 0001856 182.4763  69.1242  1.00272665 31993
AL YAH 3                
1 43174U 18012A   26283.08830382 -.00000162  00000+0  00000+0 0  9992
2 43174   1.8429  81.5362 0003479 118.7350 190.1533  1.00272277 31990
SES-14                  
1 43175U 18012B   26283.08293046 -.00000287  00000+0  00000+0 0  9991
2 43175   0.0103 151.0549 0001006  40.2085 169.8086  1.00272336  8175
ARIANE 5 R/B            
1 43176U 18012C   26282.97124221  .00003125  00000+0  19368-2 0  9990
2 43176  21.5667 291.2153 7461832 246.7458  22.9178  2.05017587 61674
GOES 17                 
1 43226U 18022A   26283.24990760 -.00000190  00000+0  00000+0 0  9997
2 43226   1.2282  83.7561 0001027 157.4597 138.1366  1.00272162 31577
HISPASAT 30W-6          
1 43228U 18023A   26283.08639714  .00000000  00000+0  00000+0 0  9990
2 43228   0.0227  64.3506 0002381 109.8327 205.6228  1.00268689 31559
GSAT-6A                 
1 43241U 18027A   26283.26475793 -.00000122  00000+0  00000+0 0  9990
2 43241   3.4895  78.9217 1323578 118.0155  52.9456  1.19316333 37235
SUPERBIRD-B3            
1 43271U 18033A   26283.26692459 -.00000100  00000+0  00000+0 0  9996
2 43271   0.0494  72.3950 0001151 123.7771  80.8177  1.00271106 31214
HYLAS 4                 
1 43272U 18033B   26283.01437683 -.00000243  00000+0  00000+0 0  9994
2 43272   0.0749 271.2459 0001118 310.5917 128.4695  1.00269756 31215
IRNSS-1I                
1 43286U 18035A   26278.00813291  .00000086  00000+0  00000+0 0  9991
2 43286  29.0107  72.4877 0021108 178.2530 180.9696  1.00270154 31178
METEOSAT 3 AKM          
1 43333U 88051G   26266.10307166 -.00000201  00000+0  00000+0 0  9996
2 43333  11.8372 329.4662 0057159 179.1022 180.9345  0.99534568 46673
USA 283                 
1 43339U 18036A   26281.59628097  .00000000  00000+0  00000+0 0  9993
2 43339   0.0191 196.2961 0000170 214.6773 315.0078  1.00268778 26424
FENGYUN 2A DEB          
1 43355U 97029D   26282.65086690 -.00000346  00000+0  00000+0 0  9999
2 43355  14.8538 356.0543 0043528  37.2574 323.0403  1.00250231 43755
FENGYUN 2F DEB          
1 43396U 12002D   26282.80183789 -.00000408  00000+0  00000+0 0  9995
2 43396   9.3721  56.1644 0251056 307.2696  50.4957  1.00225571 43917
COSMOS 2526             
1 43432U 18037A   26283.26016457 -.00000352  00000+0  00000+0 0  9996
2 43432   0.0037 210.0488 0000569 260.3716 130.1934  1.00273259 31112
BREEZE-M R/B            
1 43433U 18037B   26260.98767048 -.00000150  00000+0  00000+0 0  9996
2 43433   8.4038  70.2239 0671673  30.6756 333.2130  0.90513818 28046
APSTAR-6C               
1 43450U 18041A   26282.83371115 -.00000327  00000+0  00000+0 0  9990
2 43450   0.0531 302.5281 0002050 296.3416 213.7299  1.00274377 30968
TITAN 3C TRANSTAGE DEB  
1 43453U 69013L   26282.20073570 -.00000156  00000+0  00000+0 0  9993
2 43453   1.8266 125.1694 0847948  11.3184 351.2129  1.07384701 33268
TITAN 3C TRANSTAGE DEB  
1 43454U 69013M   26282.97875160 -.00000281  00000+0  00000+0 0  9992
2 43454   1.3807 113.8165 0542519   0.7803   0.3312  1.02846210 31816
TITAN 3C TRANSTAGE DEB  
1 43456U 69013P   26282.75821856 -.00000151  00000+0  00000+0 0  9999
2 43456   2.2649  54.8064 0701586  77.9788 290.0669  1.02679298  7909
BANGABANDHUSAT-1        
1 43463U 18044A   26283.25843124 -.00000370  00000+0  00000+0 0  9996
2 43463   0.0235 119.1179 0002421  86.2585  25.6471  1.00272717 30863
SES-12                  
1 43488U 18049A   26283.11109727 -.00000278  00000+0  00000+0 0  9994
2 43488   0.0520  50.4366 0002055 195.3482 267.9511  1.00270865 30579
FENGYUN 2H              
1 43491U 18050A   26283.10797725 -.00000134  00000+0  00000+0 0  9991
2 43491   3.3210  77.6188 0002966 157.9015 261.3269  1.00269615 30596
FENGYUN 2H AKM          
1 43497U 18050C   26282.98919432  .00000076  00000+0  00000+0 0  9997
2 43497   5.1564  75.0256 0087468 329.0897  30.5795  1.00052522 30454
TITAN 3C TRANSTAGE DEB  
1 43514U 69013S   26275.23345471 -.00000253  00000+0  00000+0 0  9996
2 43514   1.7799  64.6720 0208694  54.4747 307.8846  0.97799143879400
TITAN 3C TRANSTAGE DEB  
1 43515U 69013T   26275.31309751 -.00000145  00000+0  00000+0 0  9997
2 43515   2.0740  60.4706 0331503 147.2807 215.2041  0.95442944 29243
BEIDOU-2 IGSO-7         
1 43539U 18057A   26281.53675444 -.00000114  00000+0  00000+0 0  9997
2 43539  55.2118 162.0865 0107628 236.2246 284.5920  1.00269322 30261
TELSTAR 19V             
1 43562U 18059A   26283.12074927 -.00000288  00000+0  00000+0 0  9993
2 43562   0.0175 219.5028 0002106 336.3079 163.4015  1.00271408 30299
TELKOM 4 (MERAH PUTIH)  
1 43587U 18064A   26283.25609123 -.00000352  00000+0  00000+0 0  9994
2 43587   0.0150 237.0788 0001518 348.2845 353.7170  1.00272807 30038
TELSTAR 18V             
1 43611U 18069A   26283.26215792 -.00000302  00000+0  00000+0 0  9998
2 43611   0.0167 253.7807 0001796 303.8780  53.6041  1.00271965 29792
AZERSPACE 2 (IS-38)     
1 43632U 18074A   26283.10121722  .00000000  00000+0  00000+0 0  9993
2 43632   0.0198 203.6462 0001271 346.9063 269.7098  1.00270864 29597
HORIZONS-3E             
1 43633U 18074B   26283.26831127 -.00000038  00000+0  00000+0 0  9990
2 43633   0.0065 209.9056 0000660 341.2305  93.3575  1.00272691 29497
FENGYUN 2H DEB          
1 43645U 18050D   26281.91725470 -.00000215  00000+0  00000+0 0  9997
2 43645   5.1825  74.6560 0057470 270.5790  88.9664  1.00315076 30069
FENGYUN 2G DEB          
1 43646U 14090D   26276.01119331  .00000069  00000+0  00000+0 0  9992
2 43646   7.8019  66.9156 0201613 291.2488  66.6896  1.00258542 42789
AEHF-4 (USA 288)        
1 43651U 18079A   26283.30821860 -.00000282  00000+0  00000+0 0  9994
2 43651   1.4256   0.3201 0068721 357.5618  64.4748  1.00269340 29452
BEIDOU-3 G1             
1 43683U 18085A   26283.33424309 -.00000114  00000+0  00000+0 0  9990
2 43683   2.6805  94.1157 0004969  27.3246 177.8806  1.00270733 29210
GSAT-29                 
1 43698U 18089A   26283.10321056  .00000076  00000+0  00000+0 0  9996
2 43698   0.0392  71.2274 0002383 137.8965 261.8286  1.00274907 28940
ES'HAIL 2               
1 43700U 18090A   26283.09740387  .00000136  00000+0  00000+0 0  9999
2 43700   0.0173 151.1523 0001191  70.4114 218.0318  1.00274604 28821
GEO-KOMPSAT-2A          
1 43823U 18100A   26282.97510166  .00000000  00000+0  00000+0 0  9993
2 43823   0.0129  79.2495 0001627  45.8288  12.8025  1.00271320 28780
GSAT-11                 
1 43824U 18100B   26283.10693725 -.00000086  00000+0  00000+0 0  9998
2 43824   0.0213 236.4885 0005459 249.3035   5.4303  1.00272049 28633
GSAT-7A                 
1 43864U 18105A   26283.10468390  .00000017  00000+0  00000+0 0  9998
2 43864   0.0937  83.9718 0002321 121.4184 273.8171  1.00273816 28604
COSMOS 2533             
1 43867U 18107A   26283.10615725 -.00000047  00000+0  00000+0 0  9993
2 43867   0.0287 107.5364 0000174 164.5364 214.8855  1.00269176 28605
BREEZE-M R/B            
1 43868U 18107B   26270.07808595 -.00000121  00000+0  00000+0 0  9998
2 43868   7.7174  72.5551 0729547 315.3577  39.1290  0.90469879 25639
TJS-3                   
1 43874U 18110A   26282.77110500  .00000014  00000+0  00000+0 0  9991
2 43874   2.8342  78.9912 0003254  23.6683   8.7869  1.00273855 28576
ZHONGXING-2D            
1 43920U 19001A   26283.26059791 -.00000345  00000+0  00000+0 0  9990
2 43920   0.0569  37.6319 0001817 261.8640 303.2180  1.00271714 55238
ATLAS 5 CENTAUR DEB     
1 43959U 14055N   26273.84158136 -.00000081  00000+0  00000+0 0  9999
2 43959  20.2357 127.4129 4995332 191.3498 150.9585  1.81439580 53580
ATLAS 5 CENTAUR DEB     
1 43960U 14055P   26280.98682410 -.00000046  00000+0  00000+0 0  9992
2 43960  20.3131 127.2226 5012736 192.4868 148.0281  1.81622876 53696
ATLAS 5 CENTAUR DEB     
1 43967U 14055W   26276.02904531 -.00000107  00000+0  00000+0 0  9998
2 43967  20.4296 123.9678 4987929 198.7818 133.0129  1.82856516 53975
ATLAS 5 CENTAUR DEB     
1 43968U 14055X   26282.50970732 -.00000053  00000+0  00000+0 0  9995
2 43968  20.4678 120.8817 5003672 204.2881 120.3872  1.83136058 54179
ATLAS 5 CENTAUR DEB     
1 43981U 14055AL  26282.87498052 -.00000046  00000+0  00000+0 0  9992
2 43981  20.2187 127.7636 5083202 186.8743 161.9776  1.78788200 52832
ATLAS 5 CENTAUR DEB     
1 43982U 14055AM  26282.70079669 -.00000017  00000+0  00000+0 0  9992
2 43982  19.0294 182.0264 4718892  98.1402 315.9586  1.75459651 51825
ATLAS 5 CENTAUR DEB     
1 43996U 14055BB  26281.17649724 -.00000021  00000+0  00000+0 0  9997
2 43996  19.8989 146.6494 4798819 159.8281 228.5345  1.81740951 53082
ATLAS 5 CENTAUR DEB     
1 43998U 14055BD  26279.85126217 -.00000081  00000+0  00000+0 0  9994
2 43998  20.5803 120.7800 5049593 208.3255 111.2293  1.83526021 53376
ATLAS 5 CENTAUR DEB     
1 44007U 14055BN  26280.35566658 -.00000011  00000+0  00000+0 0  9993
2 44007  19.1932 167.7194 4853276 122.1705 294.0609  1.76255301 51613
ATLAS 5 CENTAUR DEB     
1 44013U 14055BU  26282.24400657 -.00000072  00000+0  00000+0 0  9993
2 44013  18.7752 212.6534 4486506  40.4449 345.3769  1.67643629 31651
HELLAS-SAT 4 & SGS-1    
1 44034U 19007A   26283.10000388  .00000144  00000+0  00000+0 0  9990
2 44034   0.0656 130.5305 0006259  33.9320 289.2956  1.00271405 28521
GSAT-31                 
1 44035U 19007B   26283.10173722  .00000116  00000+0  00000+0 0  9993
2 44035   0.0671  79.0529 0005219 161.0352 223.1511  1.00272892 28128
ATLAS 5 CENTAUR DEB     
1 44038U 14055BY  26282.15879746 -.00000017  00000+0  00000+0 0  9998
2 44038  19.0188 179.8916 4640784 100.9761 312.7779  1.76614618 51288
NUSANTARA SATU          
1 44048U 19009A   26283.26380458 -.00000242  00000+0  00000+0 0  9993
2 44048   0.0282 145.9296 0004116  12.2635 101.6808  1.00271473 27920
ZHONGXING-6C            
1 44067U 19012A   26283.26068457 -.00000343  00000+0  00000+0 0  9992
2 44067   0.0518 301.5683 0012909 122.0917 179.5033  1.00269242 27896
WGS 10 (USA 291)        
1 44071U 19014A   26283.10425057  .00000038  00000+0  00000+0 0  9995
2 44071   0.0117 210.9712 0000108 140.5824 125.0171  1.00271287 27770
TIANLIAN 2-01           
1 44076U 19017A   26282.10969868 -.00000118  00000+0  00000+0 0  9995
2 44076   0.8281  82.2347 0003706 141.0776 270.9374  1.00271643 27791
ATLAS 5 CENTAUR DEB     
1 44107U 14055CC  26281.22698403 -.00000012  00000+0  00000+0 0  9996
2 44107  19.1161 179.9162 4750177 102.4242 312.8174  1.75842755 48527
ARABSAT-6A              
1 44186U 19021A   26283.09835720  .00000145  00000+0  00000+0 0  9999
2 44186   0.0601   6.0035 0004501 259.1879 179.4622  1.00275599 27308
BEIDOU-3 IGSO-1         
1 44204U 19023A   26282.83166714 -.00000232  00000+0  00000+0 0  9991
2 44204  58.8577  36.4783 0028670 224.7491 174.0829  1.00258365  8367
BEIDOU-2 G8             
1 44231U 19027A   26283.26345792 -.00000253  00000+0  00000+0 0  9991
2 44231   1.9450  74.1911 0009123 274.9559 269.1573  1.00272737 27230
YAMAL 601               
1 44307U 19031A   26283.10199722  .00000111  00000+0  00000+0 0  9995
2 44307   0.0016 175.5722 0002430  24.0857 264.8011  1.00273558 27081
AT&T T-16               
1 44333U 19034A   26283.24534067 -.00000124  00000+0  00000+0 0  9992
2 44333   0.0218 110.0097 0000577   7.0567 249.2748  1.00273254 26785
EUTELSAT 7C             
1 44334U 19034B   26283.09367718  .00000040  00000+0  00000+0 0  9999
2 44334   0.0690 182.6384 0003150 358.7814 238.0141  1.00271127  7986
BEIDOU-3 IGSO-2         
1 44337U 19035A   26283.04479698 -.00000103  00000+0  00000+0 0  9990
2 44337  55.2509 157.8526 0038438 210.1254 146.1256  1.00264394 26815
USA 142 DEB             
1 44436U 99017H   26276.10302818 -.00000141  00000+0 -20683-2 0  9991
2 44436  28.7346 190.8604 7170273 277.8305  13.2408  2.27003873 59699
MERIDIAN 8              
1 44453U 19046A   26282.37358994  .00000170  00000+0  00000+0 0  9994
2 44453  63.2324  35.8884 7104292 275.1095  14.5482  2.00618137 52630
COSMOS 2539             
1 44457U 19048A   26282.85500626  .00000072  00000+0  00000+0 0  9995
2 44457   0.0221 126.4618 0000162 165.2338  46.5927  1.00271198 26376
BREEZE-M R/B            
1 44458U 19048B   26265.16856827 -.00000161  00000+0  00000+0 0  9998
2 44458   7.1610  71.7400 0744047 132.8065 233.9591  0.90283776 23438
EDRS-C                  
1 44475U 19049A   26283.26293792 -.00000270  00000+0  00000+0 0  9996
2 44475   0.0176 222.2176 0000905 342.7431  51.0734  1.00270456 26362
INTELSAT 39 (IS-39)     
1 44476U 19049B   26283.10459723  .00000025  00000+0  00000+0 0  9995
2 44476   0.0219 227.4826 0000811 233.8335  17.0160  1.00270905 26284
AMOS-17                 
1 44479U 19050A   26283.09567052  .00000101  00000+0  00000+0 0  9998
2 44479   0.0381 340.7949 0001709 214.8635 234.4888  1.00272176 26331
AEHF-5 (USA 292)        
1 44481U 19051A   26283.11075060 -.00000269  00000+0  00000+0 0  9994
2 44481   1.3808 345.9292 0029474   7.0550 158.7147  1.00273554 26413
COSMOS 2541 (EKS 3)     
1 44552U 19065A   26282.93070881  .00000107  00000+0  00000+0 0  9993
2 44552  62.7123 146.2248 6513629 272.0476  20.2214  2.00576290 51525
FREGAT R/B              
1 44553U 19065B   26281.89837987  .00000562  00000+0  00000+0 0  9991
2 44553  63.3253 141.5091 6773686 260.4152  23.1749  2.01513611 51797
COSMOS 1897 DEB         
1 44572U 87096G   26282.80961771  .00000065  00000+0  00000+0 0  9990
2 44572  10.7145 325.6054 0024845 286.2348  69.9326  1.00458336 72131
ARIANE 44LP DEB         
1 44573U 92060J   26277.88034966 -.00000579  00000+0 -65630-2 0  9992
2 44573   7.1074 291.1253 7169039 114.7029 320.0261  2.23354733101981
LUCH DEB                
1 44582U 94082G   26282.81715774  .00000005  00000+0  00000+0 0  9999
2 44582  14.5821 353.1086 0015462 115.6527 254.5923  1.00698016 47403
SL-12 DEB               
1 44588U 99027E   26281.22823119 -.00000076  00000+0  00000+0 0  9995
2 44588   7.4948 114.4014 3200547 172.4531  40.5873  1.46040200 68707
EUTELSAT 5 WEST B       
1 44624U 19067A   26283.09133716 -.00000051  00000+0  00000+0 0  9999
2 44624   0.0684  17.6348 0003045 179.0281 209.9400  1.00271242 25571
MEV-1                   
1 44625U 19067B   26282.66622299 -.00000157  00000+0  00000+0 0  9998
2 44625   0.7549 267.7423 0004223 292.3573 214.1913  1.00271394 62490
BREEZE-M R/B            
1 44626U 19067C   26281.76884871 -.00000218  00000+0  00000+0 0  9993
2 44626  24.5224  55.5407 6451513  22.0836 355.9389  0.93850044 22161
TJS-4                   
1 44637U 19070A   26283.10884392 -.00000178  00000+0  00000+0 0  9992
2 44637   0.0691 292.0466 0004981  17.5191 191.8335  1.00270754 25695
ATLAS 5 CENTAUR DEB     
1 44661U 18079X   26283.02704607 -.00000107  00000+0  00000+0 0  9990
2 44661  13.1668  53.0719 4623902 276.1533  35.0272  1.72652643 50589
ATLAS 5 CENTAUR DEB     
1 44665U 18079AB  26282.22875048 -.00000088  00000+0  00000+0 0  9991
2 44665  12.8897  65.3165 4622724 251.9519  53.8369  1.68617537 45307
ATLAS 5 CENTAUR DEB     
1 44673U 18079AK  26282.27173015 -.00000138  00000+0  00000+0 0  9996
2 44673  13.4962  34.2201 4709949 313.6496  15.9021  1.77545618 51892
ATLAS 5 CENTAUR DEB     
1 44679U 18079AR  26260.62419599 -.00000170  00000+0  00000+0 0  9993
2 44679  13.5366  31.3749 4692668 319.2401  13.7445  1.79398705 48335
ATLAS 5 CENTAUR DEB     
1 44680U 18079AS  26276.43307688 -.00000141  00000+0  00000+0 0  9994
2 44680  13.4526  40.3714 4691889 300.2370  21.6064  1.75587344 47367
ATLAS 5 CENTAUR DEB     
1 44685U 18079AX  26282.20549962 -.00000088  00000+0  00000+0 0  9994
2 44685  12.8059  66.7316 4532380 250.9695  55.8846  1.69275844 45432
ATLAS 5 CENTAUR DEB     
1 44686U 18079AY  26282.13184972 -.00000091  00000+0  00000+0 0  9997
2 44686  12.8333  65.2961 4632669 254.5520  51.3022  1.69100831 45504
ATLAS 5 CENTAUR DEB     
1 44692U 18079BE  26282.80963317 -.00000098  00000+0  00000+0 0  9993
2 44692  12.6961  67.2082 4611057 259.1505  47.5378  1.71612121 45339
ATLAS 5 CENTAUR DEB     
1 44693U 18079BF  26281.67202232 -.00000142  00000+0  00000+0 0  9990
2 44693  13.6207  31.5705 4676585 316.9587  14.7666  1.78456867 48901
ATLAS 5 CENTAUR DEB     
1 44694U 18079BG  26273.09819700 -.00000125  00000+0  00000+0 0  9993
2 44694  13.7366  30.7517 4712564 315.8911  15.0180  1.77403298 48429
BEIDOU-3 IGSO-3         
1 44709U 19073A   26282.39969657 -.00000187  00000+0  00000+0 0  9993
2 44709  54.6109 279.6518 0046484 198.5735 161.2239  1.00255162 25602
TIBA-1                  
1 44800U 19080A   26283.09931054  .00000147  00000+0  00000+0 0  9996
2 44800   0.0586  18.7823 0002028 181.5800 249.6108  1.00273384 25208
INMARSAT GX5            
1 44801U 19080B   26283.09445719  .00000066  00000+0  00000+0 0  9995
2 44801   0.0529  10.8879 0002018 192.4333 220.4093  1.00270021  7936
ATLAS 5 CENTAUR DEB     
1 44845U 14055CD  26260.89404390 -.00000176  00000+0  00000+0 0  9996
2 44845  20.5641 118.9529 4975491 208.4973 111.7314  1.84917646 46141
JCSAT-18 (KACIFIC 1)    
1 44868U 19091A   26283.26458459 -.00000208  00000+0  00000+0 0  9993
2 44868   0.0352 325.7906 0000227 155.7448 142.6215  1.00272654 25161
SHIJIAN-20 (SJ-20)      
1 44910U 19097A   26281.10453633  .00000138  00000+0  00000+0 0  9998
2 44910   5.2034  73.6106 0003782 171.7146 209.3559  1.00275805 24832
TJS-5                   
1 44978U 20002A   26282.87646874 -.00000351  00000+0  00000+0 0  9994
2 44978   0.2840  82.7431 0006491 355.2987   3.5065  1.00270960 24855
GSAT-30                 
1 45026U 20005A   26283.10875726 -.00000173  00000+0  00000+0 0  9991
2 45026   0.0816  84.3583 0001469  83.1236 333.4075  1.00271571 24665
EUTELSAT KONNECT        
1 45027U 20005B   26283.09367718  .00000041  00000+0  00000+0 0  9990
2 45027   0.0713  94.0132 0001335 152.2946 173.3396  1.00269319 25483
JCSAT-17                
1 45245U 20013A   26282.97666167 -.00000330  00000+0  00000+0 0  9999
2 45245   5.4005 357.9471 0004077 197.2873 310.9644  1.00272492 24388
GEO-KOMPSAT-2B          
1 45246U 20013B   26282.97510166 -.00000353  00000+0  00000+0 0  9992
2 45246   0.0387 320.9835 0001772 276.8452 260.0709  1.00274017 24431
MERIDIAN 9              
1 45254U 20015A   26283.11733120 -.00000140  00000+0  00000+0 0  9991
2 45254  65.5399 306.9370 6821842 275.9821  16.1702  2.00616273 48592
FREGAT R/B              
1 45255U 20015B   26282.16634876  .00000911  00000+0  00000+0 0  9999
2 45255  65.6764 301.0410 6852045 276.9749  15.6099  1.99775293 48431
BEIDOU-3 G2             
1 45344U 20017A   26283.10815059 -.00000147  00000+0  00000+0 0  9991
2 45344   2.6397  48.8330 0002470 161.6618 287.2365  1.00271755 24419
AEHF-6 (USA 298)        
1 45465U 20022B   26283.26207125 -.00000310  00000+0  00000+0 0  9999
2 45465   2.3114 302.9888 0043637   9.2688 298.7298  1.00271035 24168
ATLAS 5 CENTAUR DEB     
1 45473U 18079BV  26282.47756708 -.00000091  00000+0  00000+0 0  9991
2 45473  13.1063  60.4371 4538042 258.1490  49.2414  1.70653709 43666
FREGAT R/B              
1 45609U 20031B   26282.20506533 -.00000847  00000+0  00000+0 0  9992
2 45609  63.4476  47.4390 7236057 258.4881  19.5876  2.01386743 46953
BEIDOU-3 G3             
1 45807U 20040A   26283.25669789 -.00000360  00000+0  00000+0 0  9991
2 45807   2.7262  67.3875 0004065 271.6181 242.7715  1.00277685 23225
APSTAR-6D               
1 45863U 20045A   26283.26137792 -.00000326  00000+0  00000+0 0  9995
2 45863   0.0463 101.7726 0003270 348.3304 156.8801  1.00268154 23014
KOREASAT 116            
1 45920U 20048A   26283.04401697 -.00000371  00000+0  00000+0 0  9996
2 45920   0.0214 265.6593 0001023 284.3965 320.6511  1.00275168 22796
EXPRESS 103             
1 45985U 20053A   26283.11135727 -.00000289  00000+0  00000+0 0  9997
2 45985   0.0193 248.5992 0000628 255.7923  10.9501  1.00271455 22807
EXPRESS 80              
1 45986U 20053B   26263.15064726 -.00000146  00000+0  00000+0 0  9992
2 45986   0.0271 170.2364 0064633  63.5597 259.7327  1.00286177 22599
BREEZE-M R/B            
1 45987U 20053C   26282.15624471 -.00000235  00000+0  00000+0 0  9992
2 45987   7.7440  75.1895 4342635  85.1705 321.9502  1.03581496 23425
BSAT-4B                 
1 46112U 20056A   26283.25652456 -.00000358  00000+0  00000+0 0  9998
2 46112   0.0679 100.7707 0003641  62.9574  57.3342  1.00271449 22542
MEV-2                   
1 46113U 20056B   26283.09211718  .00000000  00000+0  00000+0 0  9996
2 46113   0.0235 215.2264 0000353  91.0126 104.6239  1.00270356 81658
GALAXY 30 (G-30)        
1 46114U 20056C   26283.23681560  .00000000  00000+0  00000+0 0  9999
2 46114   0.0216 217.6692 0002420 340.1469 141.2886  1.00271576 22446
ATLAS 5 CENTAUR DEB     
1 46604U 18079CC  26282.30202501 -.00000111  00000+0  00000+0 0  9990
2 46604  13.5823  44.9302 4602399 286.5433  29.1028  1.74548571 43898
ATLAS 5 CENTAUR DEB     
1 46608U 18079CG  26281.01668117 -.00000149  00000+0  00000+0 0  9991
2 46608  13.6236  29.3047 4677569 321.8266  12.9138  1.79359172 32298
GAOFEN-13 01            
1 46610U 20071A   26283.25834457 -.00000371  00000+0  00000+0 0  9996
2 46610   0.1968  80.8188 0056099 120.8326  28.6623  1.00270568 22074
ATLAS 5 CENTAUR DEB     
1 46665U 18079CT  26264.61045864 -.00000120  00000+0  00000+0 0  9998
2 46665  13.5609  52.6378 4569750 268.3431  40.7996  1.71551114 37299
ATLAS 5 CENTAUR DEB     
1 46846U 18079DB  26281.95664955 -.00000116  00000+0  00000+0 0  9998
2 46846  12.5256  54.1399 4589434 281.4509  32.0849  1.71834303 37251
ATLAS 5 CENTAUR DEB     
1 46847U 18079DC  26274.57585894 -.00000134  00000+0  00000+0 0  9993
2 46847  13.6836  33.2174 4695127 312.2210  16.5279  1.77278447 38326
ATLAS 5 CENTAUR DEB     
1 46857U 18079DN  26282.81051834 -.00000091  00000+0  00000+0 0  9994
2 46857  12.7788  66.1829 4612821 252.2237  53.6979  1.69097725 36660
TIANTONG-1 2            
1 46916U 20082A   26283.25955791 -.00000365  00000+0  00000+0 0  9995
2 46916   0.6965 347.1268 0001068 269.9228 340.1797  1.00274523 21804
ATLAS 5 CENTAUR DEB     
1 47096U 14055DE  26282.12480200 -.00000019  00000+0  00000+0 0  9997
2 47096  19.5580 155.9562 4823675 142.4910 263.6201  1.79155942 39167
LUCAS (JDRS-1)          
1 47202U 20089A   26283.11023059 -.00000244  00000+0  00000+0 0  9995
2 47202   0.0172 217.1763 0002438   2.3280 289.6786  1.00269683 21572
SXM-7                   
1 47240U 20096A   26283.25135716 -.00000213  00000+0  00000+0 0  9990
2 47240   0.0264 122.9203 0004485   2.9120 258.3735  1.00270951  8595
BREEZE-M DEB [TANK]     
1 47243U 20097B   26279.99532836  .00003708  00000+0  25396-2 0  9993
2 47243  58.6092  84.5914 7319229 118.7158 331.6398  2.20960704 46673
CMS-01                  
1 47256U 20099A   26282.96617494 -.00000174  00000+0  00000+0 0  9991
2 47256   0.1090  85.6239 0005938 171.6244 192.1610  1.00270928 21348
TURKSAT 5A              
1 47306U 21001A   26282.85461355  .00000145  00000+0  00000+0 0  9999
2 47306   0.0172 117.2507 0000148 271.8225 327.9997  1.00271860 21111
FALCON 9 R/B            
1 47307U 21001B   26282.00409376  .00018211 -87987-7  11758-2 0  9998
2 47307  15.1493 153.1331 7822438  95.5444 347.8505  1.66304029 32040
TIANTONG-1 3            
1 47321U 21003A   26283.39354514 -.00000165  00000+0  00000+0 0  9999
2 47321   1.6927 347.0192 0003435 231.7720  23.3954  1.00273990 21119
TJS-6                   
1 47613U 21010A   26283.27021794  .00000035  00000+0  00000+0 0  9994
2 47613   0.0488 110.1065 0003473  92.5875  91.9626  1.00271202 20965
ARKTIKA-M 1             
1 47719U 21016A   26283.12963952 -.00000172  00000+0  00000+0 0  9995
2 47719  63.2893  40.7169 7327310 270.4636  14.3029  2.00636526 41092
SHIYAN-9 (SY-9)         
1 47851U 21019A   26282.90737815 -.00000254  00000+0  00000+0 0  9998
2 47851  16.2794 300.9516 0015488  19.6135 170.7741  1.00262369 25284
SL-6 DEB                
1 48261U 80063E   26282.35253025  .00000201  00000+0  25411-2 0  9990
2 48261  64.1360 328.2741 7082852 283.5902  12.2001  2.11466755 99428
SL-6 DEB                
1 48262U 80063F   26282.39858089  .00000490  00000+0  95888-2 0  9991
2 48262  63.8363 346.3431 7208189 280.6935  56.5490  2.05108903 96513
COSMOS 1367 DEB         
1 48266U 82045E   26279.58478654  .00000411  00000+0 -16705-2 0  9995
2 48266  64.4928  36.1872 7169736  12.2272 358.3967  2.06296451 49923
ARIANE 3 DEB            
1 48347U 84081G   26282.46632548 -.00000321  00000+0  00000+0 0  9990
2 48347   6.2367 327.3725 7094477  71.6753 348.8769  2.08060908 98025
ARIANE 3 DEB            
1 48348U 84081H   26281.94645946 -.00000043  00000+0  00000+0 0  9990
2 48348   6.9910 204.7755 7150654 279.6058  12.9398  2.08279656 98597
SBIRS GEO-5 (USA 315)   
1 48618U 21042A   26283.11083727 -.00000284  00000+0  00000+0 0  9999
2 48618   4.9690 330.0588 0001828 233.8491 308.5197  1.00271824 19922
FENGYUN 4B              
1 48808U 21047A   26283.32681152 -.00000336  00000+0  00000+0 0  9992
2 48808   0.4390  81.1345 0008348 279.7124 240.3391  1.00265983 19728
SXM-8                   
1 48838U 21049A   26281.07974957  .00000000  00000+0  00000+0 0  9992
2 48838   0.0153 110.5438 0005585 287.5608 282.1792  1.00268236 19710
TIANLIAN 1-05           
1 49011U 21063A   26283.09558385  .00000100  00000+0  00000+0 0  9990
2 49011   1.8842  79.4967 0004343 156.3196 194.0738  1.00270317 19224
STAR ONE D2             
1 49055U 21069A   26282.86465128 -.00000274  00000+0  00000+0 0  9993
2 49055   0.0092 193.1098 0002632 356.8556  69.8168  1.00272110 19101
EUTELSAT QUANTUM        
1 49056U 21069B   26283.10173722  .00000117  00000+0  00000+0 0  9993
2 49056   0.0043 188.7588 0002214   9.3059 264.9852  1.00272195 19084
ZHONGXING-2E            
1 49062U 21071A   26283.04046362 -.00000300  00000+0  00000+0 0  9990
2 49062   0.0466   3.6588 0001170 242.9012 244.7330  1.00270256 19194
TJS-7                   
1 49115U 21077A   26283.24600545 -.00000132  00000+0  00000+0 0  9999
2 49115   0.0657 254.1113 0001953  84.8496  29.0308  1.00271354 10707
CHINASAT 9B             
1 49125U 21080A   26283.04697610 -.00000322  00000+0  00000+0 0  9992
2 49125   0.0362 250.5365 0003449 309.3636 297.0784  1.00274333 18807
SHIYAN-10 01 (SY-10 01) 
1 49258U 21087A   26283.05517891  .00000661  00000+0  00000+0 0  9994
2 49258  63.1373 207.1143 6877416 269.6665  18.1092  2.00615154 36835
SHIJIAN-21 (SJ-21)      
1 49330U 21094A   26283.08378844 -.00000352  00000+0  00000+0 0  9997
2 49330   5.3816  60.4001 0054106 173.9630 302.4617  1.00272526  6510
SES-17                  
1 49332U 21095A   26282.29499280 -.00000284  00000+0  00000+0 0  9994
2 49332   0.0429  46.4514 0001230 142.5663 228.0288  1.00275108 18996
SYRACUSE 4A             
1 49333U 21095B   26282.24602594  .00000000  00000+0  00000+0 0  9999
2 49333   0.0218 221.4988 0001787 332.8291 317.6156  1.00275734 19097
QZS-1R (MICHIBIKI-1R)   
1 49336U 21096A   26282.76437751 -.00000243  00000+0  00000+0 0  9991
2 49336  37.7012  77.8908 0746227 270.3113  80.3547  1.00278914 18155
ATLAS 5 CENTAUR DEB     
1 49340U 18079ER  26281.47527407 -.00000145  00000+0  00000+0 0  9999
2 49340  13.8537  29.0710 4758133 318.3270  13.8997  1.76314027 32905
ATLAS 5 CENTAUR DEB     
1 49341U 18079ES  26275.55516929 -.00000130  00000+0  00000+0 0  9993
2 49341  13.8069  39.1741 4646361 296.1532  23.8235  1.75089708 32589
ATLAS 5 CENTAUR DEB     
1 49343U 18079EU  26282.49118946 -.00000109  00000+0  00000+0 0  9999
2 49343  13.0869  52.1207 4563819 280.3234  32.9919  1.74606444 32629
COSMOS 2552 (EKS 5)     
1 49503U 21113A   26283.09129641 -.00000147  00000+0  00000+0 0  9993
2 49503  62.8209 197.0815 6397479 272.3549  21.0617  2.00572558 35704
FREGAT R/B              
1 49504U 21113B   26282.81199088 -.00000154  00000+0  00000+0 0  9993
2 49504  63.3468 196.6987 6471364 265.6065  23.5082  2.01642143 35877
ZHONGXING-1D            
1 49505U 21114A   26283.26059791 -.00000344  00000+0  00000+0 0  9992
2 49505   0.0059  67.2229 0001664 199.9642 335.6878  1.00272218 17971
STPSAT-6                
1 49817U 21118A   26283.24135100 -.00000052  00000+0  00000+0 0  9995
2 49817   0.6126  83.7966 0001388 204.7832  65.2637  1.00272874 17728
SATCOM 3 DEB            
1 49955U 79101Z   26282.30458948 -.00000156  00000+0  00000+0 0  9992
2 49955   8.3841  91.2632 4801952  92.2846 321.5603  1.81795099 80705
SATCOM 3 DEB            
1 49956U 79101AA  26262.08902673 -.00000168  00000+0  00000+0 0  9998
2 49956   8.1153  92.3276 5089781  85.8649 328.4527  1.79252065 15688
SATCOM 3 DEB            
1 49959U 79101AD  26283.15278067 -.00000129  00000+0  00000+0 0  9992
2 49959   7.4741 110.9623 4795138  61.3712 133.0479  1.80686192 85146
TITAN 3C TRANSTAGE R/B  
1 50000U 70027C   26284.43928818 -.00000367  00000+0  00000+0 0  9991
2 50000  46.5725  68.6232 6824303 203.6188 359.4165  0.44283954 91672
EXPRESS AMU-7           
1 50001U 21123A   26282.49304059 -.00000253  00000+0  00000+0 0  9998
2 50001   0.0198 250.6557 0000194 210.3644 239.6156  1.00272886 17688
EXPRESS AMU-3           
1 50002U 21123B   26282.66306491 -.00000332  00000+0  00000+0 0  9998
2 50002   0.0232 244.5790 0000136 302.9357 172.5030  1.00273227  8185
BREEZE-M R/B            
1 50003U 21123C   26275.31203770 -.00000143  00000+0  00000+0 0  9999
2 50003   6.0933  83.9416 4393406  60.5506 336.4378  1.07952676 19000
TIANLIAN 2-02           
1 50005U 21124A   26283.26874461 -.00000021  00000+0  00000+0 0  9991
2 50005   1.0931  84.1166 0004355 161.7087  40.7774  1.00272432 17771
TURKSAT 5B              
1 50212U 21126A   26282.84280838  .00000136  00000+0  00000+0 0  9991
2 50212   0.0779 337.8237 0002559 315.4986  70.5653  1.00272778 17441
INMARSAT 6-F1           
1 50319U 21128A   26282.32471961  .00000000  00000+0  00000+0 0  9993
2 50319   0.0171 180.1105 0000162 246.0875 152.3712  1.00268355 17409
SHIYAN-12 01 (SY-12 01) 
1 50321U 21129A   26282.73836674 -.00000002  00000+0  00000+0 0  9991
2 50321   3.9641  78.2859 0002367 181.5010  84.5989  1.00486544 17642
SHIYAN-12 02 (SY-12 02) 
1 50322U 21129B   26282.77394536 -.00000017  00000+0  00000+0 0  9998
2 50322   3.9625  78.2771 0003929 106.8691 279.4152  1.00440908 17650
TJS-9                   
1 50574U 21135A   26283.26198458 -.00000307  00000+0  00000+0 0  9996
2 50574   0.0795  86.1128 0005910 243.4288 280.8580  1.00269224 17584
GOES 18                 
1 51850U 22021A   26283.23197661  .00000088  00000+0  00000+0 0  9996
2 51850   0.0155  25.8932 0000467 246.4187  53.0660  1.00273551  7742
MERIDIAN 10             
1 52145U 22030A   26282.62275910  .00000178  00000+0  00000+0 0  9990
2 52145  62.6863 128.3451 6817319 272.8137  17.4257  2.00591084 33325
FREGAT R/B              
1 52146U 22030B   26280.59976661  .00000148  00000+0  00000+0 0  9993
2 52146  62.6900 122.1893 6901375 274.7177  16.0970  2.00078140 33264
ZHONGXING-6D            
1 52255U 22038A   26282.60220434  .00000000  00000+0  00000+0 0  9993
2 52255   0.0387 216.7205 0002902  15.7485 127.5046  1.00269098 16574
NILESAT 301             
1 52817U 22061A   26282.73456405 -.00000068  00000+0  00000+0 0  9991
2 52817   0.0584  24.4319 0001528 195.0834  56.2373  1.00272353 15882
FALCON 9 R/B            
1 52818U 22061B   26282.57384149  .00000701  00000+0  10639-2 0  9994
2 52818  18.7314 299.5396 7636435 315.3649   4.0542  1.82342032 28413
CMS-02 (GSAT-24)        
1 52903U 22067A   26282.39601613 -.00000176  00000+0  00000+0 0  9998
2 52903   0.0028 184.4951 0002987  70.9269 348.1825  1.00273828 15752
MEASAT 3D               
1 52904U 22067B   26283.11040392 -.00000251  00000+0  00000+0 0  9995
2 52904   0.0517  13.8357 0002321 239.1641 257.0075  1.00271439 15803
SES-22                  
1 52933U 22071A   26283.23131029  .00000096  00000+0  00000+0 0  9999
2 52933   0.0435  60.4342 0000897 129.5526 133.1343  1.00273255  8673
WFOV (USA 332)          
1 52940U 22073A   26283.25851791 -.00000367  00000+0  00000+0 0  9998
2 52940   4.0005  76.9883 0002243 164.2848 349.9738  1.00274820 15526
TIANLIAN 2-03           
1 53100U 22078A   26281.24121022  .00000058  00000+0  00000+0 0  9992
2 53100   0.9540  77.7997 0002152 161.7904 234.7145  1.00272537 15686
SBIRS GEO-6 (USA 336)   
1 53355U 22092A   26282.88928417 -.00000306  00000+0  00000+0 0  9991
2 53355   3.0773 319.6076 0001788 241.3539 276.6934  1.00271692 15388
EUTELSAT KONNECT VHTS   
1 53765U 22110A   26282.30877287  .00000006  00000+0  00000+0 0  9998
2 53765   0.0589  99.5169 0002422  77.3031 314.9630  1.00272051  7988
ARIANE 5 R/B            
1 53766U 22110B   26282.32315739  .00003171  00000+0  74838-3 0  9990
2 53766   4.2542 148.8162 7633675 167.0519 239.1361  1.86122264 13700
ZHONGXING-1E            
1 53813U 22112A   26283.10841059  .00000000  00000+0  00000+0 0  9995
2 53813   0.0143  61.7480 0003797 207.5778 229.7945  1.00267876 15009
SES-20                  
1 53960U 22123A   26282.64425699 -.00000111  00000+0  00000+0 0  9990
2 53960   0.0469  64.4439 0001440  48.4120  34.2631  1.00271988 14686
SES-21                  
1 53961U 22123B   26283.23469716  .00000061  00000+0  00000+0 0  9998
2 53961   0.0350  65.7242 0001049 129.9667 136.6755  1.00271154  8365
GALAXY 33 (G-33)        
1 54026U 22128A   26283.23402784  .00000000  00000+0  00000+0 0  9991
2 54026   0.0109 192.0386 0001734   8.5817 129.4733  1.00271309 14896
GALAXY 34 (G-34)        
1 54027U 22128B   26283.23625420  .00000051  00000+0  00000+0 0  9992
2 54027   0.0151 234.1787 0001417 321.0833 139.6632  1.00271715 15068
ANGOSAT 2               
1 54033U 22131A   26283.09688387  .00000000  00000+0  00000+0 0  9992
2 54033   0.0200 201.6638 0000218 173.0456  61.8698  1.00272058 14628
EUTELSAT HOTBIRD 13F    
1 54048U 22134A   26282.52454338  .00000077  00000+0  00000+0 0  9999
2 54048   0.0594 286.6773 0002114  73.7614 219.5603  1.00272063 14525
FALCON 9 R/B            
1 54049U 22134B   26281.17518858 -.00000079  00000+0  37930-3 0  9997
2 54049  27.7242   6.7163 8004458 306.4355   4.4688  1.35655499 19643
COSMOS 2563 (EKS 6)     
1 54223U 22145A   26282.83264525 -.00001139  00000+0  00000+0 0  9998
2 54223  63.1439 266.3559 6985878 270.0216  16.9554  2.00569161 28863
FREGAT R/B              
1 54224U 22145B   26282.16044168  .00001294  00000+0  00000+0 0  9995
2 54224  63.5309 266.0379 6999621 265.4892  18.6100  2.02031720 29033
EUTELSAT HOTBIRD 13G    
1 54225U 22146A   26283.09489052  .00000079  00000+0  00000+0 0  9995
2 54225   0.0465 238.2888 0001945 299.0069 248.5853  1.00271874  8618
FALCON 9 R/B            
1 54226U 22146B   26281.19756485 -.00000136  00000+0  29587-3 0  9992
2 54226  27.1431  27.9459 7978115 301.4550   5.0476  1.39828540 19283
ZHONGXING-19            
1 54230U 22148A   26283.26709793 -.00000089  00000+0  00000+0 0  9991
2 54230   0.0130 228.8924 0004951 326.6903  82.6308  1.00272042 14531
GALAXY 31 (G-31)        
1 54243U 22153A   26283.23922712  .00000005  00000+0  00000+0 0  9993
2 54243   0.0131 146.9503 0001254  52.3754 144.6534  1.00272373  8281
GALAXY 32 (G-32)        
1 54244U 22153B   26282.36152264  .00000000  00000+0  00000+0 0  9999
2 54244   0.0131 208.2703 0000493  86.5133 122.3456  1.00269751 14289
EUTELSAT 10B            
1 54259U 22157A   26283.09428385  .00000060  00000+0  00000+0 0  9996
2 54259   0.0578  95.9670 0001687  47.9521 278.7476  1.00269522 14174
FALCON 9 R/B            
1 54260U 22157B   26282.00627058  .00004397  00000+0  33880-2 0  9998
2 54260  21.6766 309.2529 7742014  70.5382 352.6701  1.71897103 21337
GALAXY 35 (G-35)        
1 54741U 22170A   26283.15496192 -.00000171  00000+0  00000+0 0  9999
2 54741   0.0183 184.7311 0001945  14.5168 142.2160  1.00271822 14042
GALAXY 36 (G-36)        
1 54742U 22170B   26283.15588113 -.00000194  00000+0  00000+0 0  9990
2 54742   0.0155 203.5443 0001521 295.3594 207.0008  1.00272232 13934
METEOSAT-12 (MTG-I1)    
1 54743U 22170C   26283.09220384 -.00000015  00000+0  00000+0 0  9999
2 54743   0.7614  23.3037 0003175  92.0948 296.2217  1.00276122 14138
SHIYAN-10 02 (SY-10 02) 
1 54878U 22178A   26282.80423003  .00000731  00000+0  00000+0 0  9991
2 54878  64.0083 307.4251 6891735 267.5809  18.7121  2.00606334 18859
SHIJIAN-23 (SJ-23)      
1 55131U 23002A   26282.73944416  .00000096  00000+0  00000+0 0  9993
2 55131   4.0065  76.8035 0003417 226.8287  37.9255  1.00027716 13651
APSTAR-6E               
1 55239U 23005A   26283.26137792 -.00000325  00000+0  00000+0 0  9991
2 55239   0.0184 227.4145 0004273 348.6504  30.9369  1.00272960 19850
USA 342                 
1 55263U 23008A   26281.24381022  .00000124  00000+0  00000+0 0  9990
2 55263   0.0159 240.6679 0000084 172.5401  75.3034  1.00272935 13650
ELEKTRO-L 4             
1 55506U 23016A   26282.48912890 -.00000068  00000+0  00000+0 0  9997
2 55506   0.1091  69.2152 0002126 136.9193 153.8723  1.00275065 13483
AMAZONAS NEXUS          
1 55508U 23017A   26281.37702962  .00000000  00000+0  00000+0 0  9999
2 55508   0.0159  70.6429 0001400  79.9194 301.1830  1.00267623  8182
INMARSAT 6-F2           
1 55683U 23022A   26282.87952890 -.00000382  00000+0  00000+0 0  9996
2 55683   5.8238  36.9848 3082150 216.9037 191.1233  1.00958581 11717
ZHONGXING-26            
1 55686U 23023A   26282.47557648 -.00000364  00000+0  00000+0 0  9998
2 55686   0.0631  62.0148 0001745  73.8925 178.4728  1.00269934 13379
LUCH-5X (OLYMP-K 2)     
1 55841U 23031A   26282.17799229  .00000021  00000+0  00000+0 0  9999
2 55841   0.0198 119.0683 0001293  38.2982 346.5145  1.00272656 13087
BREEZE-M R/B            
1 55842U 23031B   26282.12664827 -.00000105  00000+0  00000+0 0  9994
2 55842   3.1220  78.1471 0066750  14.0010 346.5662  0.98962714 12902
ATLAS 5 CENTAUR DEB     
1 55850U 18079HC  26280.64729779 -.00000180  00000+0  00000+0 0  9995
2 55850  13.7734  17.3153 4902175 347.6747   3.7163  1.79147844 27011
GAOFEN-13 02            
1 55912U 23036A   26283.26415125 -.00000226  00000+0  00000+0 0  9992
2 55912   1.0275  15.3497 0003917 297.4357 309.4323  1.00270807 13244
SES-18                  
1 55970U 23038A   26283.24456524 -.00000109  00000+0  00000+0 0  9994
2 55970   0.0293 268.9201 0002437 328.1134 126.7848  1.00272065 13258
SES-19                  
1 55971U 23038B   26283.23264752  .00000079  00000+0  00000+0 0  9999
2 55971   0.0335 275.6117 0001496 287.2970 124.8185  1.00273016 13243
INTELSAT 40E (IS-40E)   
1 56174U 23052A   26281.35341053 -.00000189  00000+0  00000+0 0  9995
2 56174   0.0111 205.7622 0002567 354.3553 213.1239  1.00272226 12950
VIASAT-3 F1             
1 56370U 23060A   26283.25002024 -.00000194  00000+0  00000+0 0  9991
2 56370   0.0241 244.8877 0000195 308.7702 186.3133  1.00274186 12582
ARCTURUS                
1 56371U 23060B   26283.25851791 -.00000368  00000+0  00000+0 0  9998
2 56371   3.0638  78.4354 0001212 204.5173 308.7650  1.00271073 12613
GS-1                    
1 56372U 23060C   26282.96434184 -.00000177  00000+0  00000+0 0  9997
2 56372   3.0146  78.3640 0003108 261.9419 109.6655  1.00245686  8698
BEIDOU-3 G4             
1 56564U 23066A   26283.26259125 -.00000289  00000+0  00000+0 0  9994
2 56564   0.4479   5.5896 0005667 207.9301  39.9651  1.00270983 12546
ARABSAT-7B (BADR-8)     
1 56757U 23075A   26282.85461355  .00000135  00000+0  00000+0 0  9991
2 56757   0.0756  25.3602 0001609 326.6531   0.1391  1.00270802 12265
NVS-01 (IRNSS-1J)       
1 56759U 23076A   26283.26051124 -.00000345  00000+0  00000+0 0  9993
2 56759   1.9015 238.9064 0007149   1.2110   2.0265  1.00276708 12276
NUSANTARA TIGA (SATRIA) 
1 57045U 23086A   26282.33693965  .00000000  00000+0  00000+0 0  9992
2 57045   0.0202 354.7229 0003345 291.5228 359.0062  1.00266745 10909
FALCON 9 R/B            
1 57046U 23086B   26280.63873145  .00000070  00000+0  75885-2 0  9997
2 57046  26.0024 188.7719 7869629 217.8681  45.4956  1.46548937 17298
H2SAT (HEINRICH HERTZ)  
1 57213U 23093A   26281.94921028 -.00000010  00000+0  00000+0 0  9999
2 57213   0.0492  52.9972 0000209   0.4133 306.6076  1.00271774 12067
SYRACUSE 4B             
1 57214U 23093B   26281.96900364 -.00000066  00000+0  00000+0 0  9993
2 57214   0.0134 226.0424 0000190  80.6683  53.3038  1.00271957  8103
JUPITER 3 (ECHOSTAR 24) 
1 57479U 23108A   26280.22039297  .00000000  00000+0  00000+0 0  9996
2 57479   0.0181 178.8189 0001006  20.4380 160.7393  1.00269896 11787
GALAXY 37 (G-37)        
1 57493U 23112A   26283.29723628  .00000000  00000+0  00000+0 0  9995
2 57493   0.0235 217.5272 0002022 345.6504 155.7254  1.00270711 11694
ATLAS 5 CENTAUR DEB     
1 57595U 18079HW  26281.75324861 -.00000091  00000+0  00000+0 0  9990
2 57595  12.8697  64.3433 4643641 256.0392  49.8426  1.69238733 30192
LUDI TANCE-4 01A        
1 57624U 23120A   26282.79936662 -.00000201  00000+0  00000+0 0  9992
2 57624  15.0310 191.1429 0004780  51.1197 153.5981  1.00270839 11695
TJS-10                  
1 58204U 23169A   26282.74783903 -.00000257  00000+0  00000+0 0  9994
2 58204   2.8337  79.0036 0004321 140.5195 160.5345  1.00271461 10685
ZHONGXING-6E            
1 58253U 23172A   26283.25773789 -.00000369  00000+0  00000+0 0  9994
2 58253   0.0197 133.5040 0002342  55.4669  38.2216  1.00270996 10810
YAOGAN-41               
1 58582U 23197A   26283.25929791 -.00000375  00000+0  00000+0 0  9999
2 58582   2.9307 315.2036 0012517 214.2090  65.9948  1.00272310 10474
OVZON-3                 
1 58698U 24003A   26281.10843637  .00000036  00000+0  00000+0 0  9993
2 58698   0.0114 186.2240 0000037 120.4588 168.8376  1.00272968  8580
FALCON 9 R/B            
1 58699U 24003B   26281.40666872  .00000513  00000+0  98146-3 0  9993
2 58699  27.1733  25.9399 7696242 268.5707  12.1272  1.74605587 17185
INSAT-3DS               
1 58990U 24033A   26283.10858392 -.00000165  00000+0  00000+0 0  9991
2 58990   0.0456  87.1213 0001287 109.2468 303.5308  1.00273038 48220
MERAH PUTIH 2           
1 58995U 24035A   26283.25713123 -.00000366  00000+0  00000+0 0  9999
2 58995   0.0132 238.9740 0000971 352.1542 353.2807  1.00272888  9740
FALCON 9 R/B            
1 58996U 24035B   26283.27637143  .00000027  00000+0  54728-3 0  9992
2 58996  21.0628  68.4871 7989911 207.9866  62.8443  1.40607915 13435
TJS-11                  
1 59020U 24037A   26283.04323696 -.00000379  00000+0  00000+0 0  9994
2 59020   4.0585 328.6188 0003461 300.2069 237.8353  1.00286512  9735
HULIANWAN GAOGUI-01 (H*)
1 59069U 24040A   26282.74253742  .00000146  00000+0  00000+0 0  9992
2 59069   0.0998 342.2450 0001977  22.7765 314.2699  1.00274169  8473
EUTELSAT 36D            
1 59346U 24059A   26282.81429773  .00000146  00000+0  00000+0 0  9997
2 59346   0.0173 218.6444 0000177 193.7090 295.1156  1.00274211  9290
PAKSAT-MM1              
1 59915U 24104A   26280.24882920  .00000137  00000+0  00000+0 0  9992
2 59915   0.0179 194.3499 0001560  10.3606 298.9588  1.00275011  8650
TITAN 3C TRANSTAGE DEB  
1 59978U 68081AL  26283.00709249 -.00000089  00000+0  00000+0 0  9999
2 59978   2.4574  58.2966 0083407 234.4852 125.0243  1.02049708 30986
HIMAWARI 1 AKM          
1 59985U 77065GQ  26282.73860954 -.00000064  00000+0  00000+0 0  9992
2 59985   3.9154 271.6929 0275108 127.0661 235.1082  1.01118274 47605
EKRAN 2 DEB             
1 59986U 77092M   26282.83093780 -.00000313  00000+0  00000+0 0  9996
2 59986   3.4881 269.0310 0037123 121.1524  47.1321  1.00936799 47683
EKRAN 2 DEB             
1 59987U 77092N   26283.02755022  .00000138  00000+0  00000+0 0  9997
2 59987   3.8370 272.3327 0013483 235.6462 273.7641  1.00196170 64267
OPS 9442 (DSCS 2-12) DEB
1 59989U 78113E   26258.93359624 -.00000321  00000+0  00000+0 0  9999
2 59989   7.9770 301.7692 0168640  89.4703 272.3918  0.98457747 46111
OPS 9442 (DSCS 2-12) DEB
1 59990U 78113F   26278.68279190 -.00000043  00000+0  00000+0 0  9995
2 59990   8.1611 301.5871 0148499 128.7594 240.0247  0.98216535 46184
OPS 9442 (DSCS 2-12) DEB
1 59991U 78113G   26279.88378772 -.00000283  00000+0  00000+0 0  9991
2 59991   7.8833 302.5963 0153375 146.8794 240.4782  0.98453901 45291
OPS 9442 (DSCS 2-12) DEB
1 59992U 78113H   26279.33052887 -.00000094  00000+0  00000+0 0  9998
2 59992   8.1113 302.1373 0209900 108.8735 293.0365  0.98332675 59983
ASTRA 1P (SES-24)       
1 60086U 24115A   26282.52593006  .00000109  00000+0  00000+0 0  9991
2 60086   0.0636  10.1035 0003205 224.1612 352.4348  1.00271672  8345
FALCON 9 R/B            
1 60087U 24115B   26282.60318579 -.00000112  00000+0  25701-2 0  9994
2 60087  26.4921 248.7039 7918573 104.5508 346.0387  1.44183442 12109
GOES 19                 
1 60133U 24119A   26283.25535461 -.00000256  00000+0  00000+0 0  9994
2 60133   0.0177  28.7769 0000625 246.7438 120.0964  1.00271029  8110
ZHONGXING-3A            
1 60179U 24122A   26283.04697610  .00000000  00000+0  00000+0 0  9996
2 60179   0.0194  75.1409 0002554 151.3957 270.5989  1.00269469  8467
TURKSAT 6A              
1 60233U 24127A   26283.10061054  .00000138  00000+0  00000+0 0  9998
2 60233   0.0223 188.9165 0004784  17.4335 250.5827  1.00272204  8169
FALCON 9 R/B            
1 60234U 24127B   26276.25587084 -.00000440  00000+0  13738-2 0  9995
2 60234  27.7215 353.7817 8345844  18.0730 359.0779  1.03953847  8211
YZ-1S R/B               
1 60326U 24048E   26283.65950430 -.00001415  00000+0  36746-4 0  9999
2 60326  15.3187 290.5989 8914664 264.1819 359.5000  0.47328093  4276
HULIANWAN GAOGUI-02 (H*)
1 60327U 24135A   26283.13149844 -.00000181  00000+0  00000+0 0  9997
2 60327   0.0726 353.0217 0004448 347.9835 238.2141  1.00273519  8642
ASBM-1                  
1 60422U 24143A   26281.50823337 -.00000031  00000+0  00000+0 0  9991
2 60422  62.9442  41.0148 5652469 269.4661  29.2977  1.50424756 13321
ASBM-2                  
1 60423U 24143B   26279.84692618 -.00000017  00000+0  00000+0 0  9996
2 60423  62.9134  41.1546 5647414 269.5390  29.2980  1.50429057 13285
ZHONGXING-4A            
1 60606U 24151A   26283.25825791 -.00000372  00000+0  00000+0 0  9992
2 60606   1.0236 269.8374 0001498  24.7099 295.4944  1.00267920  7904
HULIANWAN GAOGUI-03 (H*)
1 61503U 24181A   26283.30156287 -.00000249  00000+0  00000+0 0  9998
2 61503   0.0811 355.1473 0000568  68.8974 346.3046  1.00268903  7974
DSN-3 (KIRAMEKI-3)      
1 61733U 24198A   26283.26337125 -.00000258  00000+0  00000+0 0  9998
2 61733   0.0202 157.9338 0001103  19.8007  80.0347  1.00273018  7070
KOREASAT 6A             
1 61910U 24206A   26283.25782456 -.00000370  00000+0  00000+0 0  9990
2 61910   0.0256 103.7552 0000911  71.9593  51.9898  1.00274507  6990
INTELSAT 33E DEB        
1 61988U 16053E   26282.13024829  .00000089  00000+0  00000+0 0  9991
2 61988   2.0193  89.9882 0050542 120.1012 241.1183  0.99843361  7174
INTELSAT 33E DEB        
1 61989U 16053F   26282.28178094 -.00000251  00000+0  00000+0 0  9994
2 61989   2.8286 106.5053 0890906 104.1494 266.5702  0.98058868  6967
INTELSAT 33E DEB        
1 61990U 16053G   26280.01619815 -.00000136  00000+0  00000+0 0  9998
2 61990   1.7409  75.1077 0084176 335.2981  24.9787  1.01398239  7282
INTELSAT 33E DEB        
1 61991U 16053H   26282.27917476 -.00000105  00000+0  00000+0 0  9999
2 61991   1.9505  88.6741 0116958 259.8949  99.4897  1.02041058  7350
INTELSAT 33E DEB        
1 61992U 16053J   26282.22534036 -.00000047  00000+0  00000+0 0  9997
2 61992   1.8501  82.1637 0031722 297.6105  62.7700  1.00792423  7261
INTELSAT 33E DEB        
1 61993U 16053K   26282.29748588 -.00000201  00000+0  00000+0 0  9996
2 61993   1.7516  75.2152 0082362 318.8277  41.2146  1.01200310  7293
INTELSAT 33E DEB        
1 61994U 16053L   26266.40726513 -.00000284  00000+0  00000+0 0  9997
2 61994   1.8339  83.6670 0024812 215.0437 145.5918  1.00509715  7080
INTELSAT 33E DEB        
1 61995U 16053M   26282.49190178 -.00000148  00000+0  00000+0 0  9996
2 61995   1.8301  81.1958 0052534 287.9192  72.1978  1.01041718  7288
INTELSAT 33E DEB        
1 61996U 16053N   26282.57972498  .00000121  00000+0  00000+0 0  9999
2 61996   1.7064  68.7855 0040520 340.7128  19.7354  1.00602575  7255
INTELSAT 33E DEB        
1 61997U 16053P   26282.36072331 -.00000208  00000+0  00000+0 0  9991
2 61997   1.8554  83.4222 0091712 274.0634  85.5882  1.01613406  7324
INTELSAT 33E DEB        
1 61998U 16053Q   26281.99524114 -.00000053  00000+0  00000+0 0  9999
2 61998   1.8466  81.5627 0011309  30.4267 330.3483  1.00443746  7241
INTELSAT 33E DEB        
1 61999U 16053R   26275.24934103 -.00000282  00000+0  00000+0 0  9998
2 61999   1.7794  76.3091 0114939  39.6679 321.6832  0.99261249  7089
INTELSAT 33E DEB        
1 62000U 16053S   26280.96287935 -.00000169  00000+0  00000+0 0  9995
2 62000   1.9950  88.9390 0024641 355.5996   5.0873  1.00091361  7214
INTELSAT 33E DEB        
1 62001U 16053T   26282.04915123  .00000144  00000+0  00000+0 0  9996
2 62001   1.7046  67.7256 0049724 355.8626   4.7141  1.00281249  7228
INTELSAT 33E DEB        
1 62003U 16053V   26282.86835218 -.00000370  00000+0  00000+0 0  9996
2 62003   1.9144  85.4805 0012821 202.9518 157.6811  1.00433661  7238
INTELSAT 33E DEB        
1 62004U 16053W   26282.09362771 -.00000243  00000+0  00000+0 0  9990
2 62004   2.7722 109.7481 0205973 283.9241  74.3536  1.02634264  7383
INTELSAT 33E DEB        
1 62005U 16053X   26275.37715481 -.00000133  00000+0  00000+0 0  9992
2 62005   1.9885  92.9151 0275237 251.5243 105.9891  1.04573292  7431
OPTUS-X (ADS-01)        
1 62006U 24212A   26283.18358635  .00000000  00000+0  00000+0 0  9993
2 62006   0.0186 214.5385 0002534 340.9464  45.7934  1.00269788  6912
FALCON 9 R/B            
1 62007U 24212B   26282.89752532  .00000776  00000+0  33020-2 0  9996
2 62007  18.7622  39.6039 7824817 147.9746 303.2603  1.59023338 10943
GSAT-N2 (GSAT-20)       
1 62028U 24214A   26283.10572391 -.00000028  00000+0  00000+0 0  9999
2 62028   0.0709  83.9261 0001338 240.0787 160.7256  1.00271153  7057
TJS-13                  
1 62188U 24227A   26279.06034295  .00000523  00000+0  00000+0 0  9995
2 62188  63.8537  25.6407 6980538 269.3761  17.4535  2.00574828 13472
PROBA-3 CSC             
1 62256U 24233A   26282.15574111  .00000000  00000+0  00000+0 0  9998
2 62256  59.8308  88.0079 7995154 208.7269  60.9685  1.22077992  8216
PSLV R/B                
1 62257U 24233B   26282.09735972  .00000006  00000+0  00000+0 0  9992
2 62257  59.9506  89.1894 8010443 208.1234  62.0837  1.20450973  8103
PROBA-3 OSC             
1 62258U 24233C   26279.69867376  .00000062  00000+0  00000+0 0  9991
2 62258  59.8252  88.2091 7995040 208.6523  61.1728  1.22077886  8176
SXM-9                   
1 62259U 24234A   26283.07539043 -.00000214  00000+0  00000+0 0  9997
2 62259   0.0194 294.7216 0004049  15.3621  10.5993  1.00271343  6729
GAOFEN-13 01 DEB        
1 62337U 20071C   26281.89636663 -.00000390  00000+0  00000+0 0  9998
2 62337   3.1999  79.0225 0523091  67.3671 298.4667  1.00190604  7368
TJS-12                  
1 62374U 24246A   26283.26389125 -.00000240  00000+0  00000+0 0  9992
2 62374   0.4520 317.3341 0000783 172.8764 130.1840  1.00270029  6712
ASTRANIS UTILITYSAT     
1 62454U 24252A   26282.73450973 -.00000424  00000+0  00000+0 0  9993
2 62454   9.1384 323.6240 7557372 265.5501  13.2589  1.00307855  6573
NUVIEW ALPHA            
1 62455U 24252B   26283.25190759 -.00000223  00000+0  00000+0 0  9992
2 62455   0.0616  31.3970 0000338 252.7711 102.2931  1.00270308  4978
AGILA                   
1 62456U 24252C   26283.26597126 -.00000145  00000+0  00000+0 0  9996
2 62456   0.0415 117.6728 0001189  79.9489  74.0422  1.00273479  6314
NUVIEW BRAVO            
1 62457U 24252D   26283.00458346 -.00000224  00000+0  00000+0 0  9997
2 62457   0.0702 149.0257 0001457  44.0511 104.1048  1.00270642  4942
THURAYA-4               
1 62483U 25001A   26283.10104389  .00000130  00000+0  00000+0 0  9990
2 62483   0.0348  81.8329 0000084 338.4562  39.1141  1.00274789  5332
FALCON 9 R/B            
1 62484U 25001B   26283.19100104  .00000116  00000+0  18900-2 0  9996
2 62484  24.2496 186.7687 7971432  42.8955 356.6573  1.41776813  9138
SHIJIAN-25 (SJ-25)      
1 62485U 25002A   26282.43285019 -.00000359  00000+0  00000+0 0  9992
2 62485   5.3799  60.3777 0046565 177.3201  63.4988  1.00232438  6509
BREEZE-M DEB            
1 62722U 08003D   26283.05497363 -.00000049  00000+0  00000+0 0  9990
2 62722  11.5031  25.6026 0903637 185.9545 172.8988  1.01930446 13946
TJS-14                  
1 62804U 25017A   26283.09593052  .00000106  00000+0  00000+0 0  9994
2 62804   0.5459 308.4768 0003803 328.2842 154.8626  1.00272686  6420
NVS-02 (IRNSS-1K)       
1 62850U 25020A   26282.24112133  .00000669  00000+0  13133-3 0  9991
2 62850  20.2623 217.1564 7369275 224.8813  44.6238  2.18107416 13473
SPAINSAT NG I           
1 62852U 25021A   26282.59910345  .00000000  00000+0  00000+0 0  9997
2 62852   0.0168 214.2157 0000156 267.8241 140.8378  1.00272703  5136
FALCON 9 R/B            
1 62853U 25021B   26283.08768863 -.00000088  00000+0  19356-2 0  9993
2 62853  24.1504 242.5139 8285763 348.6504   0.1395  1.11117530  6865
QZS-6 (MICHIBIKI-6)     
1 62876U 25023A   26283.03890361 -.00000243  00000+0  00000+0 0  9990
2 62876   0.0443  41.1504 0001977 156.2076 285.8041  1.00274923  6101
ZHONGXING-10R           
1 63075U 25036A   26283.25661123 -.00000360  00000+0  00000+0 0  9992
2 63075   0.0224 218.9227 0004844 325.1301  37.7402  1.00271769  6111
TJS-15                  
1 63157U 25045A   26282.75477644 -.00000227  00000+0  00000+0 0  9992
2 63157   0.4987  84.2780 0001560 205.6965  88.8475  1.00272447  5907
TIANLIAN 2-04           
1 63361U 25062A   26283.10806392 -.00000151  00000+0  00000+0 0  9990
2 63361   4.0859 272.8628 0033945   8.6245 216.2027  1.00272383  5754
TJS-16                  
1 63397U 25064A   26282.75761294 -.00000113  00000+0  00000+0 0  9990
2 63397   1.3877  80.4195 0002371 230.2497 141.1441  1.00271547  5540
TJS-17                  
1 63524U 25073A   26282.77056788 -.00000335  00000+0  00000+0 0  9995
2 63524   1.3543  81.4467 0021762  97.3573 256.6665  0.99554964  5439
TIANLIAN 2-05           
1 63662U 25084A   26283.09636387  .00000108  00000+0  00000+0 0  9992
2 63662   4.1669 278.6137 0000528 275.0429 240.0817  1.00273005  5532
TJS-19                  
1 63924U 25097A   26282.77146391 -.00000124  00000+0  00000+0 0  9991
2 63924   3.1061 319.5357 0016006 267.6538 213.4984  1.00978721  5292
CHINASAT 3B             
1 64062U 25106A   26283.26796461 -.00000053  00000+0  00000+0 0  9991
2 64062   0.0580  45.5451 0002783 168.1269  68.9660  1.00272327  5217
SXM-10                  
1 64290U 25122A   26283.14845247 -.00000025  00000+0  00000+0 0  9995
2 64290   0.0180  26.7264 0001893 298.5981 350.7098  1.00270639  4837
INTELSAT 33E DEB        
1 64394U 16053Y   26281.75772826 -.00000165  00000+0  00000+0 0  9995
2 64394   1.5380  48.6469 0619007 336.5676  21.0784  1.08361394  7678
INTELSAT 33E DEB        
1 64395U 16053Z   26282.27947175 -.00000162  00000+0  00000+0 0  9992
2 64395   2.6389 106.5776 0068055 128.0717 233.1639  0.99835044  7061
INTELSAT 33E DEB        
1 64396U 16053AA  26282.96155415 -.00000029  00000+0  00000+0 0  9999
2 64396   1.8743  81.0567 0119150  67.6635 294.2630  0.98611906  7115
INTELSAT 33E DEB        
1 64397U 16053AB  26282.76796185 -.00000319  00000+0  00000+0 0  9995
2 64397   1.8330  79.4086 0052092  97.7903 263.4788  0.99476057  7049
INTELSAT 33E DEB        
1 64398U 16053AC  26282.89267068 -.00000253  00000+0  00000+0 0  9990
2 64398   1.6583  56.7587 0090417 330.7563  29.1724  1.00984186  7178
INTELSAT 33E DEB        
1 64399U 16053AD  26261.31017005 -.00000318  00000+0  00000+0 0  9991
2 64399   1.8986  64.0300 0500484  49.7732 315.0204  0.98815936  6742
INTELSAT 33E DEB        
1 64400U 16053AE  26281.87139139 -.00000241  00000+0  00000+0 0  9995
2 64400   1.7706  79.2604 0357208 326.0574  32.3539  1.03352073  7339
INTELSAT 33E DEB        
1 64402U 16053AG  26282.80891476 -.00000310  00000+0  00000+0 0  9997
2 64402   1.8037  75.2906 0131930 106.5861 255.5255  0.98355862  6999
INTELSAT 33E DEB        
1 64403U 16053AH  26281.74920402 -.00000202  00000+0  00000+0 0  9992
2 64403   1.6922  67.4200 0054128 350.4377  10.0879  1.00713402  7108
INTELSAT 33E DEB        
1 64404U 16053AJ  26282.83637165 -.00000363  00000+0  00000+0 0  9993
2 64404   1.6913  63.2058 0107691  33.2016 327.9858  0.99868047  7058
INTELSAT 33E DEB        
1 64405U 16053AK  26282.56782505  .00000097  00000+0  00000+0 0  9996
2 64405   2.0192  89.6704 0076885  34.6631 326.5290  0.99502688  7041
INTELSAT 33E DEB        
1 64406U 16053AL  26282.96366005  .00000013  00000+0  00000+0 0  9992
2 64406   1.7539  70.9184 0134420  51.4680 310.3202  0.98885082  6975
INTELSAT 33E DEB        
1 64407U 16053AM  26283.06662275 -.00000167  00000+0  00000+0 0  9994
2 64407   1.7831  67.4933 0319196 116.3275 247.5768  0.96119570  6765
INTELSAT 33E DEB        
1 64408U 16053AN  26281.92167223 -.00000284  00000+0  00000+0 0  9991
2 64408   3.2169  84.7694 0404429 356.1220   3.9326  1.03200011  7250
INTELSAT 33E DEB        
1 64409U 16053AP  26282.78780772 -.00000332  00000+0  00000+0 0  9991
2 64409   1.8163  78.1072 0054171  84.4607 276.8241  0.99472031  7008
INTELSAT 33E DEB        
1 64410U 16053AQ  26282.95286614  .00000006  00000+0  00000+0 0  9995
2 64410   1.7379  71.3349 0061657  10.2471 350.4754  0.99985038  7030
COSMOS 2589             
1 64467U 25131A   26282.75453053 -.00000354  00000+0  00000+0 0  9992
2 64467   0.2286  87.3324 0006772  41.8746 288.8800  1.00269724  4702
CHINASAT 9C             
1 64470U 25132A   26283.11057727 -.00000256  00000+0  00000+0 0  9997
2 64470   0.0099 207.3723 0003111 343.3483 320.0293  1.00273423  5308
COSMOS 2590             
1 64527U 25131D   26282.90625105 -.00000162  00000+0  00000+0 0  9992
2 64527   0.9092  83.0788 3637550  20.1009 320.0468  1.00211456  4750
MTG-S1                  
1 64723U 25143A   26283.09229051 -.00000016  00000+0  00000+0 0  9992
2 64723   0.6501 337.0557 0003621 263.7138 170.9969  1.00270141  4571
DROR 1                  
1 64784U 25148A   26283.09151050 -.00000043  00000+0  00000+0 0  9997
2 64784   0.0142 245.5909 0001218  14.6694 147.3726  1.00271387  4456
NTS-3                   
1 65160U 25173A   26283.08960383 -.00000047  00000+0  00000+0 0  9994
2 65160   3.5239  70.5460 0001380 155.9362 170.7945  1.00653984  1186
SHIYAN-29               
1 65486U 25196A   26282.86904196 -.00000282  00000+0  00000+0 0  9996
2 65486  28.9417  17.0938 0015348 180.5382 229.1375  1.00279831  4035
NUSANTARA LIMA (NUSANT*)
1 65588U 25205A   26282.58582756 -.00000368  00000+0  00000+0 0  9998
2 65588   0.0069 111.2643 0000488 161.4988  69.2066  1.00272448  3868
TJS-20                  
1 66142U 25238A   26283.10468390  .00000006  00000+0  00000+0 0  9995
2 66142   5.2213 299.1848 0003242 269.5329 270.1793  1.00276446  3486
SPAINSAT NG II          
1 66144U 25239A   26282.61915747 -.00000055  00000+0  00000+0 0  9991
2 66144  12.6296 210.4978 7652689 236.1460  28.1889  0.96596350  3445
CMS-03 (GSAT-7R)        
1 66311U 25249B   26283.10693725 -.00000086  00000+0  00000+0 0  9996
2 66311   0.0293  93.2805 0000608 132.0309 265.9273  1.00272588  3507
VIASAT-3 F2             
1 66454U 25261A   26283.25401520 -.00000242  00000+0  00000+0 0  9998
2 66454   0.0171 240.6241 0000933   8.5473 142.1753  1.00271806  3941
SHIJIAN-28 (SJ-28)      
1 66549U 25277A   26283.25799789 -.00000375  00000+0  00000+0 0  9994
2 66549   4.2479 270.3638 0001525  72.7315 245.4733  1.00268015  3302
TJS-22                  
1 66990U 25290A   26283.10546390 -.00000018  00000+0  00000+0 0  9995
2 66990   1.2574 288.9449 0004679 330.5124 223.7133  1.00272106  3170
TJS-23                  
1 67226U 25306A   26282.28686449 -.00000004  00000+0  00000+0 0  9999
2 67226   5.3364 296.9677 0004522 278.1486  81.5441  1.00272529  3038
CZ-5 R/B                
1 67227U 25306B   26282.60815547  .00002058  00000+0  23301-2 0  9991
2 67227  15.7372 201.1151 7538279   1.1000 359.8395  1.93876989  5697
FENGYUN 4C              
1 67246U 25312A   26283.26120458 -.00000331  00000+0  00000+0 0  9993
2 67246   0.0098 147.0854 0000762 165.9624 292.8788  1.00272257  3026
SHIJIAN-29A (SJ-29A)    
1 67302U 25315A   26283.10676391 -.00000074  00000+0  00000+0 0  9998
2 67302   3.6843  92.3295 0006004  78.5080 319.6264  1.00269876  2778
SHIJIAN-29B (SJ-29B)    
1 67403U 25315C   26283.03552360 -.00000075  00000+0  00000+0 0  9992
2 67403   3.6833  92.3259 0007026 102.6650 269.8317  1.00270383  2844
LUCH (OLYMP-K 1) DEB    
1 67745U 14058D   26282.91024383 -.00000237  00000+0  00000+0 0  9998
2 67745   2.8482  87.6526 1514038  75.7010 301.1353  0.98091010  2478
ELEKTRO-L 5             
1 67756U 26028A   26282.73775282 -.00000107  00000+0  00000+0 0  9997
2 67756   0.0652  55.9682 0001560 126.7069 177.3421  1.00271268  2390
JAM-E JAM 1             
1 67757U 26028B   26283.09905054  .00000147  00000+0  00000+0 0  9993
2 67757   0.1698  22.8671 0000553 292.6345 132.9462  1.00279475  2271
ECHOSTAR 25             
1 68126U 26045A   26283.24426778  .00000000  00000+0  00000+0 0  9999
2 68126   0.0215 208.4054 0001475 340.3088 168.0773  1.00270563  2142
MERIDIAN-M 21L          
1 68571U 26071A   26282.86132285  .00000132  00000+0  00000+0 0  9992
2 68571  62.8380 213.7688 7103336 285.5193  11.5396  2.00606488  3818
VIASAT-3 F3             
1 68893U 26096A   26283.26623126 -.00000131  00000+0  00000+0 0  9990
2 68893   0.0214 229.5377 0000376 246.3837 157.3928  1.00273163  1769
SMILE                   
1 69123U 26109A   26281.27012189  .00000529  00000+0  00000+0 0  9992
2 69123  69.9849 206.1768 8121826 285.2826   5.8683  0.47511777   480
TJS-24                  
1 69235U 26116A   26283.31604193 -.00000239  00000+0  00000+0 0  9992
2 69235   0.3001  87.2139 0001964 187.9225 307.8874  1.00270168  1389
TJS-25                  
1 69474U 26129A   26283.09975229 -.00000387  00000+0  00000+0 0  9991
2 69474   5.8552 330.7346 0005284 290.4540 273.7062  1.00272706  1212
SHIJIAN-31 (SJ-31)      
1 69570U 26136A   26282.94318189  .00000141  00000+0  00000+0 0  9992
2 69570  63.4821 344.2600 6935955 172.0942 211.0670  1.92222240  2293
TJS-26A                 
1 69674U 26144A   26283.04228363 -.00000369  00000+0  00000+0 0  9995
2 69674   6.8262 323.2232 0006780 344.0729 194.1410  1.00273181  1098
SXM-11                  
1 69728U 26148A   26283.24033432  .00000000  00000+0  00000+0 0  9993
2 69728   0.0141 209.5918 0000456 151.3661 349.1005  1.00270990  1193
UNKNOWN                 
1 83903U          26275.95643105 -.00000323  00000+0  00000+0 0  9995
2 83903   5.4684 288.1799 0124604 259.7258 125.0826  0.99115879 46587
UNKNOWN                 
1 83934U          26282.59629538 -.00000232  00000+0  00000+0 0  9990
2 83934   5.1164 295.7570 0237603 279.0774 139.0087  1.02662721 48375
UNKNOWN                 
1 84407U          26277.90887384 -.00000673  00000+0 -27158-1 0  9995
2 84407  18.6160 233.7553 7239430 224.2012  47.7926  2.05826328 81972
UNKNOWN                 
1 84575U          26281.21911797  .00000162  00000+0  95556-2 0  9995
2 84575  18.7555  57.3717 7133645 206.7695  84.2195  2.19919566 72057
