SYNCOM 2 (A 26)         
1 00634U 63031A   26281.76069984 -.00000024  00000+0  00000+0 0  9999
2 00634  29.7422 298.8260 0007005 216.5330 201.5798  1.00280561231504
SYNCOM 3                
1 00858U 64047A   26281.73387958 -.00000359  00000+0  00000+0 0  9997
2 00858   7.2378  63.2597 0004888 166.5620 176.3584  1.00351636 54600
INTELSAT 1-F1           
1 01317U 65028A   26281.49580095  .00000120  00000+0  00000+0 0  9993
2 01317   7.4274  62.5095 0008824 150.9252 190.8958  1.00228681128303
ATS 1                   
1 02608U 66110A   26281.76953233 -.00000126  00000+0  00000+0 0  9995
2 02608   5.2514  68.7029 0007309 186.7669 198.1131  1.00286805135945
INTELSAT 2-F2           
1 02639U 67001A   26281.50433126 -.00000112  00000+0  00000+0 0  9990
2 02639   3.5370  75.8865 0007481 192.5127 189.9152  1.00149759120381
INTELSAT 2-F3           
1 02717U 67026A   26281.89500209 -.00000103  00000+0  00000+0 0  9993
2 02717   4.3573  67.0774 0018297 222.1711 123.1038  1.00394497125031
INTELSAT 2-F4           
1 02969U 67094A   26274.31604242 -.00000278  00000+0  00000+0 0  9991
2 02969   4.3398  72.9978 0012867 147.1620 216.1904  1.00325974116385
ATS 3                   
1 03029U 67111A   26281.93114225 -.00000098  00000+0  00000+0 0  9992
2 03029   3.4637  76.9632 0014968  41.4387 129.2568  1.00271909215771
LES-6                   
1 03431U 68081D   26281.50277125 -.00000093  00000+0  00000+0 0  9993
2 03431   1.7534  45.3816 0008056 286.1349 118.0698  1.00351896121923
OPS 0757 (TACSAT)       
1 03691U 69013A   26281.89214207  .00000021  00000+0  00000+0 0  9991
2 03691   3.1319  73.4544 0022991 176.6707 146.6334  1.00447920115249
SKYNET 1A               
1 04250U 69101A   26281.50346459 -.00000103  00000+0  00000+0 0  9996
2 04250   0.7257  80.6076 0026561 161.6926 211.2483  1.00267651135651
NATO 2A                 
1 04353U 70021A   26281.50415793 -.00000129  00000+0  00000+0 0  9999
2 04353   0.3092 349.3595 0004004 241.6970 226.3805  1.00277586126906
INTELSAT 3-F7           
1 04376U 70032A   26281.79632776 -.00000276  00000+0  00000+0 0  9992
2 04376   2.7146  85.5193 0003612 197.5518 162.9373  1.00272102 48504
ATLAS AGENA D R/B       
1 04511U 70046B   26281.49012473 -.00000090  00000+0  00000+0 0  9995
2 04511   1.9848  82.5573 0030599 311.1861  49.2207  1.00444269 26697
NATO 2B                 
1 04902U 71009A   26281.64603183 -.00000103  00000+0  00000+0 0  9995
2 04902   0.8897 237.1326 0003148 290.3912 337.5293  1.00271341119771
OPS 9431 (DSCS 2-1)     
1 05587U 71095A   26281.93148891 -.00000112  00000+0  00000+0 0  9992
2 05587   1.3117 248.8913 0006949   1.0494 359.7835  1.00259844123167
OPS 9432 (DSCS 2-2)     
1 05588U 71095B   26281.89898877 -.00000241  00000+0  00000+0 0  9997
2 05588   1.2709 250.6639 0003286  43.2564 139.9711  1.00151921 48509
INTELSAT 4-F4           
1 05775U 72003A   26281.80478860 -.00000253  00000+0  00000+0 0  9995
2 05775   6.4854 293.5045 0000696 207.9390 142.6345  0.99837674138529
OPS 1570 (DSP 3)        
1 05851U 72010A   26281.80340193 -.00000266  00000+0  00000+0 0  9999
2 05851   0.6994  91.3575 0010427 179.7756   5.7399  0.99781974 27067
INTELSAT 4-F5           
1 06052U 72041A   26281.40950570 -.00000385  00000+0  00000+0 0  9991
2 06052   5.4576 285.7578 0005005 303.7926  55.8982  1.00112848 47793
OPS 6063                
1 06380U 73013A   26281.89560876 -.00000108  00000+0  00000+0 0  9997
2 06380   0.1863 180.7296 0022036   1.1970 234.0027  1.00268394 27562
ANIK A2 (TELESAT 2)     
1 06437U 73023A   26281.77386568 -.00000057  00000+0  00000+0 0  9995
2 06437   6.6743 295.0350 0008761  74.4530 107.4527  0.99805307 48286
OPS 6157 (DSP 4)        
1 06691U 73040A   26281.77395235 -.00000030  00000+0  00000+0 0  9998
2 06691   0.7432 202.6991 0007836  73.4012 201.3639  0.99828096 27071
WESTAR 1                
1 07250U 74022A   26281.77611903  .00000037  00000+0  00000+0 0  9990
2 07250   6.8556 297.1751 0004174  19.2603 172.7143  0.99904540123466
MOLNIYA 1-S             
1 07392U 74060A   26281.90669701 -.00000314  00000+0  00000+0 0  9992
2 07392   1.1064 243.9692 0009028 297.2755 263.4216  1.00227823135318
WESTAR 2                
1 07466U 74075A   26281.67142527  .00000051  00000+0  00000+0 0  9993
2 07466   7.0119 298.9435 0004686 248.1661  95.2037  0.99856303138781
INTELSAT 4-F8           
1 07544U 74093A   26281.67437194  .00000097  00000+0  00000+0 0  9997
2 07544   7.7347 303.8158 0003691 239.3882 115.0628  0.99785136126338
SKYNET 2B               
1 07547U 74094A   26281.90441699 -.00000347  00000+0  00000+0 0  9991
2 07547   3.2910 279.8324 0003035 256.2753 297.8108  1.00320682125900
SYMPHONIE 1             
1 07578U 74101A   26281.91086216 -.00000253  00000+0  00000+0 0  9991
2 07578   4.2908 275.6156 0003842 334.3086 248.4426  0.99965785118332
ANIK A3 (TELESAT 3)     
1 07790U 75038A   26281.50467793 -.00000125  00000+0  00000+0 0  9993
2 07790   7.4593 302.0071 0001643 298.7650 218.9451  1.00035453131092
SYMPHONIE 2             
1 08132U 75077A   26281.80608860 -.00000194  00000+0  00000+0 0  9998
2 08132   3.7525 273.0520 0004619   8.8497   9.1811  0.99982515143593
INTELSAT 4A-F1          
1 08330U 75091A   26281.77577236  .00000029  00000+0  00000+0 0  9998
2 08330   7.6347 303.5638 0006360 271.6101 271.9110  0.99935776122601
COSMOS 775              
1 08357U 75097A   26281.81683531  .00000138  00000+0  00000+0 0  9995
2 08357   2.0756 257.8072 0009697 200.5601 251.2181  1.00300740132901
GOES 1 (SMS-C)          
1 08366U 75100A   26281.64213182  .00000009  00000+0  00000+0 0  9999
2 08366   4.3246 276.0669 0005718 336.4145 231.3965  1.00297885186203
OPS 3165 (DSP 5)        
1 08482U 75118A   26281.77100567 -.00000033  00000+0  00000+0 0  9991
2 08482   2.0121 254.4733 0034005  29.6941 177.0193  1.00455299 27597
RADUGA 1                
1 08513U 75123A   26281.89335542 -.00000002  00000+0  00000+0 0  9994
2 08513   2.5145 264.1994 0005693 307.6268 191.5794  1.00268223195955
TITAN 3C TRANSTAGE R/B  
1 08516U 75118C   26281.92492312 -.00000194  00000+0  00000+0 0  9996
2 08516   1.9889 254.8276 0011356 228.4761 130.7702  1.00553592 26926
CTS                     
1 08585U 76004A   26281.63875179  .00000094  00000+0  00000+0 0  9999
2 08585   3.6439 270.3062 0017533 289.7648 265.9716  1.00247693123437
INTELSAT 4A-F2          
1 08620U 76010A   26281.51195796 -.00000271  00000+0  00000+0 0  9991
2 08620   7.6627 303.1472 0007708 301.5850 254.8867  0.99687722621740
LES-8                   
1 08746U 76023A   26279.36470823 -.00000103  00000+0  00000+0 0  9995
2 08746  22.5922  35.6061 0032406 163.1537 200.5873  1.00268857130805
LES-9                   
1 08747U 76023B   26279.36531490 -.00000123  00000+0  00000+0 0  9996
2 08747  22.5536  35.6190 0024134 185.9183 181.2193  1.00269548130794
COMSTAR 1               
1 08838U 76042A   26281.80565527 -.00000237  00000+0  00000+0 0  9994
2 08838   7.7355 303.9066 0005009 336.3856   8.3815  0.99830556121702
TITAN 3C TRANSTAGE R/B  
1 08918U 76059C   26281.02422672 -.00000005  00000+0  00000+0 0  9991
2 08918   2.4478 258.5863 0009590 286.4166  72.9157  1.00556294 26580
PALAPA 1                
1 09009U 76066A   26281.80452860 -.00000238  00000+0  00000+0 0  9997
2 09009   7.6598 304.3091 0005248 254.6086  83.5436  1.00107249129077
COMSTAR 2               
1 09047U 76073A   26281.77975904  .00000095  00000+0  00000+0 0  9992
2 09047   7.6882 304.4232 0001864 286.3973 278.0934  0.99978649 48341
RADUGA 2                
1 09416U 76092A   26281.89569543 -.00000118  00000+0  00000+0 0  9991
2 09416   3.1896 267.6745 0028435  40.7383 107.3055  1.00298634130483
KIKU-2 (ETS-II)         
1 09852U 77014A   26281.80652193 -.00000177  00000+0  00000+0 0  9990
2 09852   4.9957 282.0684 0001381 283.0181  88.4374  1.00021982128363
TITAN 3C TRANSTAGE R/B  
1 09855U 77007C   26280.94696930 -.00000198  00000+0  00000+0 0  9999
2 09855   3.1082 265.9203 0016229  46.8280 312.8454  1.00337021 26493
PALAPA 2                
1 09862U 77018A   26276.51905911 -.00000222  00000+0  00000+0 0  9997
2 09862   8.4570 309.6336 0002334 156.7860  12.2229  1.00032349144195
RADUGA 3                
1 10159U 77071A   26281.89994212 -.00000317  00000+0  00000+0 0  9991
2 10159   3.8310 271.8639 0010114 307.8499 219.3108  1.00338967178182
SIRIO                   
1 10294U 77080A   26281.82351837 -.00000113  00000+0  00000+0 0  9998
2 10294   6.9750 298.3644 0005597 171.2346 278.8809  1.00270632119061
EKRAN 2                 
1 10365U 77092A   26281.89517543 -.00000077  00000+0  00000+0 0  9994
2 10365   3.9505 273.1411 0039083   7.1903 132.7663  1.00216045135995
METEOSAT-1              
1 10489U 77108A   26281.77447944 -.00000027  00000+0  00000+0 0  9998
2 10489   4.7966 279.9226 0007290  94.1923 345.7452  1.00382832138356
INTELSAT 4A-F3          
1 10557U 78002A   26281.63942142 -.00000306  00000+0  00000+0 0  9993
2 10557   8.7851 311.9938 0005471 295.0513 105.3461  0.99903837 49882
INTELSAT 4A-F6          
1 10778U 78035A   26281.90540214 -.00000388  00000+0  00000+0 0  9998
2 10778   8.5607 310.9966 0009004 309.6834 207.8087  1.00207548123309
OPS 8790                
1 10787U 78038A   26281.77464568  .00000080  00000+0  00000+0 0  9991
2 10787   3.4536 326.6640 0020304 275.5082 239.1987  1.00469157 26405
YURI (BS)               
1 10792U 78039A   26281.75470105  .00000122  00000+0  00000+0 0  9997
2 10792   5.1960 282.7989 0022126 318.9373  88.5500  1.00283916119900
RADUGA 4                
1 10987U 78073A   26281.67870529  .00000038  00000+0  00000+0 0  9992
2 10987   4.5039 277.2493 0010921  30.3399  14.1330  1.00200372120743
EKRAN 3                 
1 11273U 79015A   26281.90028878 -.00000321  00000+0  00000+0 0  9992
2 11273   4.8401 280.3943 0041852   9.3771 150.7652  1.00286003136151
RADUGA 5                
1 11343U 79035A   26281.89751544 -.00000206  00000+0  00000+0 0  9995
2 11343   5.0140 281.2074 0004028 242.6892 261.8793  1.00264920130504
GORIZONT 2              
1 11440U 79062A   26281.67861862  .00000024  00000+0  00000+0 0  9991
2 11440   5.4626 284.7920 0006774 338.1381  58.4440  1.00274809139164
WESTAR 3                
1 11484U 79072A   26281.67974529  .00000020  00000+0  00000+0 0  9991
2 11484  10.0822 320.4523 0003675 302.7150  64.3519  0.99935571141654
EKRAN 4                 
1 11561U 79087A   26281.89760211 -.00000204  00000+0  00000+0 0  9993
2 11561   5.3179 283.6401 0009435 244.2020 258.5281  1.00227509 48515
SL-12 R/B(2)            
1 11568U 75123F   26281.80470193 -.00000160  00000+0  00000+0 0  9996
2 11568   2.2591 261.2777 0013579 227.5764 154.6873  1.00484426123146
EKRAN 2 DEB             
1 11581U 77092H   26281.90011545 -.00000329  00000+0  00000+0 0  9998
2 11581   3.8542 272.4696 0019456 279.0218 248.9198  1.00366235105508
GORIZONT 3              
1 11648U 79105A   26281.67471861  .00000124  00000+0  00000+0 0  9996
2 11648   5.6576 286.7697 0012701 276.9529  96.3692  1.00260311123620
OPS 6393 (FLTSATCOM 3)  
1 11669U 80004A   26281.63961847  .00000074  00000+0  00000+0 0  9997
2 11669   5.9473 306.5170 0023492 250.8728 273.0697  1.00176022170996
SL-12 R/B(2)            
1 11676U 75097F   26281.91136160 -.00000371  00000+0  00000+0 0  9995
2 11676   2.0723 258.2178 0021538 234.9467 330.3997  1.00110135120272
RADUGA 6                
1 11708U 80016A   26281.75470095  .00000121  00000+0  00000+0 0  9990
2 11708   5.4431 285.5647 0003056 322.0849  82.9645  1.00275177123308
RADUGA 7                
1 12003U 80081A   26281.80426860 -.00000217  00000+0  00000+0 0  9995
2 12003   5.6799 288.2242 0012502 318.0185  34.8772  1.00279855124441
SBS 1                   
1 12065U 80091A   26281.81354197  .00000027  00000+0  00000+0 0  9996
2 12065   9.8044 317.0693 0008416 214.2305 160.4574  0.99824917 47610
EKRAN 6                 
1 12120U 80104A   26281.74294461 -.00000041  00000+0  00000+0 0  9999
2 12120   5.9786 289.6985 0004509  62.0944 359.2412  1.00320306128555
ESIAFI 1 (COMSTAR 4)    
1 12309U 81018A   26281.61486306 -.00000094  00000+0  00000+0 0  9998
2 12309   8.4891 310.5346 0001622  40.2330 319.6599  1.00282999168582
SL-12 R/B(2)            
1 12447U 80081F   26281.51083128 -.00000274  00000+0  00000+0 0  9994
2 12447   5.9049 289.3288 0004597  37.0836 167.1326  0.99961964165516
GOES 5                  
1 12472U 81049A   26281.26917318  .00000053  00000+0  00000+0 0  9990
2 12472   9.1643 315.0013 0004499 311.9121  71.3383  1.00235112123981
APPLE                   
1 12545U 81057B   26281.91136160 -.00000385  00000+0  00000+0 0  9999
2 12545   6.7790 295.9773 0026547 234.6504 297.0840  1.00042825123523
EKRAN 7                 
1 12564U 81061A   26281.82153563 -.00000055  00000+0  00000+0 0  9995
2 12564   6.2666 292.1626 0003874  34.2426  56.8023  1.00215603130654
RADUGA 9                
1 12618U 81069A   26281.67506528  .00000119  00000+0  00000+0 0  9999
2 12618   6.3312 292.6594 0001624 256.9365 112.4959  1.00227309 48480
SBS 2                   
1 12855U 81096A   26281.81120196  .00000004  00000+0  00000+0 0  9994
2 12855  10.0887 320.7644 0007905 253.9666 104.2203  1.00152511119741
RADUGA 10               
1 12897U 81102A   26281.79457171 -.00000197  00000+0  00000+0 0  9995
2 12897   6.4512 293.9958 0003950 271.7262 180.8729  1.00287215118489
SATCOM 3R               
1 12967U 81114A   26281.91086216 -.00000233  00000+0  00000+0 0  9999
2 12967  11.9617 331.1216 0005985 300.2573 226.6407  1.00139030129204
EKRAN 2 DEB             
1 12996U 77092J   26281.77698569  .00000089  00000+0  00000+0 0  9993
2 12996   4.0197 273.3500 0024143 296.9507 283.9105  1.00048990 85644
WESTAR 4                
1 13069U 82014A   26281.11496846 -.00000284  00000+0  00000+0 0  9995
2 13069  12.5238 334.1839 0005958 281.8903 102.5254  0.99771229 47579
INSAT-1A                
1 13129U 82031A   26281.91136160 -.00000390  00000+0  00000+0 0  9997
2 13129   6.8826 297.6126 0007758  60.8932 107.0124  1.00260057167578
COSMOS 1366             
1 13177U 82044A   26281.79792353 -.00000183  00000+0  00000+0 0  9992
2 13177   8.0463 296.2614 0006466 132.3048 317.8765  1.00265574134752
ANIK D1 (TELESAT 6)     
1 13431U 82082A   26281.81449530  .00000095  00000+0  00000+0 0  9997
2 13431  12.0857 332.1520 0006224 320.8570  43.8582  1.00119256 47749
EKRAN 9                 
1 13554U 82093A   26281.67965862 -.00000010  00000+0  00000+0 0  9998
2 13554   6.8401 298.9294 0027141  10.8430  17.0519  1.00209397121146
GORIZONT 6              
1 13624U 82103A   26281.46845662  .00000092  00000+0  00000+0 0  9999
2 13624   7.1007 301.1755 0003542 337.0702 119.5665  1.00347777122083
SL-12 R/B(2)            
1 13630U 82103E   26281.77213234 -.00000028  00000+0  00000+0 0  9994
2 13630   7.0582 301.0507 0011560 201.6624 324.6277  1.00323712122642
SATCOM C5               
1 13631U 82105A   26281.14708984 -.00000122  00000+0  00000+0 0  9994
2 13631  11.9735 331.7257 0001581  49.2825 303.6509  1.00274029127501
SBS 3                   
1 13651U 82110B   26281.51386464 -.00000307  00000+0  00000+0 0  9993
2 13651  12.3864 333.5981 0005001 145.2690  30.6505  0.99930875 47670
ANIK C3 (TELESAT 5)     
1 13652U 82110C   26279.84868104 -.00000074  00000+0  00000+0 0  9994
2 13652  12.3616 333.4252 0001804 264.2176 260.0020  0.99916218 47625
RADUGA 12               
1 13974U 83028A   26281.74294463 -.00000040  00000+0  00000+0 0  9996
2 13974   7.9686 305.5629 0002057 325.4949  79.9844  1.00282977170524
SL-12 R/B(2)            
1 13983U 83028F   26281.64351848 -.00000014  00000+0  00000+0 0  9997
2 13983   7.9975 305.6275 0024214 228.9677 317.0999  1.00035875158949
SATCOM 1R               
1 13984U 83030A   26281.66765002 -.00000357  00000+0  00000+0 0  9994
2 13984  13.1105 337.7016 0005984 161.6384 256.4690  0.99859724131617
GOES 6                  
1 14050U 83041A   26281.21252343  .00000043  00000+0  00000+0 0  9992
2 14050  10.0185 320.5445 0003512 269.9081  88.4722  1.00273843217140
SL-12 R/B(2)            
1 14114U 82044F   26270.83139514 -.00000069  00000+0  00000+0 0  9994
2 14114   7.9545 295.6128 0015518 206.7500 156.3840  1.00275900 48379
PALAPA B1               
1 14134U 83059C   26280.94969410 -.00000216  00000+0  00000+0 0  9996
2 14134  11.4500 328.7535 0001039 176.6001 191.5061  1.00204687121929
GALAXY 1 (G-1)          
1 14158U 83065A   26281.35145065  .00000093  00000+0  00000+0 0  9999
2 14158  13.5194 340.8398 0004116 274.0420  96.3107  1.00127713 47762
SL-12 R/B(2)            
1 14195U 81102F   26281.33824136 -.00000196  00000+0  00000+0 0  9996
2 14195   6.3493 293.5304 0009501 241.6761 118.0195  1.00242879124134
INSAT-1B                
1 14318U 83089B   26281.81492863  .00000102  00000+0  00000+0 0  9996
2 14318  11.0177 326.3017 0014179 250.4491 122.2716  1.00216353126354
GALAXY 2 (G-2)          
1 14365U 83098A   26281.91380884 -.00000083  00000+0  00000+0 0  9997
2 14365  13.5355 341.1334 0002391 144.4347  28.7154  1.00236988133375
EKRAN 11                
1 14377U 83100A   26281.54421746 -.00000255  00000+0  00000+0 0  9997
2 14377   7.5360 303.8256 0004290 320.9471  38.8691  1.00223048 48516
INTELSAT 507            
1 14421U 83105A   26279.41974181 -.00000162  00000+0  00000+0 0  9998
2 14421  11.8399 330.4052 0002126 176.1006 190.5412  0.99701771138346
RADUGA 14               
1 14725U 84016A   26281.79978406 -.00000232  00000+0  00000+0 0  9993
2 14725   8.3566 310.1462 0001709 218.8729 222.8832  1.00274855119246
COSMOS 1540             
1 14783U 84022A   26281.79617181 -.00000173  00000+0  00000+0 0  9998
2 14783   9.0838 303.5221 0009100 294.9019 145.8057  1.00276483122166
COSMOS 1546             
1 14867U 84031A   26281.68035196 -.00000063  00000+0  00000+0 0  9997
2 14867   8.4666 310.7971 0024263  17.4330   2.7894  1.00272794 48511
STTW-T2                 
1 14899U 84035A   26281.69386115 -.00000252  00000+0  00000+0 0  9997
2 14899   9.2678 317.2663 0007063 207.6329 193.4619  1.00164070 48518
GORIZONT 9              
1 14940U 84041A   26281.80620799 -.00000282  00000+0  00000+0 0  9996
2 14940   8.5394 311.6830 0006399 295.4805 153.5660  1.00244287123089
ZHONGXING-5             
1 14985U 84049A   26281.82789800 -.00000088  00000+0  00000+0 0  9998
2 14985  14.3074 347.4450 0012729 242.6572 163.5996  0.99976316132447
RADUGA 15               
1 15057U 84063A   26281.67298527  .00000113  00000+0  00000+0 0  9997
2 15057   8.5217 311.1378 0003610 243.5546  95.8524  1.00212729142235
GORIZONT 10             
1 15144U 84078A   26281.77577236  .00000070  00000+0  00000+0 0  9990
2 15144   8.6836 312.7203 0003864 328.5431 205.7784  1.00285576155719
HIMAWARI-3 (GMS-3)      
1 15152U 84080A   26281.81553530  .00000075  00000+0  00000+0 0  9993
2 15152  10.4623 322.9749 0004755 162.4033 217.1765  0.99832776153782
SL-12 R/B(2)            
1 15181U 84078F   26281.71696778 -.00000387  00000+0  00000+0 0  9990
2 15181   8.7675 313.0832 0022046 219.6015 215.2703  1.00237256124158
TELSTAR 302             
1 15237U 84093D   26281.49579806 -.00000356  00000+0  00000+0 0  9992
2 15237  14.0709 344.5132 0004111 213.9956 136.3766  0.99785356 47561
GALAXY 3 (G-3)          
1 15308U 84101A   26278.33184008  .00000060  00000+0  00000+0 0  9997
2 15308  14.0384 344.2785 0003424  13.5068   5.5063  0.99833471 47585
ZHONGXING-5R            
1 15385U 84114A   26276.89239463 -.00000090  00000+0  00000+0 0  9995
2 15385  14.6405 351.1791 0005609  99.0013 248.5502  0.99764830128051
GORIZONT 11             
1 15484U 85007A   26281.51386464 -.00000320  00000+0  00000+0 0  9992
2 15484   8.9622 314.9029 0004305 268.0013 287.0084  1.00197548153767
ARABSAT-1A              
1 15560U 85015A   26281.81414863  .00000096  00000+0  00000+0 0  9993
2 15560  11.7091 330.5100 0036571 242.9141 120.9554  1.00196792127152
COSMOS 1629             
1 15574U 85016A   26281.21053009  .00000077  00000+0  00000+0 0  9993
2 15574   8.9305 313.8198 0008060 275.4890  78.6710  1.00358301151581
GSTAR 1                 
1 15677U 85035A   26281.32694084 -.00000124  00000+0  00000+0 0  9998
2 15677  14.2795 347.8476 0003890 178.4958 223.0763  1.00272195126343
TELECOM 1B              
1 15678U 85035B   26281.37649742 -.00000230  00000+0  00000+0 0  9993
2 15678   9.9632 320.2172 0002862 297.6967 228.2036  1.00301971138152
ARABSAT-1B              
1 15825U 85048C   26281.50113243 -.00000088  00000+0  00000+0 0  9999
2 15825  12.2606 333.3194 0011499  14.8269  13.0179  1.00384248136573
TELSTAR 303             
1 15826U 85048D   26281.21521010  .00000021  00000+0  00000+0 0  9999
2 15826  14.1437 345.4235 0005306 253.8425  93.7964  0.99869709 47627
INTELSAT 511            
1 15873U 85055A   26280.75105339  .00000070  00000+0  00000+0 0  9993
2 15873  13.1023 337.9327 0009681 115.1222 248.7122  1.00076742125649
RADUGA 16               
1 15946U 85070A   26281.20957675  .00000089  00000+0  00000+0 0  9990
2 15946   9.2247 316.1485 0003319 300.0835  46.4247  1.00345745123354
OPTUS A1 (AUSSAT 1)     
1 15993U 85076B   26281.14748978 -.00000251  00000+0  00000+0 0  9997
2 15993  13.1972 338.0377 0002988 338.0163  44.7532  0.99760394120728
ASC 1                   
1 15994U 85076C   26281.15072985 -.00000236  00000+0  00000+0 0  9990
2 15994  13.7310 342.4896 0001286 179.1306 183.1295  1.00297026119114
COSMOS 1700             
1 16199U 85102A   26281.80846829 -.00000299  00000+0  00000+0 0  9995
2 16199   9.5273 318.1904 0006508 251.7208 192.6317  1.00281942152817
SL-12 R/B(2)            
1 16214U 85102D   26281.76621920 -.00000387  00000+0  00000+0 0  9999
2 16214   9.2613 317.3546 0019100 164.6670 275.5988  1.00632063125998
RADUGA 17               
1 16250U 85107A   26281.81406197  .00000086  00000+0  00000+0 0  9992
2 16250   9.4205 317.7148 0014244 241.5927 134.9612  1.00159435152813
OPTUS A2 (AUSSAT 2)     
1 16275U 85109C   26281.26047899 -.00000311  00000+0  00000+0 0  9992
2 16275  13.2734 339.3135 0005454 302.2421 142.0396  0.99947551 47669
STTW-1                  
1 16526U 86010A   26281.74891073  .00000031  00000+0  00000+0 0  9995
2 16526  10.4430 322.8471 0004159 296.1160  85.9894  1.00222917156600
GSTAR 2                 
1 16649U 86026A   26280.95082076 -.00000227  00000+0  00000+0 0  9993
2 16649  14.1416 345.0060 0001448  11.4923 346.0414  0.99802975117763
BRASILSAT 2             
1 16650U 86026B   26271.15583058 -.00000204  00000+0  00000+0 0  9998
2 16650  14.5002 349.6314 0004015 306.4528  54.4957  0.99638664 47411
COSMOS 1738             
1 16667U 86027A   26276.81866712 -.00000086  00000+0  00000+0 0  9994
2 16667  10.0784 317.0442 0011613 160.1535 182.8728  1.00275741148435
GORIZONT 12             
1 16769U 86044A   26281.64192760 -.00000371  00000+0  00000+0 0  9995
2 16769   9.8739 320.4683 0005365 309.9360  84.8289  1.00244980148406
SL-12 R/B(2)            
1 17125U 86090D   26281.54556369 -.00000372  00000+0  00000+0 0  9992
2 17125  10.1727 322.0419 0008691 196.0084 163.8907  1.00196741146003
GOES 7                  
1 17561U 87022A   26281.08390959 -.00000283  00000+0  00000+0 0  9993
2 17561  12.8257 336.8490 0001878  12.4924 353.6492  0.99897931128093
AGILA 1 (PALAPA B2P)    
1 17706U 87029A   26281.35006397  .00000063  00000+0  00000+0 0  9996
2 17706  14.3252 347.3154 0000703 348.8755   6.8628  0.99915110 43650
SL-12 R/B(2)            
1 17872U 76092F   26281.89101541  .00000081  00000+0  00000+0 0  9994
2 17872   3.1745 268.2601 0015414 206.4544 276.7723  1.00259632120063
SL-12 R/B(2)            
1 17873U 79035E   26270.39979328 -.00000211  00000+0  00000+0 0  9990
2 17873   4.9688 280.8846 0027200 259.0592 303.5699  1.00187130186193
SL-12 R/B(2)            
1 17874U 84016F   26281.80165983 -.00000261  00000+0  00000+0 0  9993
2 17874   8.3603 310.2259 0035288 233.9209 210.6561  1.00317866123992
COSMOS 1888             
1 18384U 87084A   26281.81406197  .00000088  00000+0  00000+0 0  9990
2 18384  10.6436 325.4008 0003464 265.1191 103.8400  1.00201954142836
SL-12 R/B(2)            
1 18387U 87084D   26258.86538580  .00000127  00000+0  00000+0 0  9998
2 18387  10.8304 326.1208 0030145 253.6609 123.4013  1.00040668149688
COSMOS 1894             
1 18443U 87091A   26281.01700267 -.00000307  00000+0  00000+0 0  9996
2 18443  10.5981 324.8505 0003218 354.9801  21.0168  1.00217284121958
SL-12 R/B(2)            
1 18446U 87091D   26281.79790821 -.00000158  00000+0  00000+0 0  9993
2 18446  10.6313 325.0186 0023746 269.4073 151.6072  1.00143638131145
COSMOS 1897             
1 18575U 87096A   26281.75991696 -.00000324  00000+0  00000+0 0  9995
2 18575  10.8746 326.1910 0005906 169.4125 252.9376  1.00272032142338
SL-12 R/B(2)            
1 18578U 87096D   26281.91103550 -.00000147  00000+0  00000+0 0  9993
2 18578  10.6634 325.4550 0023684 252.5122 281.2069  1.00555426139174
RADUGA 21               
1 18631U 87100A   26281.51195796 -.00000322  00000+0  00000+0 0  9993
2 18631  11.1473 324.4986 0001977 292.9190 243.1496  1.00320429142221
STTW-2                  
1 18922U 88014A   26281.80290519 -.00000248  00000+0  00000+0 0  9999
2 18922  13.1723 338.8637 0004672 194.6559 221.7574  1.00279783141255
SPACENET 3R             
1 18951U 88018A   26281.14517786 -.00000195  00000+0  00000+0 0  9991
2 18951  14.7164 358.8146 0005758 254.8903  97.1440  0.99658334125730
SL-12 R/B(2)            
1 19076U 88034D   26281.71892009 -.00000381  00000+0  00000+0 0  9992
2 19076  11.1209 326.8367 0023262 197.8445 225.1449  1.00095737140247
INSAT-1C                
1 19330U 88063A   26278.75611221  .00000022  00000+0  00000+0 0  9993
2 19330  11.1806 327.0649 0007429 182.4416 196.0675  1.00248866121456
COSMOS 1961             
1 19344U 88066A   26281.82453314 -.00000124  00000+0  00000+0 0  9994
2 19344  11.3269 328.9934 0003479 196.2059 224.0470  1.00260199140156
GORIZONT 16             
1 19397U 88071A   26281.72837700 -.00000390  00000+0  00000+0 0  9997
2 19397  11.3940 329.0897 0010560  87.6958 345.9595  0.99978756139375
SL-12 R/B(2)            
1 19400U 88071D   26259.40399765  .00000064  00000+0  00000+0 0  9993
2 19400  11.1424 328.4632 0020505 244.4181 147.0400  1.00550750133627
GSTAR 3                 
1 19483U 88081A   26281.64594516 -.00000128  00000+0  00000+0 0  9999
2 19483  10.9024 317.4822 0006972 227.4007 319.6174  1.00272389135738
SBS 5                   
1 19484U 88081B   26274.89844073 -.00000017  00000+0  00000+0 0  9992
2 19484  14.6287   0.1060 0006451 308.6548  39.0167  0.99795667 47525
TDRS 3                  
1 19548U 88091B   26276.23012117 -.00000304  00000+0  00000+0 0  9999
2 19548  12.5225 340.2797 0039155 350.5467  75.0509  1.00266750126474
RADUGA 22               
1 19596U 88095A   26281.81380197  .00000084  00000+0  00000+0 0  9996
2 19596  11.4140 329.4093 0005778 211.8948 151.8163  1.00219095122796
STTW-3                  
1 19710U 88111A   26281.81674865  .00000113  00000+0  00000+0 0  9994
2 19710  13.9924 344.7014 0004839 204.6241 159.5049  1.00281058131984
IUS R/B(2)              
1 19913U 89021D   26281.37892410 -.00000090  00000+0  00000+0 0  9994
2 19913   8.5333 320.0580 0023163 198.3597 340.9705  1.00600636126797
RADUGA 23               
1 19928U 89030A   26281.82362596 -.00000052  00000+0  00000+0 0  9995
2 19928  11.6755 331.2407 0020526 214.8244 198.0404  1.00180256135992
SUPERBIRD-A             
1 20040U 89041A   26280.95047410 -.00000236  00000+0  00000+0 0  9996
2 20040  12.0512 331.5519 0004397 207.4396 162.1098  0.99756242135594
DFS 1                   
1 20041U 89041B   26281.94960231 -.00000059  00000+0  00000+0 0  9995
2 20041  13.9361 345.6779 0014764 299.5900  62.7482  1.00652168125645
TVSAT 2                 
1 20168U 89062A   26277.60664170  .00000102  00000+0  00000+0 0  9997
2 20168  14.6889 354.9366 0010107 215.2608  63.5026  0.99844877135595
FLTSATCOM 8 (USA 46)    
1 20253U 89077A   26281.61535502 -.00000379  00000+0  00000+0 0  9997
2 20253  12.3925 350.4673 0003628 241.7221 131.9009  1.00260904261703
GORIZONT 19             
1 20263U 89081A   26280.74888671  .00000106  00000+0  00000+0 0  9991
2 20263  11.9571 332.7476 0006850 285.1667  71.7977  1.00223615 48465
RADUGA 24               
1 20367U 89098A   26281.80925328 -.00000286  00000+0  00000+0 0  9993
2 20367  12.3835 332.9918 0003868 294.3121 136.2650  1.00222839134114
COSMOS 2054             
1 20391U 89101A   26281.34798397  .00000071  00000+0  00000+0 0  9999
2 20391  12.1240 333.4735 0004236 241.8519 116.4880  1.00310859134991
STTW-4                  
1 20473U 90011A   26281.80836075 -.00000277  00000+0  00000+0 0  9998
2 20473  14.1006 345.5481 0002999 192.2629 223.7524  1.00240805134182
RADUGA 25               
1 20499U 90016A   26281.21564344 -.00000021  00000+0  00000+0 0  9990
2 20499  12.2069 333.9355 0006404 227.4473 134.2327  1.00167593134046
INSAT-1D                
1 20643U 90051A   26281.82649890 -.00000146  00000+0  00000+0 0  9995
2 20643  14.5951 353.0785 0017105 201.5322 198.4064  1.00259044119897
GORIZONT 20             
1 20659U 90054A   26281.80628483 -.00000293  00000+0  00000+0 0  9991
2 20659  12.5728 335.2697 0006638 251.8361 174.5430  1.00297442132833
SL-12 R/B(2)            
1 20662U 90054D   26281.72150983 -.00000014  00000+0  00000+0 0  9992
2 20662  12.4118 334.6830 0012330 108.8108 251.3027  1.00518576132938
COSMOS 2085             
1 20693U 90061A   26281.82362587 -.00000080  00000+0  00000+0 0  9993
2 20693  12.5648 335.7053 0012935  27.3384  21.6673  1.00278353132641
SL-12 R/B(2)            
1 20696U 90061D   26281.64088192 -.00000360  00000+0  00000+0 0  9994
2 20696  12.5279 335.5703 0033460 223.9457 155.8972  1.00205631131544
SL-12 R/B(2)            
1 20836U 74060F   26281.90167545 -.00000342  00000+0  00000+0 0  9990
2 20836   1.0928 241.7502 0014731 244.4039 322.2674  1.00205094 47147
GALAXY 6 (G-6)          
1 20873U 90091B   26281.42113091  .00000044  00000+0  00000+0 0  9995
2 20873  14.1011   9.1458 0006979 233.7972 124.9070  0.99764338 47576
GORIZONT 21             
1 20923U 90094A   26281.67965862 -.00000003  00000+0  00000+0 0  9998
2 20923  12.6306 335.9717 0007660 271.7979  79.0047  1.00151467131582
GORIZONT 22             
1 20953U 90102A   26281.73332625 -.00000376  00000+0  00000+0 0  9996
2 20953  12.6220 336.4377 0004787 343.8468  88.3966  1.00215434131510
RADUGA 26               
1 21016U 90112A   26281.76151159  .00000038  00000+0  00000+0 0  9996
2 21016  12.7378 337.1144 0002460 130.3588 240.0827  1.00297395131401
SL-12 R/B(2)            
1 21019U 90112D   26281.82789807 -.00000091  00000+0  00000+0 0  9993
2 21019  12.7979 337.2821 0025885 189.5789 226.7231  1.00009203121070
RADUGA-1 2              
1 21038U 90116A   26281.73607747  .00000039  00000+0  00000+0 0  9991
2 21038  12.7784 337.1373 0003800 149.4600 213.1191  1.00230638 48482
ITALSAT 1               
1 21055U 91003A   26281.80630041 -.00000217  00000+0  00000+0 0  9996
2 21055  14.5221 350.6223 0008603  53.8489 356.2412  0.99954389118228
COSMOS 2133             
1 21111U 91010A   26281.82660688 -.00000121  00000+0  00000+0 0  9993
2 21111  13.1704 341.9616 0006419 212.5071 196.0276  1.00259870130582
SL-12 R/B(2)            
1 21129U 91010F   26281.80585552 -.00000378  00000+0  00000+0 0  9990
2 21129  13.0765 341.5634 0018731 236.8794 204.6626  1.00120016130814
RADUGA 27               
1 21132U 91014A   26281.66160718 -.00000370  00000+0  00000+0 0  9997
2 21132  13.2336 335.9995 0001814 282.3518 124.6699  1.00292851130453
TDRS 5                  
1 21639U 91054B   26281.41974425  .00000074  00000+0  00000+0 0  9994
2 21639  14.0583 352.9304 0009733 254.2571 113.3165  1.00271951128858
IUS R/B(2)              
1 21641U 91054D   26273.96424791 -.00000196  00000+0  00000+0 0  9990
2 21641  13.6310 332.0884 0036101 349.7967  10.4309  1.00312049 48429
COSMOS 2155             
1 21702U 91064A   26281.41697090 -.00000001  00000+0  00000+0 0  9997
2 21702  13.0300 338.4566 0004052 246.7705 120.0560  1.00249597128471
SL-12 R/B(2)            
1 21703U 91064B   26281.77941237  .00000084  00000+0  00000+0 0  9992
2 21703  13.2359 339.1248 0002270 341.4317 186.0317  0.99892220121283
SL-12 R/B(2)            
1 21762U 91074D   26261.92518205 -.00000048  00000+0  00000+0 0  9999
2 21762  13.3815 340.6954 0003019 245.7513 114.9639  0.99708786120619
COSMOS 2172             
1 21789U 91079A   26275.05800715 -.00000266  00000+0  00000+0 0  9994
2 21789  13.1658 339.5828 0003215 340.9769  35.9719  1.00225892 48432
RADUGA 28               
1 21821U 91087A   26281.80155252 -.00000253  00000+0  00000+0 0  9995
2 21821  13.2818 340.2275 0005290 206.8360 206.3486  1.00358656127466
PALAPA B4               
1 21964U 92027A   26280.29285601 -.00000107  00000+0  00000+0 0  9990
2 21964  13.3506  16.4457 0000771 280.5350  85.1329  0.99930874 48310
INSAT-2A                
1 22027U 92041A   26281.48257784 -.00000248  00000+0  00000+0 0  9996
2 22027  14.4667 350.9449 0011319 276.3835  72.5430  1.00227479125186
COSMOS 2209             
1 22112U 92059A   26281.15072985 -.00000217  00000+0  00000+0 0  9998
2 22112  13.5095 341.8079 0011572 342.7218  19.8297  1.00166088124753
HELLAS-SAT 1 (DFS 3)    
1 22175U 92066A   26281.73320365 -.00000363  00000+0  00000+0 0  9999
2 22175  14.3027   6.1969 0002528 221.9206 179.7081  0.99732845121684
GALAXY 7 (G-7)          
1 22205U 92072A   26280.19327291 -.00000002  00000+0  00000+0 0  9994
2 22205  14.5513   2.4240 0003885  44.2653 285.2943  0.99700189117995
EKRAN 20                
1 22210U 92074A   26281.80182955 -.00000167  00000+0  00000+0 0  9999
2 22210  13.6225 343.4655 0005380 231.1147 170.1810  1.00327166 48515
GORIZONT 27             
1 22245U 92082A   26281.01986269 -.00000241  00000+0  00000+0 0  9992
2 22245  13.6479 343.1428 0011143  24.5262 348.8897  1.00206705128259
COSMOS 2224             
1 22269U 92088A   26281.08616293 -.00000315  00000+0  00000+0 0  9990
2 22269  13.5941 347.1523 0008123 267.0657 101.1382  1.00198576123221
SL-12 R/B(2)            
1 22272U 92088D   26268.27128191  .00000081  00000+0  00000+0 0  9994
2 22272  13.7052 347.7134 0009092 175.6449 133.2019  1.00069805 48280
TDRS 6                  
1 22314U 93003B   26277.05460726 -.00000303  00000+0  00000+0 0  9996
2 22314  14.1862 356.2374 0009851 206.6080 143.7017  1.00268031123494
RADUGA 29               
1 22557U 93013A   26281.66548148 -.00000344  00000+0  00000+0 0  9998
2 22557  13.7759 344.2647 0003776 201.8015 204.5522  1.00288790122825
HGS-4 (GALAXY 4)        
1 22694U 93039A   26281.82213539 -.00000090  00000+0  00000+0 0  9997
2 22694  14.5609 354.2568 0010748  48.3206 342.5975  1.00270977120142
HISPASAT 1B             
1 22723U 93048A   26281.82133627  .00000007  00000+0  00000+0 0  9996
2 22723  13.8156  12.2390 0004491 277.1761  95.9908  0.99715663120973
INSAT-2B                
1 22724U 93048B   26281.50525269 -.00000195  00000+0  00000+0 0  9998
2 22724  14.4860   1.7192 0018354 228.7196 129.2356  0.99990320121708
UFO 2 (USA 95)          
1 22787U 93056A   26279.97588911  .00000113  00000+0  00000+0 0  9996
2 22787  11.9362   2.9246 0003563 250.1325 142.5575  1.00271115119679
RADUGA 30               
1 22836U 93062A   26281.82660682 -.00000124  00000+0  00000+0 0  9994
2 22836  13.9644 346.2954 0005405 317.5878  86.8853  1.00258695 47146
SL-12 R/B(2)            
1 22839U 93062D   26258.93154807  .00000049  00000+0  00000+0 0  9995
2 22839  13.9116 346.1862 0007382  96.3744 258.4211  1.00316719119765
GORIZONT 29             
1 22907U 93072A   26275.89915300  .00000015  00000+0  00000+0 0  9992
2 22907  13.9420 346.5339 0010622 358.0525   0.4472  1.00155562120244
SOLIDARIDAD 1           
1 22911U 93073A   26281.19564093 -.00000145  00000+0  00000+0 0  9992
2 22911  14.4134   1.5076 0010833 247.3049  96.6398  1.00276236118993
TELSTAR 401             
1 22927U 93077A   26281.31183485 -.00000146  00000+0  00000+0 0  9990
2 22927  14.4217 349.9864 0007975 179.4506 217.7283  1.00286008119710
GALS 1                  
1 22963U 94002A   26281.80290545 -.00000265  00000+0  00000+0 0  9991
2 22963  14.5158 352.9657 0013223 230.9237 171.6484  1.00352617119852
RADUGA-1 3              
1 22981U 94008A   26281.76302207 -.00000331  00000+0  00000+0 0  9995
2 22981  14.1246 347.3517 0002464 247.3830 156.9547  1.00290643119626
TITAN 4 CENTAUR R/B     
1 22989U 94009B   26261.10796957 -.00000082  00000+0  00000+0 0  9992
2 22989  16.9533  21.7660 0014845 240.2443 119.6257  1.00583799 26227
RADUGA 31               
1 23010U 94012A   26281.81796198  .00000100  00000+0  00000+0 0  9999
2 23010  14.0915 347.3776 0001458 193.4635 175.0430  1.00267013119498
GORIZONT 30             
1 23108U 94030A   26281.11114101 -.00000010  00000+0  00000+0 0  9999
2 23108  14.0146 347.3422 0005871 281.1663  27.0635  1.00162209118582
UFO 3 (USA 104)         
1 23132U 94035A   26279.94876525 -.00000118  00000+0  00000+0 0  9993
2 23132  12.4191   5.0114 0005346 246.0402  95.5939  1.00271540132813
COSMOS 2282             
1 23168U 94038A   26281.42026425  .00000086  00000+0  00000+0 0  9990
2 23168  13.8498 351.8733 0005369 146.6636 225.2367  1.00319975118147
COSMOS 2291             
1 23267U 94060A   26280.95316078 -.00000069  00000+0  00000+0 0  9990
2 23267  14.1143 348.7728 0007899 236.5938 130.2818  1.00289288117330
SL-12 R/B(2)            
1 23270U 94060D   26261.71539560 -.00000014  00000+0  00000+0 0  9990
2 23270  14.2276 349.3755 0007631 161.5180 173.7577  1.00053610116475
EXPRESS 1               
1 23319U 94067A   26281.72848436 -.00000366  00000+0  00000+0 0  9999
2 23319  14.5507   1.1389 0007026 249.2833 151.6824  0.99827724116711
SL-12 R/B(2)            
1 23322U 94067D   26281.15107652 -.00000228  00000+0  00000+0 0  9995
2 23322  13.8019 344.0377 0006537 161.6700 200.7250  1.00164338117142
ELEKTRO (GOMS 1)        
1 23327U 94069A   26281.83173997 -.00000188  00000+0  00000+0 0  9997
2 23327  14.4379 348.4119 0009933 267.7465 142.9566  1.00271258117017
SL-12 R/B(2)            
1 23330U 94069D   26281.48543785 -.00000133  00000+0  00000+0 0  9998
2 23330  14.4389 348.4571 0021241 160.7733 207.0652  1.00143411116792
LUCH                    
1 23426U 94082A   26281.33623141  .00000083  00000+0  00000+0 0  9991
2 23426  14.7360 353.7073 0007308 221.7278 138.2187  1.00183418116391
RADUGA 32               
1 23448U 94087A   26281.82660666 -.00000129  00000+0  00000+0 0  9999
2 23448  14.2773 350.1148 0009706 266.7128 134.4107  1.00261084134025
SL-12 R/B(2)            
1 23451U 94087D   26267.18075627 -.00000194  00000+0  00000+0 0  9995
2 23451  14.3031 350.2391 0008471 152.2104 200.2500  1.00062320 48260
UFO 4 (USA 108)         
1 23467U 95003A   26281.61636817 -.00000031  00000+0  00000+0 0  9999
2 23467   9.7185  12.7001 0003059 187.4970 211.2484  1.00273287116097
TITAN 4 CENTAUR R/B     
1 23568U 95022B   26281.76153565 -.00000170  00000+0  00000+0 0  9996
2 23568  18.3511   5.0398 0006960 339.8672  20.1098  1.00563904 27040
TDRS 7                  
1 23613U 95035B   26281.80290544 -.00000248  00000+0  00000+0 0  9991
2 23613  13.2913 347.3984 0009912  98.3467 309.7902  1.00267036114395
KOREASAT 1              
1 23639U 95041A   26281.82464044 -.00000032  00000+0  00000+0 0  9997
2 23639  14.7294 357.7406 0006037 243.0049 151.6266  0.99661683113664
COSMOS 2319             
1 23653U 95045A   26281.81804865  .00000104  00000+0  00000+0 0  9994
2 23653  14.3293 351.8572 0007316 262.0423 102.2118  1.00171157113935
SL-12 R/B(2)            
1 23656U 95045D   26281.50021024 -.00000273  00000+0  00000+0 0  9999
2 23656  14.3918 352.1510 0016961  58.1138 293.8455  1.00184712113797
TELSTAR 4 (TELSTAR 402R)
1 23670U 95049A   26281.22110346 -.00000202  00000+0  00000+0 0  9996
2 23670  13.6733  11.8280 0002477 258.8757  94.5649  1.00257633113633
LUCH-1                  
1 23680U 95054A   26281.82213562 -.00000098  00000+0  00000+0 0  9996
2 23680  15.0510 358.3248 0006421 165.4213 222.2763  1.00272272113496
USA 115 (MILSTAR-1 2)   
1 23712U 95060A   26281.31027588 -.00000212  00000+0  00000+0 0  9992
2 23712  14.1137   2.8939 0005432 170.8635 224.9214  1.00270845 34029
GALS 2                  
1 23717U 95063A   26281.50306779  .00000079  00000+0  00000+0 0  9993
2 23717  14.5177   1.7264 0006534 314.1656  88.8611  0.99886838112769
INSAT-2C                
1 23731U 95067B   26281.41922425 -.00000006  00000+0  00000+0 0  9996
2 23731  14.3718   7.3860 0001312  12.3833 337.5818  0.99788517112534
GALAXY 3R (G-3R)        
1 23741U 95069A   26281.31578122 -.00000225  00000+0  00000+0 0  9992
2 23741  13.3957  15.3734 0003620 164.7241 222.6051  1.00318674112952
ABS-1A                  
1 23768U 96003A   26281.62419172 -.00000324  00000+0  00000+0 0  9993
2 23768  12.7595  24.6639 0003584 172.9594 189.4785  0.99801815112315
INMARSAT 3-F1           
1 23839U 96020A   26281.62523174 -.00000264  00000+0  00000+0 0  9992
2 23839  10.8345  45.5553 0007750 169.5316 177.2825  1.00002607111387
GORIZONT 32             
1 23880U 96034A   26281.72245617 -.00000382  00000+0  00000+0 0  9998
2 23880  14.3768 354.1103 0008480 358.1759  41.3293  1.00167721111175
TURKSAT 1C              
1 23949U 96040B   26281.66834237 -.00000357  00000+0  00000+0 0  9998
2 23949  12.2303  29.2535 0008480 188.1244 169.4071  1.00290599110818
UFO 7 (USA 127)         
1 23967U 96042A   26281.26941683 -.00000257  00000+0  00000+0 0  9999
2 23967  11.2271  16.4409 0005871 141.2084 239.0154  1.00171907110628
INMARSAT 3-F2           
1 24307U 96053A   26281.03173606  .00000120  00000+0  00000+0 0  9995
2 24307  10.1082  52.7602 0005692 144.5915 223.4499  0.99988013110050
ECHOSTAR 2              
1 24313U 96055A   26281.35054650 -.00000304  00000+0  00000+0 0  9991
2 24313  12.1430  30.6373 0010531 107.3808 304.1839  1.00290080110151
EXPRESS 2               
1 24435U 96058A   26281.76747979 -.00000341  00000+0  00000+0 0  9998
2 24435  14.5553 353.4670 0009201 349.7814  52.6733  1.00258502109952
INMARSAT 3-F3           
1 24674U 96070A   26281.41650150 -.00000251  00000+0  00000+0 0  9993
2 24674  10.5592  48.5333 0006944 171.6836 235.7981  0.99983786109046
DFH 3-2                 
1 24798U 97021A   26281.79832280 -.00000211  00000+0  00000+0 0  9990
2 24798  13.5989  12.9436 0007035 141.7926 237.6087  1.00172822107663
USA 134                 
1 25019U 97065A   26281.40589007 -.00000070  00000+0  00000+0 0  9992
2 25019  12.9189  20.8543 0003895 267.5380 122.3404  1.00271301 34094
KUPON                   
1 25045U 97070A   26281.71698199 -.00000142  00000+0  00000+0 0  9994
2 25045  14.5403 353.7518 0005121 302.5236  57.4269  1.00233460105780
INDOSTAR 1              
1 25050U 97071B   26281.82264200 -.00000059  00000+0  00000+0 0  9992
2 25050  13.0821  19.1679 0003257 262.9506  98.6057  1.00360737105940
GALAXY 8 (G-8)          
1 25086U 97078A   26280.95428744 -.00000126  00000+0  00000+0 0  9991
2 25086  14.1239   9.0410 0003353  74.3412 277.9732  0.99706362105063
INTELSAT 804 (IS-804)   
1 25110U 97083A   26279.56090699 -.00000107  00000+0  00000+0 0  9993
2 25110  13.2640  16.7699 0005889  19.3247 344.8349  1.00272083105454
INMARSAT 3-F5           
1 25153U 98006B   26281.90633228 -.00000297  00000+0  00000+0 0  9998
2 25153   9.9437  52.0950 0004634 148.4742  89.2936  1.00273107105035
UFO 8 (USA 138)         
1 25258U 98016A   26281.62488507 -.00000241  00000+0  00000+0 0  9991
2 25258  11.2704  22.0397 0005839 234.4463 134.2562  1.00249149105002
COSMOS 2350             
1 25315U 98025A   26281.79348105 -.00000176  00000+0  00000+0 0  9999
2 25315  14.0044   3.0026 0006946 185.2014 195.8716  1.00276476104159
SL-12 R/B(2)            
1 25318U 98025D   26258.87136582  .00000000  00000+0  00000+0 0  9994
2 25318  14.0202   3.2071 0029856 138.4329 234.4832  1.00032726103688
TITAN 4B CENTAUR R/B    
1 25337U 98029B   26281.51813817 -.00000324  00000+0  00000+0 0  9999
2 25337   7.5546 342.3170 0046720 181.4721 178.4377  1.00263261 26985
BADR-3 (ARABSAT-3A)     
1 25638U 99009A   26281.62112817 -.00000247  00000+0  00000+0 0  9990
2 25638  12.1182  31.5465 0001624 305.3393  52.9000  1.00176691101092
RADUGA-1 4              
1 25642U 99010A   26281.74836502 -.00000039  00000+0  00000+0 0  9993
2 25642  15.6664   0.6574 0006762 278.2808  75.7066  1.00191418101083
TELKOM 1                
1 25880U 99042A   26281.89326875  .00000013  00000+0  00000+0 0  9996
2 25880   7.9555  64.9237 0014934 258.0025  79.5473  1.00257622 99525
ABS-7                   
1 25894U 99046A   26281.80279525 -.00000263  00000+0  00000+0 0  9993
2 25894   6.7599  69.3499 0004402 163.1105  41.2036  0.99974531 98216
YAMAL 102               
1 25897U 99047B   26281.50597520 -.00000285  00000+0  00000+0 0  9996
2 25897  13.7811  11.8358 0001385 316.9170  19.1513  1.00000261 99125
ABS-6                   
1 25924U 99053A   26281.62696508 -.00000133  00000+0  00000+0 0  9995
2 25924   0.0506  85.4035 0001672 147.8524 168.7408  1.00271352 98975
UFO 10 (USA 146)        
1 25967U 99063A   26281.09205628 -.00000197  00000+0  00000+0 0  9993
2 25967   9.9516  26.5978 0004993 207.1986 153.2774  1.00272454 98478
GARUDA 1                
1 26089U 00011A   26279.16918738 -.00000186  00000+0  00000+0 0  9990
2 26089   9.9197  62.4761 0004876 168.7878 189.3774  0.99922123 42763
SL-12 R/B(2)            
1 26101U 00013D   26260.52822500  .00000097  00000+0  00000+0 0  9998
2 26101  14.3504   0.0814 0005814  79.6760 305.1231  1.00755925 97572
ASIASTAR                
1 26107U 00016A   26281.83009536 -.00000340  00000+0  00000+0 0  9992
2 26107   9.3917  56.9091 0004123 150.3662 214.0245  1.00269743 97062
GALAXY 4R (G-4R)        
1 26298U 00020A   26277.66816061 -.00000292  00000+0  00000+0 0  9999
2 26298  12.8856  23.2078 0008081 212.8132 341.9238  0.99840961 96716
IUS R/B(2)              
1 26359U 00024D   26281.70205624 -.00000233  00000+0  00000+0 0  9993
2 26359  13.4134  11.7739 0005632 189.3764 170.6081  0.99703330 26505
GORIZONT 33             
1 26372U 00029A   26279.91570845  .00000056  00000+0  00000+0 0  9995
2 26372  13.9349   5.9669 0003776 243.0242 112.0635  1.00215089 96544
FENGYUN 2B              
1 26382U 00032A   26281.19233985 -.00000093  00000+0  00000+0 0  9996
2 26382  13.3809  16.0447 0003476 284.9418  40.4314  1.00069503 96055
TDRS 8                  
1 26388U 00034A   26281.82610868 -.00000202  00000+0  00000+0 0  9995
2 26388  12.8612  30.3373 0001523 167.3620 201.9443  1.00276098 96320
COSMOS 2371             
1 26394U 00036A   26281.82142843 -.00000093  00000+0  00000+0 0  9995
2 26394  14.0538   6.6488 0003448 198.3606 180.3106  1.00281728 96183
SL-12 R/B(2)            
1 26397U 00036D   26259.13656122 -.00000264  00000+0  00000+0 0  9997
2 26397  14.0108   6.6925 0015839  81.5439 282.3943  1.00196590 48247
FENGYUN 2B AKM          
1 26460U 00032C   26281.63043225 -.00000384  00000+0  00000+0 0  9991
2 26460  14.4828   5.3426 0021516  44.5929 315.5775  1.00165115123329
RADUGA-1 5              
1 26477U 00049A   26279.68924191  .00000035  00000+0  00000+0 0  9991
2 26477  14.0305   7.2225 0000680  99.1310 215.2034  1.00216506 95536
NSS-11                  
1 26554U 00059A   26281.84335956  .00000015  00000+0  00000+0 0  9992
2 26554   2.4142  79.8995 0002937 122.2663 294.9385  1.00272914 42436
USA 153                 
1 26575U 00065A   26281.61790343 -.00000331  00000+0  00000+0 0  9994
2 26575  11.8195  34.4565 0001102 130.9609 208.6809  1.00276525 34065
AMC-6                   
1 26580U 00067A   26281.92498889  .00000076  00000+0  00000+0 0  9991
2 26580   0.4383  83.2758 0004867 131.0513   1.1855  1.00272680 95036
USA 157 (MILSTAR-2 2)   
1 26715U 01009A   26281.42329759  .00000101  00000+0  00000+0 0  9991
2 26715  11.6684  19.0390 0042841 181.8171 178.5737  1.00275713 34075
TITAN 4 CENTAUR R/B     
1 26716U 01009B   26280.69526049 -.00000373  00000+0  00000+0 0  9993
2 26716  12.7139  11.5718 0014663 152.8947 207.1820  1.00485729 27382
IUS R/B(2)              
1 26883U 01033D   26281.84807522  .00000096  00000+0  00000+0 0  9992
2 26883  13.0336  15.9013 0006260   9.4230 350.5824  0.99887832 26926
COSMOS 2379             
1 26892U 01037A   26281.73014470 -.00000381  00000+0  00000+0 0  9994
2 26892  13.3587  13.4291 0007053 241.6978 147.6126  1.00217791 92004
SL-12 R/B(2)            
1 26895U 01037D   26258.93983347  .00000120  00000+0  00000+0 0  9991
2 26895  13.3383  13.8405 0019265  85.6747 274.4290  1.00219829 91701
INTELSAT 902 (IS-902)   
1 26900U 01039A   26280.80158024 -.00000293  00000+0  00000+0 0  9999
2 26900   6.3951  70.3568 0004034 128.3522  56.2501  1.00272188 91824
ECHOSTAR 7              
1 27378U 02006A   26281.77126567 -.00000139  00000+0  00000+0 0  9997
2 27378   4.3011  75.9298 0002354 134.9248 251.9124  0.99850645 51672
INTELSAT 904 (IS-904)   
1 27380U 02007A   26281.80305525 -.00000233  00000+0  00000+0 0  9993
2 27380   7.1991  67.7754 0003463 141.3575  65.9141  1.00270608 52903
DIRECTV 5 (TEMPO 1)     
1 27426U 02023A   26281.93010225 -.00000066  00000+0  00000+0 0  9990
2 27426   5.1630  73.8349 0003269 135.0462  33.4344  1.00271973 89269
INTELSAT 905 (IS-905)   
1 27438U 02027A   26281.49705123  .00000085  00000+0  00000+0 0  9996
2 27438   7.0331  68.3871 0003851 159.9954 190.5051  1.00271391 52497
GALAXY 3C (G-3C)        
1 27445U 02030A   26281.94630884 -.00000162  00000+0  00000+0 0  9996
2 27445   4.0316  76.5584 0001217  51.4785 135.3878  1.00271567 47638
INTELSAT 906 (IS-906)   
1 27513U 02041A   26281.89335542  .00000005  00000+0  00000+0 0  9996
2 27513   6.0851  71.4684 0003864 147.6125 184.2251  1.00271953 88161
EUTELSAT 33B            
1 27554U 02051A   26279.60363384  .00000105  00000+0  00000+0 0  9994
2 27554   9.2398  58.6287 0008683 329.3873 224.0658  1.00293418 49910
NIMIQ 2                 
1 27632U 02062A   26281.93027558 -.00000076  00000+0  00000+0 0  9990
2 27632   9.7057  55.6582 0005531 138.5056  49.1236  1.00272098 45321
USA 167                 
1 27691U 03008A   26281.85373194 -.00000002  00000+0  00000+0 0  9996
2 27691  11.1844  42.3596 0003580 280.7179 239.7053  1.00272481  7916
TITAN 4 CENTAUR R/B     
1 27712U 03012B   26268.89295803  .00000006  00000+0  00000+0 0  9997
2 27712  11.2903  22.6096 0023425 278.7603  81.0144  1.00596009 26805
INSAT-3A                
1 27714U 03013A   26281.76424564 -.00000354  00000+0  00000+0 0  9996
2 27714   9.0987  59.7171 0003930 322.7102  42.2123  0.99808579 85864
ASIASAT 4               
1 27718U 03014A   26281.80476411 -.00000231  00000+0  00000+0 0  9998
2 27718   4.9882  74.2594 0002838 130.0542 250.4071  1.00271043 46440
SL-12 R/B(2)            
1 27780U 03015F   26281.76331418 -.00000314  00000+0  00000+0 0  9992
2 27780  12.8769  19.5340 0008984  42.2573 331.0791  1.00178690 85642
GSAT-2                  
1 27807U 03018A   26281.76242564 -.00000360  00000+0  00000+0 0  9999
2 27807  11.3936  40.6670 0009793 343.5904  31.0426  0.99851260 85579
HELLAS-SAT 2            
1 27811U 03020A   26281.66483858 -.00000091  00000+0  00000+0 0  9990
2 27811   7.6320  66.4843 0009013 156.1296  24.0760  1.00271845 43984
THURAYA-2               
1 27825U 03026A   26281.88936873  .00000116  00000+0  00000+0 0  9992
2 27825   9.0156  31.4013 0000318 194.0406 156.2744  1.00271892 85489
OPTUS C1                
1 27831U 03028B   26281.76883899 -.00000159  00000+0  00000+0 0  9995
2 27831   7.1689  67.9879 0005431 130.7713 251.1403  1.00269930 54202
USA 170                 
1 27875U 03040A   26281.03008939  .00000118  00000+0  00000+0 0  9995
2 27875  10.7366  46.8491 0002084 186.3113 178.6092  1.00277705 34136
GALAXY 13 (HORIZONS-1)  
1 27954U 03044A   26281.63710513  .00000121  00000+0  00000+0 0  9995
2 27954   1.7056  82.2268 0002458 139.9686 234.4541  1.00273565 47718
YAMAL 202               
1 28089U 03053A   26281.77039900 -.00000088  00000+0  00000+0 0  9997
2 28089   6.6222  69.5078 0005134 137.8117 251.0127  1.00272146 83847
YAMAL 201               
1 28094U 03053B   26281.89855544 -.00000251  00000+0  00000+0 0  9998
2 28094   9.8684  54.3248 0006989 143.6809 234.0662  1.00286732 86027
UFO 11 (USA 174)        
1 28117U 03057A   26281.89552209 -.00000110  00000+0  00000+0 0  9994
2 28117   9.0661  33.2156 0004112 175.0579 207.0093  1.00271348 83597
SL-12 R/B(2)            
1 28139U 03060D   26258.87110582 -.00000033  00000+0  00000+0 0  9992
2 28139  13.6376  13.0472 0019233 236.7105 124.0139  1.00322022 82945
IUS R/B(2)              
1 28161U 04004D   26279.53477121 -.00000076  00000+0  00000+0 0  9994
2 28161  12.3307  25.4402 0004202  25.6391 334.3917  0.99829147 26509
ABS-4 (MOBISAT-1)       
1 28184U 04007A   26281.89274875  .00000031  00000+0  00000+0 0  9995
2 28184   6.3228  70.5715 0005355 132.7293 196.6374  1.00273381 53476
RADUGA-1 7              
1 28194U 04010A   26273.98075022  .00000082  00000+0  00000+0 0  9990
2 28194  13.8002  19.8832 0005679 234.0962 125.6125  1.00262678 82479
SL-12 R/B(2)            
1 28240U 04015D   26278.64046273 -.00000069  00000+0  00000+0 0  9997
2 28240  13.4151  13.5223 0016532 331.0904  58.7516  1.00706327 82521
INTELSAT 10-02          
1 28358U 04022A   26281.95168233 -.00000023  00000+0  00000+0 0  9994
2 28358   0.0207 227.4096 0000301  66.3376  65.4576  1.00271582 81695
ANIK F2                 
1 28378U 04027A   26281.92992891 -.00000059  00000+0  00000+0 0  9992
2 28378   3.5739  77.9375 0003061 107.6531  55.6609  1.00271339 42405
AMC-15                  
1 28446U 04041A   26281.93105558 -.00000101  00000+0  00000+0 0  9999
2 28446   0.0528  49.6483 0001944 157.0207  41.0270  1.00271960 80441
SL-12 R/B(2)            
1 28466U 04043D   26258.87119250  .00000005  00000+0  00000+0 0  9996
2 28466  13.3012  15.7798 0007983 170.6844 187.7735  1.00105889 80011
NSS-10                  
1 28526U 05003A   26281.80192859 -.00000259  00000+0  00000+0 0  9997
2 28526   6.7295  69.0308 0003328 132.1664  67.4849  1.00269953 54292
INMARSAT 4-F1           
1 28628U 05009A   26281.48829786  .00000023  00000+0  00000+0 0  9994
2 28628   5.3275  42.8216 0003013 168.0989 160.1150  1.00271692 78806
SL-12 R/B(2)            
1 28634U 05010F   26260.99618220  .00000102  00000+0  00000+0 0  9993
2 28634  13.2218  17.7021 0022343 268.8142 115.6487  1.00291006 78630
DIRECTV 8               
1 28659U 05019A   26281.50069124 -.00000013  00000+0  00000+0 0  9994
2 28659   0.0203 221.9018 0002843 336.9929 239.4626  1.00270857 78207
GALAXY 28 (G-28)        
1 28702U 05022A   26281.80400860 -.00000210  00000+0  00000+0 0  9995
2 28702   3.5847  77.4473 0001728 126.6592  75.7052  1.00271714 53118
SL-12 R/B(2)            
1 28704U 05023H   26279.80198733 -.00000076  00000+0  00000+0 0  9998
2 28704  13.0232  17.9816 0011175 327.8242  16.2596  1.00816616 78327
THAICOM 4               
1 28786U 05028A   26281.91136160 -.00000374  00000+0  00000+0 0  9995
2 28786   0.5335  84.1208 0000427 182.6688 198.3613  1.00271638 53393
ANIK F1R                
1 28868U 05036A   26281.93062225 -.00000084  00000+0  00000+0 0  9995
2 28868   4.5990  75.1012 0002133  75.3444  94.8499  1.00271809 47599
SYRACUSE 3A             
1 28885U 05041B   26254.51939881  .00000114  00000+0  00000+0 0  9998
2 28885   4.8548  74.7263 0002457 106.5771  42.9291  1.00275934 76614
INMARSAT 4-F2           
1 28899U 05044A   26280.76856012 -.00000272  00000+0  00000+0 0  9992
2 28899   5.2429  43.7256 0002716 164.4208 228.4707  1.00271515 76654
METEOSAT-9 (MSG-2)      
1 28912U 05049B   26281.73579235  .00000117  00000+0  00000+0 0  9997
2 28912   9.6158  53.0168 0001589   0.7003 274.2299  1.00273298  8138
EUTELSAT 174A           
1 28924U 05052A   26281.77247902  .00000000  00000+0  00000+0 0  9992
2 28924   4.5014  75.0561 0006037 123.1838 271.2621  1.00272607 53472
ECHOSTAR 10             
1 28935U 06003A   26281.93010225 -.00000068  00000+0  00000+0 0  9990
2 28935   0.0529  43.3315 0001388 133.9233  64.9487  1.00272107 75604
SPAINSAT                
1 28945U 06007A   26281.03746800 -.00000231  00000+0  00000+0 0  9993
2 28945   0.8492  84.4658 0005116 121.9707 153.5527  1.00270501 75341
EKRAN 2 DEB             
1 29014U 77092K   26281.91136160 -.00000379  00000+0  00000+0 0  9995
2 29014   3.8473 272.7179 0020752 349.2980 205.3564  1.00131686 48417
JCSAT-5A                
1 29045U 06010A   26281.90441699 -.00000339  00000+0  00000+0 0  9992
2 29045   1.3960  82.6552 0001251  64.4312 328.1248  1.00273138 74912
ASTRA 1KR               
1 29055U 06012A   26281.81310862  .00000107  00000+0  00000+0 0  9994
2 29055   0.7616  82.3931 0003566 119.7718 127.0014  1.00272435 46833
GALAXY 16 (G-16)        
1 29236U 06023A   26281.93226891 -.00000140  00000+0  00000+0 0  9996
2 29236   0.0120 184.6226 0002697  15.5606  54.0108  1.00272185 74110
EUTELSAT 33F            
1 29270U 06032A   26281.91977488  .00000145  00000+0  00000+0 0  9991
2 29270   1.9496  80.7878 0003316 117.3694 183.6226  1.00273425 48445
JCSAT-3A                
1 29272U 06033A   26281.91136160  .00000000  00000+0  00000+0 0  9998
2 29272   0.0180 219.3863 0002297 346.7325 267.5131  1.00268122 48880
KOREASAT 5 (MUGUNGWHA 5)
1 29349U 06034A   26281.71967447 -.00000369  00000+0  00000+0 0  9991
2 29349   2.0713  81.3729 0002270 172.3658 135.7636  1.00269591 42454
ZHONGXING-22A           
1 29398U 06038A   26281.76083935 -.00000297  00000+0  00000+0 0  9995
2 29398  11.6949  36.3739 0004141 169.6642 186.8829  1.00072673 73512
OPTUS D1                
1 29495U 06043B   26281.91068883 -.00000193  00000+0  00000+0 0  9996
2 29495   3.3218  78.1526 0003591 115.6972 303.5579  1.00272329 73262
BADR-4                  
1 29526U 06051A   26281.91977488  .00000145  00000+0  00000+0 0  9996
2 29526   2.2927  79.7130 0004818 115.3353 188.1663  1.00268013 52402
MEASAT-3                
1 29648U 06056A   26281.90609547 -.00000352  00000+0  00000+0 0  9994
2 29648   5.0158  74.6575 0004913 180.0760 218.0241  0.99749613 51522
SKYNET 5A               
1 30794U 07007B   26281.79864687 -.00000279  00000+0  00000+0 0  9998
2 30794   5.5835  72.2981 0003700 138.4362 189.4135  1.00269081 71834
ANIK F3                 
1 31102U 07009A   26281.50077791 -.00000014  00000+0  00000+0 0  9992
2 31102   1.4849  82.2841 0002592 111.7711 244.6748  1.00271664 47695
ASTRA 1L                
1 31306U 07016A   26281.80452860 -.00000196  00000+0  00000+0 0  9994
2 31306   1.6091  80.3880 0004753 119.1875  83.0067  1.00271440 46126
GALAXY 17 (G-17)        
1 31307U 07016B   26281.93504226 -.00000216  00000+0  00000+0 0  9996
2 31307   3.2535  78.3780 0004523 151.7312  39.1037  1.00271505 70945
NIGCOMSAT 1             
1 31395U 07018A   26281.89136207  .00000072  00000+0  00000+0 0  9999
2 31395  12.0502  31.9306 0005951 133.4946 227.2829  1.00215582 71201
WGS F1 (USA 195)        
1 32258U 07046A   26281.08815627 -.00000282  00000+0  00000+0 0  9994
2 32258   0.0498  87.1809 0000547 146.9630 131.8199  1.00271986 53465
SKYNET 5B               
1 32294U 07056B   26281.75430656  .00000132  00000+0  00000+0 0  9997
2 32294   5.5335  72.0844 0003828 130.7994 111.1820  1.00274996 69335
ASTRA 4A                
1 32299U 07057A   26281.81033529  .00000020  00000+0  00000+0 0  9994
2 32299   0.0555  60.7818 0002670 150.0125 103.1850  1.00272191 52784
HORIZONS-2              
1 32388U 07063B   26281.79475243 -.00000264  00000+0  00000+0 0  9991
2 32388   2.8891  79.1243 0001993 137.3413  13.3076  1.00273127 68955
THURAYA-3               
1 32404U 08001A   26281.82194866  .00000000  00000+0  00000+0 0  9993
2 32404   6.1820  35.8347 0002958 201.1294 140.0961  1.00271746 68626
EXPRESS-AM33            
1 32478U 08003A   26281.66665858 -.00000024  00000+0  00000+0 0  9999
2 32478   5.0858  73.8565 0015036 173.8856   8.7582  1.00248500 54873
THOR 5                  
1 32487U 08006A   26281.80920861 -.00000022  00000+0  00000+0 0  9994
2 32487   0.0102 179.4743 0002462  29.1640  99.3805  1.00272346 68452
KIZUNA (WINDS)          
1 32500U 08007A   26279.99468882  .00000123  00000+0  00000+0 0  9999
2 32500   8.7958  60.8744 0003255 144.5104 191.2149  1.00340398 68012
AMC-14                  
1 32708U 08011A   26281.73046742 -.00000347  00000+0  00000+0 0  9995
2 32708  24.1394  19.1468 0034782 359.2971  28.2484  1.00427908 69312
DIRECTV 11              
1 32729U 08013A   26281.50459126  .00000000  00000+0  00000+0 0  9994
2 32729   0.0084 109.6623 0000119   3.9430 346.0038  1.00269447 46731
ICO G1                  
1 32763U 08016A   26281.36332403 -.00000183  00000+0  00000+0 0  9990
2 32763   5.5413  35.7617 0002680 135.3248 243.8812  1.00272986 67682
VINASAT-1               
1 32767U 08018A   26281.56711595 -.00000342  00000+0  00000+0 0  9998
2 32767   0.0406  44.6052 0002028 176.5096 132.1999  1.00269680 67722
STAR ONE C2             
1 32768U 08018B   26281.79648578 -.00000288  00000+0  00000+0 0  9993
2 32768   1.5247  81.1312 0002522 126.8410  31.2244  1.00272889 67798
AMOS-3                  
1 32794U 08022A   26281.89604209 -.00000128  00000+0  00000+0 0  9994
2 32794   0.7425  84.2846 0001385  80.9334 252.9031  1.00271078 83471
GALAXY 18 (G-18)        
1 32951U 08024A   26281.92750223  .00000000  00000+0  00000+0 0  9991
2 32951   0.0228 196.7041 0002892   6.9555  24.7902  1.00270646 46991
ZHONGXING-9             
1 33051U 08028A   26281.97014241 -.00000260  00000+0  00000+0 0  9994
2 33051   1.0530  83.6026 0008515 151.9231 223.7129  1.00268923 67188
SKYNET 5C               
1 33055U 08030A   26281.80582860 -.00000149  00000+0  00000+0 0  9996
2 33055   4.0748  75.6055 0003447 120.5396  93.6236  1.00270615 67096
TURKSAT 3A              
1 33056U 08030B   26281.81761531  .00000133  00000+0  00000+0 0  9994
2 33056   0.0693  75.8735 0003781 109.5358 168.3740  1.00271934 53499
COSMOS 2440             
1 33108U 08033A   26281.89560876 -.00000112  00000+0  00000+0 0  9990
2 33108  10.7965  40.1416 0005997 198.9795 176.7732  1.00260422 66933
SL-12 R/B(2)            
1 33111U 08033D   26281.89621543 -.00000148  00000+0  00000+0 0  9992
2 33111  10.7784  40.2727 0030237 341.0279  37.5121  1.00307493 66953
ECHOSTAR 11             
1 33207U 08035A   26281.93018891 -.00000069  00000+0  00000+0 0  9993
2 33207   1.2934  82.6221 0002361 120.4411  39.5833  1.00272054 52359
SUPERBIRD-C2            
1 33274U 08038A   26281.90756882 -.00000316  00000+0  00000+0 0  9991
2 33274   2.6486  79.7345 0005020  84.4220 316.1373  1.00270392106879
INMARSAT 4-F3           
1 33278U 08039A   26281.43352431 -.00000151  00000+0  00000+0 0  9993
2 33278   4.4029  31.8135 0003126 180.3479 223.0063  1.00271045 47680
NIMIQ 4                 
1 33373U 08044A   26281.93564892 -.00000233  00000+0  00000+0 0  9997
2 33373   0.0789  83.0429 0002153 102.5598  86.8298  1.00271599 66122
GALAXY 19 (G-19)        
1 33376U 08045A   26281.93270225 -.00000152  00000+0  00000+0 0  9995
2 33376   0.0186 234.1865 0002478 316.4363  65.7240  1.00273179 66045
ASTRA 1M                
1 33436U 08057A   26281.81319529  .00000108  00000+0  00000+0 0  9993
2 33436   0.5839  82.3760 0003527 111.3444 135.8942  1.00269860 46876
FENGYUN 2D DEB          
1 33458U 06053D   26281.81712525 -.00000052  00000+0  00000+0 0  9993
2 33458  11.8644  36.1738 0022985  23.5623 320.5501  1.00295085 66518
EUTELSAT HOTBIRD 13C    
1 33459U 08065A   26281.79941524 -.00000293  00000+0  00000+0 0  9996
2 33459   3.2371  77.7447 0003793 125.5327  51.6730  1.00272717 48488
EXPRESS-AM44            
1 33595U 09007A   26281.80712861 -.00000099  00000+0  00000+0 0  9990
2 33595   3.7496  76.9199 0003532 126.3377  93.7743  1.00271591 53422
NSS-9                   
1 33749U 09008A   26281.77429902  .00000060  00000+0  00000+0 0  9996
2 33749   1.5490  81.2876 0002060 106.6460 291.2983  1.00271655 64663
TELSTAR 11N             
1 34111U 09009A   26281.80192859 -.00000264  00000+0  00000+0 0  9990
2 34111   0.0502  77.9618 0002616 125.5215  65.1046  1.00270671 47381
RADUGA-1 8              
1 34264U 09010A   26281.84489326 -.00000088  00000+0  00000+0 0  9997
2 34264  12.3326  40.6110 0010024  29.4229 335.2261  0.99815199 64312
SL-12 R/B(2)            
1 34265U 09010B   26281.83235470 -.00000185  00000+0  00000+0 0  9994
2 34265  12.3247  40.5406 0002425 287.6674  78.9860  0.99993171 64335
WGS F2 (USA 204)        
1 34713U 09017A   26281.79419707  .00000000  00000+0  00000+0 0  9996
2 34713   0.0179 202.7791 0000182 299.4307 218.6365  1.00270547 46759
SES-7 (PROTOSTAR 2)     
1 34941U 09027A   26281.64283509 -.00000358  00000+0  00000+0 0  9990
2 34941   0.0452  45.3270 0002300 186.1494 125.4788  1.00269611 63766
MEASAT-3A               
1 35362U 09032A   26281.91233550 -.00000123  00000+0  00000+0 0  9995
2 35362   0.0308 353.4021 0002850 204.1686 308.4572  1.00271769  9171
EWS-G3 (GOES 14)        
1 35491U 09033A   26281.89361542  .00000027  00000+0  00000+0 0  9991
2 35491   1.9779  81.4231 0002148 116.3359 207.1855  1.00071309  7724
FM-5                    
1 35493U 09034A   26281.79215243 -.00000213  00000+0  00000+0 0  9997
2 35493   0.0163 251.3484 0000286 157.8297 167.2866  1.00270323 47788
TERRESTAR-1             
1 35496U 09035A   26280.33806009 -.00000069  00000+0  00000+0 0  9995
2 35496   5.2538  48.6309 0001682 126.0968 211.9675  1.00271339 63254
ASIASAT 5               
1 35696U 09042A   26281.97178909 -.00000319  00000+0  00000+0 0  9995
2 35696   0.0322 252.7012 0001694 301.0301 274.2230  1.00269007 62862
JCSAT-12 (JCSAT-RA)     
1 35755U 09044A   26281.90441699 -.00000340  00000+0  00000+0 0  9999
2 35755   0.0222 244.6716 0001861 350.3445 240.1660  1.00270196 62758
OPTUS D3                
1 35756U 09044B   26281.86502961 -.00000159  00000+0  00000+0 0  9993
2 35756   0.7570 267.7534 0004230 292.0795 285.2396  1.00271368 62702
NIMIQ 5                 
1 35873U 09050A   26281.80456499 -.00000270  00000+0  00000+0 0  9992
2 35873   0.0518  77.9590 0002775 120.1721  36.2580  1.00270466 62484
AMAZONAS 2              
1 35942U 09054A   26281.50996462 -.00000271  00000+0  00000+0 0  9990
2 35942   2.1024  81.4422 0003254 116.0707 291.2374  1.00269895 62322
COMSATBW-1              
1 35943U 09054B   26281.89309542  .00000012  00000+0  00000+0 0  9992
2 35943   0.0230 145.2510 0003248  64.7358 192.0593  1.00270904 62447
NSS-12                  
1 36032U 09058A   26281.89188207  .00000059  00000+0  00000+0 0  9990
2 36032   0.0772  75.8278 0002353  88.1423 231.6434  1.00272665 62053
THOR 6                  
1 36033U 09058B   26281.80920861 -.00000023  00000+0  00000+0 0  9994
2 36033   0.0251 117.8987 0001736  77.6138 112.4161  1.00271624 62147
INTELSAT 14 (IS-14)     
1 36097U 09064A   26281.80045525 -.00000286  00000+0  00000+0 0  9997
2 36097   0.2025  83.6290 0002492 122.4442  54.5334  1.00273075 61747
EUTELSAT 36B            
1 36101U 09065A   26281.89058207  .00000100  00000+0  00000+0 0  9998
2 36101   0.7738  80.9814 0005919 115.0298 192.6496  1.00268617 61845
INTELSAT 15 (IS-15)     
1 36106U 09067A   26281.89751544 -.00000198  00000+0  00000+0 0  9997
2 36106   0.0442  57.6734 0002761 161.7867 206.3370  1.00271891 42367
WGS F3 (USA 211)        
1 36108U 09068A   26281.92767557  .00000009  00000+0  00000+0 0  9995
2 36108   0.3007  84.4269 0000198 149.8197 355.0006  1.00271713 47732
DIRECTV 12              
1 36131U 09075A   26281.05281174 -.00000119  00000+0  00000+0 0  9992
2 36131   0.0350  32.9914 0000248 120.0956 139.9040  1.00272461 47683
BEIDOU-2 G1             
1 36287U 10001A   26281.83711539 -.00000289  00000+0  00000+0 0  9992
2 36287   4.5578  59.9164 0002876 244.0522 155.3587  1.00270827 61315
SDO                     
1 36395U 10005A   26277.11916721 -.00000067  00000+0  00000+0 0  9996
2 36395  34.8784  84.6864 0001797  82.1576 147.3231  1.00273214 61155
EWS-G2 (GOES 15)        
1 36411U 10008A   26281.89318208  .00000010  00000+0  00000+0 0  9991
2 36411   1.5853  81.7225 0004672  93.0102 227.6857  1.00273245 60779
ECHOSTAR 14             
1 36499U 10010A   26281.50069124 -.00000014  00000+0  00000+0 0  9993
2 36499   0.0475  72.3784 0002253  98.0812 268.0420  1.00270889 47682
SES-1                   
1 36516U 10016A   26281.93192225 -.00000127  00000+0  00000+0 0  9990
2 36516   0.0388 278.8536 0002535 283.1136  50.1001  1.00272639 60171
ASTRA 3B                
1 36581U 10021A   26281.81397530  .00000126  00000+0  00000+0 0  9999
2 36581   1.7555  81.9657 0002923  82.9481 169.0583  1.00269850 60001
COMSATBW-2              
1 36582U 10021B   26281.52677802  .00000076  00000+0  00000+0 0  9995
2 36582   0.0068 212.6608 0003192   9.8999 357.5312  1.00277301 60096
BEIDOU-2 G3             
1 36590U 10024A   26281.96762906 -.00000144  00000+0  00000+0 0  9992
2 36590   4.7825  60.9010 0003809 349.3756  35.3107  1.00270708 59912
BADR-5                  
1 36592U 10025A   26281.81536197  .00000141  00000+0  00000+0 0  9996
2 36592   0.0650 110.7135 0008420 112.8152 117.9508  1.00272011 54352
ARABSAT-5A              
1 36745U 10032B   26281.96074708  .00000142  00000+0  00000+0 0  9996
2 36745   0.3246  77.9267 0003669 116.4764 199.5937  1.00274337 59782
ECHOSTAR 15             
1 36792U 10034A   26281.50069124 -.00000015  00000+0  00000+0 0  9996
2 36792   0.0496  60.1142 0002240 106.1901 272.3069  1.00273090 59452
NILESAT 201             
1 36830U 10037A   26281.66544524 -.00000071  00000+0  00000+0 0  9993
2 36830   0.0152 192.0910 0005495   0.8467  56.9491  1.00272577 59515
RASCOM-QAF 1R           
1 36831U 10037B   26279.74290779  .00000002  00000+0  00000+0 0  9993
2 36831   0.0346 103.8549 0005324  96.9949  84.9202  1.00273155 59425
AEHF-1 (USA 214)        
1 36868U 10039A   26281.10245633  .00000139  00000+0  00000+0 0  9998
2 36868   8.5033  66.5681 0003892 131.3741 245.6728  1.00275349 54796
ZHONGXING-6A            
1 37150U 10042A   26281.77247902 -.00000114  00000+0  00000+0 0  9995
2 37150   4.5132  75.7420 0002885 183.3945 210.2651  0.99706283 59010
XM-5                    
1 37185U 10053A   26280.37730067 -.00000040  00000+0  00000+0 0  9997
2 37185   0.0671 269.1280 0000472 212.7095 274.8373  1.00269704 58609
BSAT-3B                 
1 37207U 10056B   26281.73724182 -.00000363  00000+0  00000+0 0  9995
2 37207   0.0157 166.7912 0004536  52.4991 173.3300  1.00269832 53235
BEIDOU-2 G4             
1 37210U 10057A   26281.76970566 -.00000121  00000+0  00000+0 0  9994
2 37210   3.9248  68.1240 0009149 183.1935 203.2066  1.00272534 58438
SKYTERRA 1              
1 37218U 10061A   26281.93183558 -.00000127  00000+0  00000+0 0  9999
2 37218   5.3665  50.5699 0002614 134.1618  66.9815  1.00271346 58337
HYLAS 1                 
1 37237U 10065A   26281.83616206 -.00000315  00000+0  00000+0 0  9993
2 37237   5.9257  71.5663 0001236 112.2795 270.4145  1.00272571  8038
INTELSAT 17 (IS-17)     
1 37238U 10065B   26281.85044800 -.00000014  00000+0  00000+0 0  9997
2 37238   0.0162 227.6154 0002382 323.2812 198.7835  1.00270515 54389
EUTELSAT KA-SAT 9A      
1 37258U 10069A   26280.67069192  .00000046  00000+0  00000+0 0  9997
2 37258   0.0786 354.3436 0005166 173.7031  98.7660  1.00271992 45136
HISPASAT 30W-5          
1 37264U 10070A   26281.80340193 -.00000229  00000+0  00000+0 0  9999
2 37264   0.0551 100.9929 0005277  85.0076  90.6776  1.00271488 54322
KOREASAT 6              
1 37265U 10070B   26281.91224883 -.00000124  00000+0  00000+0 0  9993
2 37265   0.0326  88.8664 0002646 134.7661 282.2097  1.00271960 57910
ELEKTRO-L 1 (GOMS 2)    
1 37344U 11001A   26281.49469979  .00000117  00000+0  00000+0 0  9997
2 37344   9.9402  53.3181 0003057  43.2764 305.8987  1.00192449 57618
BEIDOU-2 IGSO-3         
1 37384U 11013A   26281.76654233 -.00000197  00000+0  00000+0 0  9992
2 37384  62.5741  39.0915 0035074 185.5816 175.8286  1.00286002 56807
INTELSAT 28 (IS-28)     
1 37392U 11016A   26281.80305525 -.00000236  00000+0  00000+0 0  9990
2 37392   2.0937  81.0735 0003460 121.4525  72.3158  1.00272966 54428
YAHSAT 1A               
1 37393U 11016B   26281.67723194  .00000087  00000+0  00000+0 0  9995
2 37393   0.0045 198.6979 0001945   0.2732 114.6633  1.00272083 43541
SBIRS GEO-1 (USA 230)   
1 37481U 11019A   26281.89092874  .00000090  00000+0  00000+0 0  9998
2 37481   4.7852  52.9477 0001828 147.1771 189.9584  1.00272438 56532
GSAT-8                  
1 37605U 11022A   26281.89153541  .00000074  00000+0  00000+0 0  9991
2 37605   2.4189  80.2984 0007238 164.3120 148.9698  1.00272713 54350
ST-2                    
1 37606U 11022B   26281.89803544 -.00000224  00000+0  00000+0 0  9995
2 37606   0.0162 130.2927 0002054  98.5089 200.0562  1.00272545 56414
SES-3                   
1 37748U 11035A   26281.93148891 -.00000113  00000+0  00000+0 0  9995
2 37748   1.6147  81.6096 0002694 137.6621  30.6425  1.00271801 55737
KAZSAT-2                
1 37749U 11035B   26279.50739244 -.00000216  00000+0  00000+0 0  9998
2 37749   0.0396 335.5652 0001351 275.5198  33.2867  1.00272028 54512
ASTRA 1N                
1 37775U 11041A   26281.81310862  .00000107  00000+0  00000+0 0  9990
2 37775   0.1138  50.0375 0003705 123.8913 155.4468  1.00272193 45665
BSAT-3C (JCSAT-110R)    
1 37776U 11041B   26281.90113953 -.00000363  00000+0  00000+0 0  9998
2 37776   0.0579  51.4183 0000304 254.6731 145.8123  1.00270348 51612
ZHONGXING-1A            
1 37804U 11047A   26281.95939569  .00000141  00000+0  00000+0 0  9993
2 37804   4.0055  76.8672 0002049 218.1528 105.9583  1.00030329 28465
COSMOS 2473             
1 37806U 11048A   26281.63433177  .00000116  00000+0  00000+0 0  9997
2 37806   5.8606  72.0182 0006884 145.6530 223.9317  1.00301818  8615
SES-2                   
1 37809U 11049A   26281.36445069 -.00000210  00000+0  00000+0 0  9990
2 37809   0.3435  86.4427 0002883 113.8069 220.9635  1.00270709 55096
ARABSAT-5C              
1 37810U 11049B   26281.81328196  .00000111  00000+0  00000+0 0  9992
2 37810   0.0598  17.2105 0003986 187.0292 126.0061  1.00273047 55172
EUTELSAT 7 WEST A       
1 37816U 11051A   26281.95046898 -.00000073  00000+0  00000+0 0  9990
2 37816   0.0672 359.3584 0006422 191.4938 161.5952  1.00271662 55013
QUETZSAT 1              
1 37826U 11054A   26281.93668894 -.00000254  00000+0  00000+0 0  9999
2 37826   0.0511  55.9937 0002806 150.6325  71.1674  1.00272436 51019
INTELSAT 18 (IS-18)     
1 37834U 11056A   26281.77369235  .00000040  00000+0  00000+0 0  9991
2 37834   0.0211 253.3300 0002261 321.9919 260.6151  1.00273148 54952
EUTELSAT 16A            
1 37836U 11057A   26281.80981528 -.00000044  00000+0  00000+0 0  9998
2 37836   0.1513  70.9594 0005639 124.0237 116.2563  1.00024052  8472
VIASAT-1                
1 37843U 11059A   26281.92906223 -.00000036  00000+0  00000+0 0  9991
2 37843   0.0188 218.4541 0002283 335.5748  42.9003  1.00273154 48462
ASIASAT 7               
1 37933U 11069A   26281.97274242 -.00000346  00000+0  00000+0 0  9990
2 37933   0.0664  78.0998 0001416  95.9109 299.3081  1.00271061 46009
AMOS-5                  
1 37950U 11074A   26281.79736708  .00000140  00000+0  00000+0 0  9996
2 37950   9.0878  59.4674 0001881 118.4555 164.6733  1.00197880 54137
LUCH-5A                 
1 37951U 11074B   26281.62861175 -.00000054  00000+0  00000+0 0  9991
2 37951   9.0366  72.1178 0004445 142.3296 196.2577  1.00275107 54189
NIGCOMSAT 1R            
1 38014U 11077A   26281.81778865  .00000132  00000+0  00000+0 0  9995
2 38014   0.0190 156.0330 0003205 168.7304  29.5933  1.00273296 54094
WGS F4 (USA 233)        
1 38070U 12003A   26281.89812211 -.00000227  00000+0  00000+0 0  9995
2 38070   0.0190 181.9345 0001020 236.4738  10.8572  1.00270196 45285
SES-4                   
1 38087U 12007A   26281.80496193 -.00000181  00000+0  00000+0 0  9994
2 38087   0.0223  54.6964 0002555 152.7462  77.8007  1.00272839 53361
BEIDOU-2 G5             
1 38091U 12008A   26282.03481836  .00000047  00000+0  00000+0 0  9994
2 38091   3.8532  68.8572 0007939 234.4570 145.6513  1.00275924 53512
INTELSAT 22 (IS-22)     
1 38098U 12011A   26281.89491542 -.00000071  00000+0  00000+0 0  9991
2 38098   0.0145 142.2100 0001650  59.7689 209.8327  1.00271354  8323
COSMOS 2479             
1 38101U 12012A   26281.82976428 -.00000328  00000+0  00000+0 0  9996
2 38101   9.1084  55.1838 0005690 216.5294 144.1152  1.00388862 53233
SL-12 R/B(2)            
1 38104U 12012D   26281.35256177 -.00000189  00000+0  00000+0 0  9994
2 38104   9.0965  55.3839 0011291 301.0834  54.0155  1.00385135 53197
APSTAR-7                
1 38107U 12013A   26281.96702240 -.00000114  00000+0  00000+0 0  9990
2 38107   0.0213 167.9486 0002782  38.3279 235.9540  1.00271921 52951
YAHSAT 1B               
1 38245U 12016A   26281.89006207  .00000114  00000+0  00000+0 0  9997
2 38245   0.1057  85.7582 0001239 139.7873 160.0235  1.00273511 46743
AEHF-2 (USA 235)        
1 38254U 12019A   26281.66353856 -.00000143  00000+0  00000+0 0  9993
2 38254   6.9092  56.5785 0002985 160.5671  22.5091  1.00273895  8121
JCSAT-13                
1 38331U 12023A   26281.91136160 -.00000369  00000+0  00000+0 0  9999
2 38331   0.0280  93.8112 0002379 105.7755 270.0706  1.00270924 52694
VINASAT-2               
1 38332U 12023B   26281.90441699 -.00000341  00000+0  00000+0 0  9995
2 38332   0.0176  20.9332 0001982 176.7716 277.2763  1.00270012 47805
NIMIQ 6                 
1 38342U 12026A   26281.93382892 -.00000186  00000+0  00000+0 0  9998
2 38342   0.0519  66.7670 0002876 132.6820  63.2099  1.00272185 51566
ZHONGXING-2A            
1 38352U 12028A   26281.90669701 -.00000303  00000+0  00000+0 0  9996
2 38352   1.7424  82.2365 0002138 181.7893 178.1796  1.00269624 52431
INTELSAT 19 (IS-19)     
1 38356U 12030A   26281.77091900  .00000000  00000+0  00000+0 0  9991
2 38356   0.0175 208.4879 0002937 352.9636 259.4771  1.00271065 51590
ECHOSTAR 17             
1 38551U 12035A   26280.05356209 -.00000093  00000+0  00000+0 0  9992
2 38551   0.0194 154.7885 0002031  38.9879  94.1339  1.00272333 52182
METEOSAT-10 (MSG-3)     
1 38552U 12035B   26281.66683191 -.00000014  00000+0  00000+0 0  9997
2 38552   4.9370  60.3770 0000816 141.6349  55.5372  1.00275283 51993
SES-5                   
1 38652U 12036A   26281.69114005  .00000000  00000+0  00000+0 0  9999
2 38652   0.0144 340.0106 0001935 211.4415  79.6487  1.00268116 45594
INTELSAT 20 (IS-20)     
1 38740U 12043A   26281.46654444 -.00000039  00000+0  00000+0 0  9999
2 38740   0.0253 126.5859 0001467  55.5640  71.4246  1.00273684 51880
HYLAS 2                 
1 38741U 12043B   26281.80946861  .00000033  00000+0  00000+0 0  9998
2 38741   2.7133  79.5431 0004895 168.9773  60.9233  1.00522835 51912
INTELSAT 21 (IS-21)     
1 38749U 12045A   26281.51273796  .00000000  00000+0  00000+0 0  9990
2 38749   0.0200 192.2764 0001987   6.2995 305.1721  1.00269243 51666
ASTRA 2F                
1 38778U 12051A   26281.81492863  .00000137  00000+0  00000+0 0  9991
2 38778   0.0489 251.9934 0004136 320.3180 126.7031  1.00271655 42272
GSAT-10                 
1 38779U 12051B   26279.47373538 -.00000182  00000+0  00000+0 0  9999
2 38779   0.0162 112.9943 0004199   8.7908 146.9309  1.00270337 51213
INTELSAT 23 (IS-23)     
1 38867U 12057A   26281.21014894 -.00000299  00000+0  00000+0 0  9994
2 38867   0.0188 260.5322 0002198 356.0065 142.9627  1.00269798 51083
BEIDOU-2 G6             
1 38953U 12059A   26281.96858240 -.00000184  00000+0  00000+0 0  9998
2 38953   4.7048  72.2204 0006558 316.2354  61.9039  1.00272442 51059
LUCH-5B                 
1 38977U 12061A   26282.01567323 -.00000144  00000+0  00000+0 0  9999
2 38977  10.7269  48.7250 0006629 176.4512 141.7901  1.00271002 50748
YAMAL 300K              
1 38978U 12061B   26281.77429902  .00000059  00000+0  00000+0 0  9996
2 38978   0.0100 212.9664 0000611 263.9456   2.2126  1.00275797 50771
STAR ONE C3             
1 38991U 12062A   26281.93703560 -.00000262  00000+0  00000+0 0  9992
2 38991   0.0479  70.4212 0002145 139.2344  70.2693  1.00273299 50900
EUTELSAT 21B            
1 38992U 12062B   26281.24337690  .00000116  00000+0  00000+0 0  9991
2 38992   0.0726 344.4377 0002882 210.9646 290.7441  1.00274851 50963
ECHOSTAR 16             
1 39008U 12065A   26280.39686199 -.00000298  00000+0  00000+0 0  9991
2 39008   0.0033 111.3045 0001934  77.6888 268.4374  1.00271140 50762
ZHONGXING-12            
1 39017U 12067A   26281.96918907 -.00000219  00000+0  00000+0 0  9995
2 39017   0.0244 124.9048 0002784  74.8488 254.2699  1.00271617 50647
EUTELSAT 70B            
1 39020U 12069A   26281.89456875 -.00000056  00000+0  00000+0 0  9993
2 39020   0.0669   8.1580 0003817 189.1220 212.8072  1.00271800 50647
YAMAL 402               
1 39022U 12070A   26281.96277571  .00000075  00000+0  00000+0 0  9999
2 39022   1.5518  82.5249 0003532 116.3428 220.2406  1.00272816 50532
SKYNET 5D               
1 39034U 12075A   26281.89101541  .00000086  00000+0  00000+0 0  9994
2 39034   0.0750 356.9341 0004063 209.0846 185.0314  1.00271978 50299
MEXSAT 3                
1 39035U 12075B   26279.43456186 -.00000043  00000+0  00000+0 0  9994
2 39035   0.0159 122.9577 0001371  83.7897 209.9920  1.00267739  8165
TDRS 11                 
1 39070U 13004A   26281.97099796  .00000070  00000+0  00000+0 0  9997
2 39070   3.6963  32.9006 0002401  33.8870 126.0849  1.00276820 47832
AMAZONAS 3              
1 39078U 13006A   26281.79709244 -.00000295  00000+0  00000+0 0  9993
2 39078   0.0172 194.7475 0005223   9.3805  39.2837  1.00272272 46064
AZERSPACE 1             
1 39079U 13006B   26281.88971539  .00000120  00000+0  00000+0 0  9998
2 39079   0.0367  71.0678 0001778 152.1388 160.6077  1.00271226 49940
SBIRS GEO-2 (USA 241)   
1 39120U 13011A   26281.93270225 -.00000154  00000+0  00000+0 0  9999
2 39120   4.7339  52.4165 0002548 151.1681  52.9744  1.00271741 49678
EUTELSAT 117 WEST A     
1 39122U 13012A   26281.92880223 -.00000026  00000+0  00000+0 0  9994
2 39122   0.0532  53.1747 0002822 145.0448  36.9152  1.00271885 49579
ANIK G1                 
1 39127U 13014A   26281.93062225 -.00000087  00000+0  00000+0 0  9993
2 39127   0.0540  78.4097 0003150 132.2084  34.6815  1.00272021 49394
ZHONGXING-11            
1 39157U 13020A   26281.97126907 -.00000302  00000+0  00000+0 0  9995
2 39157   0.0309 322.1052 0000402 241.9528 261.0816  1.00268715 49042
EUTELSAT 7B             
1 39163U 13022A   26281.81250196  .00000091  00000+0  00000+0 0  9999
2 39163   0.0719 351.9927 0002575 123.7170 210.2451  1.00269986 49084
WGS F5 (USA 243)        
1 39168U 13024A   26281.79898191  .00000000  00000+0  00000+0 0  9996
2 39168   0.0208 206.7361 0000258 342.0717  63.7603  1.00269019 48323
SES-6                   
1 39172U 13026A   26281.80132192 -.00000274  00000+0  00000+0 0  9991
2 39172   0.0525  42.4095 0001950 152.8536  70.1704  1.00270980 48867
IRNSS-1A                
1 39199U 13034A   26274.47906318  .00000078  00000+0  00000+0 0  9994
2 39199  35.9547  62.3509 0021243 181.2766 354.2097  1.00269027 48430
ALPHASAT                
1 39215U 13038A   26281.81423530  .00000123  00000+0  00000+0 0  9994
2 39215   3.0054   0.5459 0003629 208.3703 126.5280  1.00270803 45150
INSAT-3D                
1 39216U 13038B   26281.90788919 -.00000349  00000+0  00000+0 0  9991
2 39216   2.2137  80.9703 0001812 134.0550 258.8848  1.00270765 48222
WGS F6 (USA 244)        
1 39222U 13041A   26281.92498889  .00000076  00000+0  00000+0 0  9994
2 39222   0.0105 202.9945 0000173 113.7128 258.6504  1.00271488 47205
ES'HAIL 1               
1 39233U 13044A   26281.81440863  .00000130  00000+0  00000+0 0  9997
2 39233   0.0564   4.3794 0002241 185.3797 146.3885  1.00268933 47764
GSAT-7                  
1 39234U 13044B   26281.89526209 -.00000089  00000+0  00000+0 0  9999
2 39234   0.3680  86.0100 0006189 170.0616 157.7696  1.00271516 46396
AMOS-4                  
1 39237U 13045A   26281.89352875 -.00000006  00000+0  00000+0 0  9998
2 39237   0.0344 104.2103 0001149 105.9545 194.0639  1.00272662 48091
ASTRA 2E                
1 39285U 13056A   26281.81501530  .00000137  00000+0  00000+0 0  9993
2 39285   0.0786 313.5424 0002133 245.4959 140.3234  1.00271539 47555
FM-6                    
1 39360U 13058A   26281.92888890 -.00000028  00000+0  00000+0 0  9998
2 39360   0.0205 251.6929 0000350  34.3679 309.5506  1.00269741 47216
RADUGA-1M 3             
1 39375U 13062A   26281.60243832  .00000145  00000+0  00000+0 0  9994
2 39375   6.2453  70.8950 0002006 293.0854 265.0923  1.00273113 47249
SES-8                   
1 39460U 13071A   26281.89942211 -.00000283  00000+0  00000+0 0  9991
2 39460   0.0380 285.3029 0001637 238.6770 272.3641  1.00273002 45564
INMARSAT 5-F1           
1 39476U 13073A   26281.70113455  .00000000  00000+0  00000+0 0  9996
2 39476   0.0201 191.5171 0000403 357.7925 143.0370  1.00269127 46718
TKSAT-1 (TUPAC KATARI)  
1 39481U 13075A   26281.36445069 -.00000209  00000+0  00000+0 0  9997
2 39481   0.0676  62.0584 0001948 130.2751 228.6926  1.00270708 46732
EXPRESS-AM5             
1 39487U 13077A   26281.90834882 -.00000293  00000+0  00000+0 0  9993
2 39487   0.0215 245.6578 0002455 238.7692   0.1681  1.00269818 47508
GSAT-14                 
1 39498U 14001A   26281.89491542 -.00000090  00000+0  00000+0 0  9998
2 39498   0.0497  79.7526 0006142 150.6859 183.2832  1.00271699 46516
THAICOM 6               
1 39500U 14002A   26281.89612876 -.00000134  00000+0  00000+0 0  9997
2 39500   0.0739 101.8850 0003073  71.2194 245.5824  1.00271752 46597
TDRS 12                 
1 39504U 14004A   26281.74288142 -.00000280  00000+0  00000+0 0  9994
2 39504   4.0994  20.8172 0006658 225.8256 357.2009  1.00275788 45412
ABS-2                   
1 39508U 14006A   26281.89543543 -.00000099  00000+0  00000+0 0  9993
2 39508   0.0540  75.4953 0003443 124.1868 215.1416  1.00271977 46412
ATHENA-FIDUS            
1 39509U 14006B   26281.81683531  .00000141  00000+0  00000+0 0  9995
2 39509   0.0164 138.3123 0001444  75.8578 135.1479  1.00272505 46229
TURKSAT 4A              
1 39522U 14007A   26281.81770198  .00000133  00000+0  00000+0 0  9998
2 39522   0.0664 285.9293 0004453 331.4800  96.4076  1.00269595 46102
EXPRESS-AT1             
1 39612U 14010A   26281.96754240 -.00000146  00000+0  00000+0 0  9993
2 39612   0.5452  84.0566 0004710  97.0716 263.6766  1.00313850 45950
EXPRESS-AT2             
1 39613U 14010B   26281.60703329  .00000065  00000+0  00000+0 0  9996
2 39613   0.0171 214.3760 0000096 191.9289 245.4814  1.00272762 45633
AMAZONAS 4A             
1 39616U 14011A   26281.73111471 -.00000265  00000+0  00000+0 0  9998
2 39616   0.0501 183.8207 0006505  17.2512   5.4913  1.00269218 45859
ASTRA 5B                
1 39617U 14011B   26281.81397530  .00000124  00000+0  00000+0 0  9993
2 39617   0.0903 296.6649 0003701 276.8068 120.5386  1.00273804 45807
IRNSS-1B                
1 39635U 14017A   26277.97143676  .00000088  00000+0  00000+0 0  9990
2 39635  29.1654 238.5189 0019437 192.1288 347.9124  1.00278702 45899
CTS DEB [ARRAY COVER]   
1 39688U 76004E   26281.50649794 -.00000204  00000+0  00000+0 0  9999
2 39688   2.9449 263.8601 0041172 212.9938 353.0326  1.00306335 43919
LUCH-5V                 
1 39727U 14023A   26281.97066241 -.00000277  00000+0  00000+0 0  9997
2 39727   5.4130  68.4968 0003027 166.7755 226.5425  1.00270883 45502
KAZSAT-3                
1 39728U 14023B   26281.10817637  .00000046  00000+0  00000+0 0  9999
2 39728   0.0181 256.8973 0000013   5.9327 211.3867  1.00270576 43598
EUTELSAT 3B             
1 39773U 14030A   26281.80998861  .00000007  00000+0  00000+0 0  9990
2 39773   0.0660  11.3645 0004212 181.9448 118.8359  1.00272058 45208
ASIASAT 8 (AMOS-7)      
1 40107U 14046A   26281.90669701 -.00000346  00000+0  00000+0 0  9996
2 40107   0.0266 262.2340 0001755 317.1518 229.8870  1.00270835103287
ASIASAT 6               
1 40141U 14052A   26281.90436213 -.00000375  00000+0  00000+0 0  9993
2 40141   0.0507  69.6278 0000747 116.8620 276.5454  1.00270382 44222
OPTUS 10                
1 40146U 14054A   26280.77107346 -.00000163  00000+0  00000+0 0  9991
2 40146   0.0874 259.7386 0002060 292.8940 257.3860  1.00272676 44154
MEASAT-3B               
1 40147U 14054B   26281.89872877 -.00000254  00000+0  00000+0 0  9995
2 40147   0.0356  47.4557 0000607 117.3993 267.7338  1.00270517 44052
HIMAWARI-8              
1 40267U 14060A   26281.90843549 -.00000288  00000+0  00000+0 0  9998
2 40267   0.0511  49.0813 0001313 186.7571 249.4137  1.00272114 43900
IRNSS-1C                
1 40269U 14061A   26281.89699543 -.00000168  00000+0  00000+0 0  9999
2 40269   6.8019  86.7450 0019303   9.2572 327.3346  1.00275506 43829
INTELSAT 30 (IS-30)     
1 40271U 14062A   26281.05362750  .00000000  00000+0  00000+0 0  9992
2 40271   0.0120 169.6853 0001462 237.6850 253.5767  1.00267660  7922
ARSAT 1                 
1 40272U 14062B   26281.80709043 -.00000273  00000+0  00000+0 0  9999
2 40272   0.0233 285.8031 0001678 271.9910  38.4061  1.00270666 43763
EUTELSAT 53A            
1 40277U 14064A   26281.67731862  .00000084  00000+0  00000+0 0  9994
2 40277   0.0204 225.7616 0001883 325.3628 123.0389  1.00272538 42703
GSAT-16                 
1 40332U 14078A   26280.60855170  .00000069  00000+0  00000+0 0  9995
2 40332   0.0520  81.9890 0004811  38.5326 169.9173  1.00271044 43245
DIRECTV 14              
1 40333U 14078B   26281.93226891  .00000000  00000+0  00000+0 0  9990
2 40333   0.0139 224.5979 0000870 216.0351 173.3106  1.00270558 43184
YAMAL 401               
1 40345U 14082A   26281.96970907 -.00000241  00000+0  00000+0 0  9993
2 40345   0.0116 217.8707 0000042 210.6827  28.1070  1.00274044 43052
ASTRA 2G                
1 40364U 14089A   26281.81492863  .00000000  00000+0  00000+0 0  9997
2 40364   0.0270   2.2806 0002012  92.2107 244.5138  1.00269271 43105
FENGYUN 2G              
1 40367U 14090A   26281.97152909 -.00000307  00000+0  00000+0 0  9994
2 40367   5.9214  71.3846 0004383 189.0674 206.3637  1.00262663 43140
INMARSAT 5-F2           
1 40384U 15005A   26281.79846191 -.00000298  00000+0  00000+0 0  9992
2 40384   0.0062 111.8998 0000465  51.4191  86.5274  1.00273665 42134
ABS-3A                  
1 40424U 15010A   26280.66835191 -.00000043  00000+0  00000+0 0  9994
2 40424   0.0110 208.2376 0001780 283.9397 121.7490  1.00270937 42507
EUTELSAT 115 WEST B     
1 40425U 15010B   26280.68965405 -.00000041  00000+0  00000+0 0  9997
2 40425   0.0180  47.0502 0000165 140.3648 322.2984  1.00271888 42519
EXPRESS-AM7             
1 40505U 15012A   26281.81726865  .00000000  00000+0  00000+0 0  9993
2 40505   0.0193 185.6221 0003150  14.7252 151.2978  1.00271431 42147
BEIDOU-3S IGSO-1S       
1 40549U 15019A   26280.47014294 -.00000171  00000+0  00000+0 0  9995
2 40549  48.9829 294.0972 0038852 201.3739 146.6824  1.00282499 42190
THOR 7                  
1 40613U 15022A   26281.66665858 -.00000021  00000+0  00000+0 0  9995
2 40613   0.0050 202.9578 0002704 358.0206  55.7010  1.00274548 41959
TURKMENALEM52E/MONACOSAT
1 40617U 15023A   26281.89092874  .00000091  00000+0  00000+0 0  9993
2 40617   0.0384  77.2501 0002970 120.1362 192.8999  1.00272119 41982
DIRECTV 15              
1 40663U 15026A   26280.50602468 -.00000119  00000+0  00000+0 0  9992
2 40663   0.0383  82.1062 0000148  99.1403 274.2020  1.00270887 41581
SKY MEXICO-1            
1 40664U 15026B   26281.93625560  .00000000  00000+0  00000+0 0  9997
2 40664   0.0181 203.2112 0001918 352.3225  80.2852  1.00269308 41597
METEOSAT-11 (MSG-4)     
1 40732U 15034A   26280.67086525  .00000053  00000+0  00000+0 0  9992
2 40732   3.4780  70.2824 0000462 107.3282  89.8651  1.00280226  8341
STAR ONE C4             
1 40733U 15034B   26281.14629666 -.00000280  00000+0  00000+0 0  9998
2 40733   0.0106  14.0312 0000938 194.5593 150.8682  1.00268809 41147
WGS F7 (USA 263)        
1 40746U 15036A   26281.77273902  .00000005  00000+0  00000+0 0  9995
2 40746   0.0118 209.7277 0000091 220.8231  40.1022  1.00272208 41012
INTELSAT 34 (IS-34)     
1 40874U 15039A   26281.79837524 -.00000298  00000+0  00000+0 0  9993
2 40874   0.0246 293.8943 0000487  14.0713 301.4016  1.00269718 40777
EUTELSAT 8 WEST B       
1 40875U 15039B   26281.95029565 -.00000078  00000+0  00000+0 0  9996
2 40875   0.0696 347.8900 0003635 210.5595 153.2446  1.00271637 40794
GSAT-6                  
1 40880U 15041A   26281.89699543 -.00000171  00000+0  00000+0 0  9991
2 40880   2.2061  81.0192 0003006 120.5716 221.3947  1.00270597 40738
INMARSAT 5-F3           
1 40882U 15042A   26281.77360568  .00000000  00000+0  00000+0 0  9993
2 40882   0.0204 182.7750 0001392 210.7538  81.9535  1.00270843 40719
TJS-1                   
1 40892U 15046A   26281.91120883 -.00000169  00000+0  00000+0 0  9995
2 40892   0.6109  83.6308 0002828 100.1778 316.7549  1.00269659 40718
EXPRESS-AM8             
1 40895U 15048A   26281.94908231 -.00000124  00000+0  00000+0 0  9995
2 40895   0.0184 236.6593 0000088 229.8372 238.7742  1.00272365 40489
COSMOS 1700 DEB         
1 40924U 85102G   26281.75772434  .00000068  00000+0  00000+0 0  9995
2 40924   9.5080 318.1229 0021642 143.8873 238.7327  1.00297306 68574
SKY MUSTER 1 (NBN1A)    
1 40940U 15054A   26280.98184756 -.00000294  00000+0  00000+0 0  9992
2 40940   0.0188 232.9956 0001770 321.6351 315.7256  1.00270791 40390
ARSAT 2                 
1 40941U 15054B   26281.93582226 -.00000237  00000+0  00000+0 0  9990
2 40941   0.0199 276.5317 0001930 279.4867  77.4540  1.00270868 40447
MORELOS 3               
1 40946U 15056A   26280.29016933 -.00000057  00000+0  00000+0 0  9992
2 40946   3.2917  17.7716 0003433 181.5981 167.9438  1.00267741 40406
APSTAR-9                
1 40982U 15059A   26281.94996545 -.00000278  00000+0  00000+0 0  9999
2 40982   0.0413 355.8828 0002773 194.6136 311.0923  1.00273643 40257
TURKSAT 4B              
1 40984U 15060A   26281.89049541  .00000000  00000+0  00000+0 0  9994
2 40984   0.0209 204.8561 0001670 346.5863 196.6189  1.00273181 40235
ZHONGXING-2C            
1 41021U 15063A   26281.97230909 -.00000335  00000+0  00000+0 0  9991
2 41021   0.5615  86.0370 0009973 126.3019 258.7161  1.00267941 40128
GSAT-15                 
1 41028U 15065A   26280.04594175 -.00000274  00000+0  00000+0 0  9997
2 41028   0.0371  84.1467 0002009 110.4696 291.1326  1.00269590 39925
BADR-7 (ARABSAT-6B)     
1 41029U 15065B   26281.81449530  .00000132  00000+0  00000+0 0  9990
2 41029   0.0401 238.0806 0006718 349.1814 109.4220  1.00269376 39905
LAOSAT 1                
1 41034U 15067A   26281.66597329 -.00000357  00000+0  00000+0 0  9991
2 41034   0.0257 304.7816 0001983 193.3451 247.4100  1.00267706 39991
TELSTAR 12V             
1 41036U 15068A   26281.80634860  .00000000  00000+0  00000+0 0  9996
2 41036   0.0200 190.8527 0002076   6.7828  95.0875  1.00269604 39763
ELEKTRO-L 2             
1 41105U 15074A   26282.01708628 -.00000124  00000+0  00000+0 0  9996
2 41105   6.9752  69.0788 0002545 198.7371 101.4504  1.00270672 39644
COSMOS 2513             
1 41121U 15075A   26279.51280825 -.00000155  00000+0  00000+0 0  9994
2 41121   0.0536  97.8478 0002215 137.6461  44.5608  1.00270251 39665
EXPRESS-AMU1            
1 41191U 15082A   26281.81648863  .00000143  00000+0  00000+0 0  9991
2 41191   0.0144 245.2161 0002699 325.0188 137.2812  1.00274510 39401
GAOFEN-4                
1 41194U 15083A   26281.97282909 -.00000346  00000+0  00000+0 0  9993
2 41194   0.6453  82.9746 0003441 145.8956 244.6698  1.00270191 39670
BELINTERSAT-1           
1 41238U 16001A   26281.89084207  .00000094  00000+0  00000+0 0  9994
2 41238   0.0188 270.3295 0000192 130.6990 348.7003  1.00271657 39371
IRNSS-1E                
1 41241U 16003A   26281.80044970 -.00000293  00000+0  00000+0 0  9996
2 41241  33.4824  58.1113 0022568 180.8977 178.3997  1.00276215 39213
INTELSAT 29E (IS-29E)   
1 41308U 16004A   26281.80476411 -.00000187  00000+0  00000+0 0  9992
2 41308   6.7788  68.8884 0003997 138.4435 244.3892  1.00611892 39420
EUTELSAT 9B             
1 41310U 16005A   26281.81111529  .00000049  00000+0  00000+0 0  9999
2 41310   0.0684  65.6943 0003331 162.7381  90.0152  1.00272356 39252
SES-9                   
1 41380U 16013A   26281.64283508 -.00000359  00000+0  00000+0 0  9998
2 41380   0.0076 169.7603 0001453 333.4287 213.8287  1.00271862 38577
EUTELSAT 65 WEST A      
1 41382U 16014A   26281.30564216 -.00000291  00000+0  00000+0 0  9997
2 41382   0.0720 313.7275 0002211 247.1290 220.9181  1.00269221 38656
IRNSS-1F                
1 41384U 16015A   26281.67324527  .00000150  00000+0  00000+0 0  9992
2 41384   5.6290  94.1720 0020946 173.3400  24.5364  1.00270338 38803
IRNSS-1G                
1 41469U 16027A   26280.52483318 -.00000345  00000+0  00000+0 0  9993
2 41469   5.4693  94.8569 0002212  49.4584 190.3703  1.00271900 38302
JCSAT-2B                
1 41471U 16028A   26280.91329398  .00000000  00000+0  00000+0 0  9994
2 41471   0.0230 187.7060 0000930  19.5069 292.1346  1.00269223 38266
THAICOM 8               
1 41552U 16031A   26281.89612876 -.00000134  00000+0  00000+0 0  9991
2 41552   0.0732  27.8915 0000230  75.9160 314.8468  1.00270019 37853
INTELSAT 31 (IS-31)     
1 41581U 16035A   26281.51047123 -.00000165  00000+0  00000+0 0  9997
2 41581   0.0139 228.2987 0001733  12.4497 225.1441  1.00270679 37824
BEIDOU-2 G7             
1 41586U 16037A   26281.90628037 -.00000364  00000+0  00000+0 0  9997
2 41586   1.9981  69.6949 0004784 345.5800  39.1049  1.00272257  8038
ABS-2A (MONGOLSAT-1)    
1 41588U 16038A   26281.11138304  .00000000  00000+0  00000+0 0  9992
2 41588   0.0226 199.5663 0001497 309.1451 342.8685  1.00267284 37849
EUTELSAT 117 WEST B     
1 41589U 16038B   26281.50112458 -.00000026  00000+0  00000+0 0  9997
2 41589   0.0195  47.9266 0000112 167.7721 224.8894  1.00273208 37799
BRISAT                  
1 41591U 16039A   26280.19977568  .00000000  00000+0  00000+0 0  9997
2 41591   0.0215 212.8967 0002073 340.1139  45.2479  1.00268607 37739
ECHOSTAR 18             
1 41592U 16039B   26279.43546304  .00000000  00000+0  00000+0 0  9993
2 41592   0.0224 183.1093 0001474  17.9617 269.4519  1.00267985 37748
TIANTONG-1 1            
1 41725U 16048A   26281.90072212 -.00000326  00000+0  00000+0 0  9990
2 41725   4.0708  44.1431 0000953 102.0965 296.9464  1.00269053 37418
JCSAT-16                
1 41729U 16050A   26280.64003029 -.00000267  00000+0  00000+0 0  9991
2 41729   0.0027 113.1091 0000777  88.8621 188.7067  1.00272327 37207
USA 270                 
1 41744U 16052A   26279.26833448 -.00000366  00000+0  00000+0 0  9992
2 41744   4.4756  75.7141 0008472 120.4996  41.1189  1.00259092 29244
INTELSAT 36 (IS-36)     
1 41747U 16053A   26281.60911168  .00000000  00000+0  00000+0 0  9997
2 41747   0.0133 223.5304 0002139 131.7737 309.7136  1.00270732 37095
INTELSAT 33E (IS-33E)   
1 41748U 16053B   26281.81354197  .00000113  00000+0  00000+0 0  9999
2 41748   1.8635  82.4935 0024365 191.4094  57.5397  1.00233767 37384
INSAT-3DR               
1 41752U 16054A   26281.89526209 -.00000090  00000+0  00000+0 0  9993
2 41752   0.0965  86.1308 0012482 179.1014 148.5914  1.00271393 36958
GSAT-18                 
1 41793U 16060A   26281.89526209 -.00000089  00000+0  00000+0 0  9993
2 41793   0.0712  84.2572 0001805  50.2076 279.3031  1.00271590 36669
SKY MUSTER 2 (NBN1B)    
1 41794U 16060B   26281.90930215 -.00000257  00000+0  00000+0 0  9999
2 41794   0.0214 228.9635 0001525 325.8750 294.8739  1.00270434 36666
HIMAWARI-9              
1 41836U 16064A   26280.19786900 -.00000292  00000+0  00000+0 0  9999
2 41836   0.0217 309.3604 0001025 281.7521 356.7477  1.00272002 36331
SHIJIAN-17 (SJ-17)      
1 41838U 16065A   26281.03901610  .00000031  00000+0  00000+0 0  9993
2 41838   6.0344  71.1901 0001418  95.0779 293.9633  0.99851238 36338
GOES 16                 
1 41866U 16071A   26281.93114225 -.00000103  00000+0  00000+0 0  9999
2 41866   0.6179  83.9553 0002146 149.2013  14.9231  1.00271360 36241
TIANLIAN 1-04           
1 41869U 16072A   26282.05738988  .00000020  00000+0  00000+0 0  9992
2 41869   1.1557  81.7830 0047250  99.5162  33.8553  1.00271103 36445
WGS F8 (USA 272)        
1 41879U 16075A   26281.81989126 -.00000215  00000+0  00000+0 0  9998
2 41879   0.0091 232.4342 0000257 101.3622 128.6352  1.00270010 35961
FENGYUN 4A              
1 41882U 16077A   26281.90496881 -.00000368  00000+0  00000+0 0  9994
2 41882   2.6047  78.8223 0008342 167.2580 220.4123  1.00274788 36077
ECHOSTAR 19             
1 41893U 16079A   26280.00824159 -.00000156  00000+0  00000+0 0  9996
2 41893   0.0036 109.1863 0001468  88.5606  83.8000  1.00271771 35829
JCSAT-110A (JCSAT-15)   
1 41903U 16082A   26281.52838720 -.00000365  00000+0  00000+0 0  9991
2 41903   0.0184 187.1015 0000579  14.3430 116.0204  1.00271481 35894
STAR ONE D1             
1 41904U 16082B   26281.93530226 -.00000224  00000+0  00000+0 0  9991
2 41904   0.0169 131.3879 0002202  58.5156  80.3905  1.00273696 35911
TJS-2                   
1 41911U 17001A   26281.89378875 -.00000018  00000+0  00000+0 0  9997
2 41911   1.1207  83.5201 0002080 168.5174 153.8088  1.00271775 35854
SBIRS GEO-4 (USA 273)   
1 41937U 17004A   26281.80513527 -.00000177  00000+0  00000+0 0  9990
2 41937   2.4666  45.8261 0001759 146.0684  94.2054  1.00271479 35730
HISPASAT 36W-1          
1 41942U 17006A   26281.80218859 -.00000257  00000+0  00000+0 0  9997
2 41942   0.0089  44.6632 0001014 145.4008  80.1744  1.00271306 35385
TELKOM 3S               
1 41944U 17007A   26281.91136160 -.00000375  00000+0  00000+0 0  9997
2 41944   0.0152 243.6565 0002308 325.3296 254.6608  1.00270390 35287
INTELSAT 32E (IS-32E)   
1 41945U 17007B   26281.37311741  .00000000  00000+0  00000+0 0  9992
2 41945   0.0225 199.4807 0000020 199.1411  69.5251  1.00266804 35362
ECHOSTAR 23             
1 42070U 17014A   26280.64720517  .00000000  00000+0  00000+0 0  9994
2 42070   0.0221 187.5594 0001925 359.5341 312.2938  1.00269176 35059
WGS F9 (USA 275)        
1 42075U 17016A   26281.94951565  .00000000  00000+0  00000+0 0  9994
2 42075   0.0222 206.3056 0000110  51.7648  89.3244  1.00269320 35035
SES-10                  
1 42432U 17017A   26281.79605244 -.00000286  00000+0  00000+0 0  9992
2 42432   0.0034 139.9402 0002708  67.1917  29.9937  1.00273715 34899
CHINASAT 16 (SJ-13)     
1 42662U 17018A   26281.64470987 -.00000365  00000+0  00000+0 0  9994
2 42662   0.0898  87.9004 0007783 146.0862 125.9056  1.00267146 34885
KOREASAT 7              
1 42691U 17023A   26281.90358213 -.00000374  00000+0  00000+0 0  9998
2 42691   0.0175  39.0856 0001299 185.0005 234.6503  1.00273890 34514
SGDC                    
1 42692U 17023B   26281.16122467  .00000000  00000+0  00000+0 0  9992
2 42692   0.0136 166.2635 0002510  44.5881 149.1337  1.00268907 34538
GSAT-9                  
1 42695U 17024A   26281.89985545 -.00000298  00000+0  00000+0 0  9990
2 42695   0.0853  86.3233 0002681 105.7340 246.7452  1.00268159 34432
INMARSAT 5-F4           
1 42698U 17025A   26281.67801196  .00000000  00000+0  00000+0 0  9999
2 42698   0.0202 196.4054 0000341   2.2178 119.2864  1.00271130 34410
SES-15                  
1 42709U 17026A   26281.49869791  .00000046  00000+0  00000+0 0  9998
2 42709   0.0366 335.7686 0000322 247.2075 204.5331  1.00267421  8561
VIASAT-2                
1 42740U 17029A   26281.79544578 -.00000278  00000+0  00000+0 0  9990
2 42740   0.0133 237.3663 0001405 282.4007  74.0744  1.00267788 34337
EUTELSAT 172B           
1 42741U 17029B   26281.77213234 -.00000019  00000+0  00000+0 0  9994
2 42741   0.0270 141.2258 0000075 253.1425  73.0255  1.00270515 34893
GSAT-19                 
1 42747U 17031A   26281.89006207  .00000113  00000+0  00000+0 0  9990
2 42747   0.0898  85.7634 0006759  77.8542 222.1632  1.00266933 34289
ECHOSTAR 21             
1 42749U 17032A   26279.60181384  .00000050  00000+0  00000+0 0  9999
2 42749   1.7892   2.8521 0002369 196.4032  42.9572  1.00273553 34213
ZHONGXING-9A            
1 42763U 17035A   26281.89898877 -.00000155  00000+0  00000+0 0  9991
2 42763   5.2702  73.7611 0001049 231.0713 129.0935  0.99778230 34782
BULGARIASAT-1           
1 42801U 17038A   26281.80972861 -.00000002  00000+0  00000+0 0  9995
2 42801   0.0591  85.4895 0002702 114.9482 110.4251  1.00271210 33982
HELLAS-SAT 3            
1 42814U 17040A   26281.81709531  .00000139  00000+0  00000+0 0  9995
2 42814   0.0734  44.9997 0000655  72.5081 233.0935  1.00272684 33940
GSAT-17                 
1 42815U 17040B   26281.89916211 -.00000270  00000+0  00000+0 0  9996
2 42815   0.0700  83.6433 0005413 167.3916 183.6956  1.00270284 33921
INTELSAT 35E (IS-35E)   
1 42818U 17041A   26280.66202522 -.00000254  00000+0  00000+0 0  9999
2 42818   0.0062 100.7677 0002079 104.6178  14.7515  1.00270812 33949
COSMOS 2520             
1 42907U 17046A   26280.25021587  .00000120  00000+0  00000+0 0  9999
2 42907   0.0260 124.1556 0000223 290.8669  95.9877  1.00273058 33527
TDRS 13                 
1 42915U 17047A   26281.94960231 -.00000110  00000+0  00000+0 0  9994
2 42915   3.4951   5.4627 0012371 125.0308 217.5270  1.00271493 33481
QZS-3 (MICHIBIKI-3)     
1 42917U 17048A   26281.91136160 -.00000360  00000+0  00000+0 0  9997
2 42917   0.0507 190.8629 0002008  20.8199 261.0209  1.00273198 33390
AMAZONAS 5              
1 42934U 17053A   26281.73886399 -.00000296  00000+0  00000+0 0  9996
2 42934   0.0429 325.9947 0002843 271.8208 344.5500  1.00272191 33182
ASIASAT 9               
1 42942U 17057A   26281.91136160 -.00000372  00000+0  00000+0 0  9998
2 42942   0.0139 213.6785 0002078 346.6909 267.4159  1.00272326 33027
INTELSAT 37E (IS-37E)   
1 42950U 17059A   26281.09300963 -.00000156  00000+0  00000+0 0  9992
2 42950   0.0202 233.9637 0002879 328.8605 189.3995  1.00270430 33194
BSAT-4A                 
1 42951U 17059B   26281.90113953 -.00000363  00000+0  00000+0 0  9994
2 42951   0.0741  52.2160 0000771  40.7949 358.7833  1.00271841 32948
SES-11 (ECHOSTAR 105)   
1 42967U 17063A   26281.93114225 -.00000102  00000+0  00000+0 0  9993
2 42967   0.0280 308.7378 0002835 242.6967  56.4053  1.00271771 32868
KOREASAT 5A             
1 42984U 17067A   26281.90113953 -.00000371  00000+0  00000+0 0  9998
2 42984   0.0251 270.4512 0001359 336.7960 207.8594  1.00270665 32669
ALCOMSAT 1              
1 43039U 17078A   26281.80444193 -.00000199  00000+0  00000+0 0  9992
2 43039   0.0467 350.5919 0001915 221.0914  70.5722  1.00271539 32438
SBIRS GEO-3 (USA 282)   
1 43162U 18009A   26281.77776571  .00000117  00000+0  00000+0 0  9997
2 43162   2.2815  17.1240 0001874 184.2145 296.6810  1.00272108 31980
AL YAH 3                
1 43174U 18012A   26280.31920038 -.00000170  00000+0  00000+0 0  9992
2 43174   1.8357  81.5686 0003556 119.0196 270.2215  1.00271042 31971
SES-14                  
1 43175U 18012B   26281.79993525 -.00000291  00000+0  00000+0 0  9991
2 43175   0.0472  37.9857 0001008 155.4157  64.5243  1.00272029  8163
GOES 17                 
1 43226U 18022A   26281.93417559 -.00000194  00000+0  00000+0 0  9995
2 43226   1.2248  83.7743 0001041 155.9370  24.6785  1.00272251 31561
HISPASAT 30W-6          
1 43228U 18023A   26280.23530914 -.00000233  00000+0  00000+0 0  9995
2 43228   0.0471  40.3038 0002334 136.4373 253.8898  1.00270243 31523
SUPERBIRD-B3            
1 43271U 18033A   26281.77013900 -.00000105  00000+0  00000+0 0  9993
2 43271   0.0463  71.4722 0001173 124.0086 261.1947  1.00270920 31193
HYLAS 4                 
1 43272U 18033B   26281.80270859 -.00000247  00000+0  00000+0 0  9993
2 43272   0.0781 271.1908 0001132 309.3777  52.3518  1.00269959 31208
IRNSS-1I                
1 43286U 18035A   26278.00813291  .00000086  00000+0  00000+0 0  9991
2 43286  29.0107  72.4877 0021110 178.2558 180.9667  1.00270153 31178
USA 283                 
1 43339U 18036A   26281.59628097  .00000000  00000+0  00000+0 0  9993
2 43339   0.0191 196.2961 0000170 214.6773 315.0078  1.00268778 26424
FENGYUN 2A DEB          
1 43355U 97029D   26281.65342286 -.00000348  00000+0  00000+0 0  9996
2 43355  14.8538 356.0624 0043735  38.3109 321.9994  1.00250481 43749
COSMOS 2526             
1 43432U 18037A   26281.90600881 -.00000357  00000+0  00000+0 0  9990
2 43432   0.0020 181.6396 0000362 305.6609 344.4809  1.00274065 31106
APSTAR-6C               
1 43450U 18041A   26280.83798037 -.00000334  00000+0  00000+0 0  9992
2 43450   0.0332  24.1028 0002326 224.6831 203.3729  1.00268897 30945
BANGABANDHUSAT-1        
1 43463U 18044A   26280.62120507 -.00000378  00000+0  00000+0 0  9995
2 43463   0.0102 147.1504 0002694  62.2175 149.6343  1.00269442 30833
SES-12                  
1 43488U 18049A   26281.89942211 -.00000282  00000+0  00000+0 0  9995
2 43488   0.0523  46.1460 0002016 204.4150 185.7781  1.00270883 30554
FENGYUN 2H              
1 43491U 18050A   26281.96754240 -.00000138  00000+0  00000+0 0  9992
2 43491   3.3180  77.6307 0003069 157.8906 209.6528  1.00269608 30582
TELSTAR 19V             
1 43562U 18059A   26281.20767999 -.00000295  00000+0  00000+0 0  9996
2 43562   0.0180 213.9391 0002115 342.5233 192.1558  1.00271071 30272
TELKOM 4 (MERAH PUTIH)  
1 43587U 18064A   26281.90669701 -.00000357  00000+0  00000+0 0  9997
2 43587   0.0135 241.5505 0001636 347.1799 223.2274  1.00270686 30012
TELSTAR 18V             
1 43611U 18069A   26281.49115492 -.00000308  00000+0  00000+0 0  9993
2 43611   0.0161 251.6056 0001975 308.4309 131.9151  1.00269886 29775
AZERSPACE 2 (IS-38)     
1 43632U 18074A   26281.46186443  .00000122  00000+0  00000+0 0  9996
2 43632   0.0062 107.1268 0001311  90.3862  30.9784  1.00271928 29582
HORIZONS-3E             
1 43633U 18074B   26280.48843127 -.00000047  00000+0  00000+0 0  9994
2 43633   0.0177 189.2409 0000714  10.2227 161.5228  1.00272285 29468
BEIDOU-3 G1             
1 43683U 18085A   26281.94684192 -.00000119  00000+0  00000+0 0  9998
2 43683   2.6769  94.1506 0004940  28.0768  36.2651  1.00270643 29208
GSAT-29                 
1 43698U 18089A   26281.89153541  .00000072  00000+0  00000+0 0  9998
2 43698   0.0348  78.0650 0002411 130.8183 184.6592  1.00274326 28926
ES'HAIL 2               
1 43700U 18090A   26281.81440863  .00000131  00000+0  00000+0 0  9998
2 43700   0.0061 114.7057 0001174 106.5029 115.2310  1.00273925 28815
GEO-KOMPSAT-2A          
1 43823U 18100A   26281.48105633 -.00000358  00000+0  00000+0 0  9994
2 43823   0.0357  24.1859 0001281 112.5737 181.7946  1.00269461 28762
GSAT-11                 
1 43824U 18100B   26281.85044800 -.00000090  00000+0  00000+0 0  9997
2 43824   0.0185 240.5997 0005463 245.4898 271.5571  1.00271865 28616
GSAT-7A                 
1 43864U 18105A   26281.89300875  .00000013  00000+0  00000+0 0  9991
2 43864   0.0908  84.0856 0002350 121.3045 196.4115  1.00273378 28582
COSMOS 2533             
1 43867U 18107A   26281.96572238 -.00000052  00000+0  00000+0 0  9992
2 43867   0.0256 118.7698 0000261 123.9865 192.5247  1.00274761 28587
TJS-3                   
1 43874U 18110A   26281.72020343  .00000010  00000+0  00000+0 0  9996
2 43874   2.8315  79.0048 0003239  24.1138 348.9600  1.00273482 28569
ZHONGXING-2D            
1 43920U 19001A   26281.90635547 -.00000350  00000+0  00000+0 0  9994
2 43920   0.0553  35.5481 0001828 262.2679 176.0328  1.00272222 55221
HELLAS-SAT 4 & SGS-1    
1 44034U 19007A   26281.60321832  .00000139  00000+0  00000+0 0  9997
2 44034   0.0634 128.9484 0006282  37.5566 106.9324  1.00273356 28514
GSAT-31                 
1 44035U 19007B   26281.89006207  .00000112  00000+0  00000+0 0  9996
2 44035   0.0643  78.9192 0005330 161.6715 145.2463  1.00273668 28104
NUSANTARA SATU          
1 44048U 19009A   26280.91164730 -.00000250  00000+0  00000+0 0  9994
2 44048   0.0274 144.6071 0004150  14.5848 331.5808  1.00270894 27905
ZHONGXING-6C            
1 44067U 19012A   26281.90644214 -.00000348  00000+0  00000+0 0  9997
2 44067   0.0540 300.0567 0012875 123.6998  50.5537  1.00269725 27886
WGS 10 (USA 291)        
1 44071U 19014A   26281.46489778  .00000032  00000+0  00000+0 0  9996
2 44071   0.0077 209.7435 0000164  75.4142 319.6313  1.00271954 27752
TIANLIAN 2-01           
1 44076U 19017A   26281.46819112 -.00000120  00000+0  00000+0 0  9992
2 44076   0.8265  82.2363 0003747 141.2251  39.2132  1.00271554 27784
ARABSAT-6A              
1 44186U 19021A   26281.96074708  .00000141  00000+0  00000+0 0  9990
2 44186   0.0438   0.3911 0004447 263.7828 129.8058  1.00274744 27291
BEIDOU-3 IGSO-1         
1 44204U 19023A   26281.72860752 -.00000230  00000+0  00000+0 0  9999
2 44204  58.8562  36.4896 0028608 224.7542 135.9486  1.00258563  8358
BEIDOU-2 G8             
1 44231U 19027A   26281.90921549 -.00000257  00000+0  00000+0 0  9994
2 44231   1.9414  74.1918 0009088 274.5598 140.6832  1.00272982 27228
YAMAL 601               
1 44307U 19031A   26281.10626969  .00000105  00000+0  00000+0 0  9994
2 44307   0.0147 155.3790 0002525  43.6911 264.9515  1.00272618 27064
AT&T T-16               
1 44333U 19034A   26281.93192225 -.00000128  00000+0  00000+0 0  9996
2 44333   0.0284  95.8517 0000359  29.0915 127.2667  1.00273333 26776
EUTELSAT 7C             
1 44334U 19034B   26281.24051689  .00000034  00000+0  00000+0 0  9994
2 44334   0.0686 182.2840 0003164 358.7438 289.4419  1.00270830  7967
BEIDOU-3 IGSO-2         
1 44337U 19035A   26281.53936907 -.00000119  00000+0  00000+0 0  9990
2 44337  55.2504 157.8657 0038462 210.1575 322.6934  1.00265114 26802
COSMOS 2539             
1 44457U 19048A   26282.02554498  .00000069  00000+0  00000+0 0  9996
2 44457   0.0206 130.0624 0000294 109.5316 159.2736  1.00274088 26360
EDRS-C                  
1 44475U 19049A   26281.87212637 -.00000275  00000+0  00000+0 0  9995
2 44475   0.0209 225.9755 0000926 338.8798 269.1213  1.00270765 26353
INTELSAT 39 (IS-39)     
1 44476U 19049B   26281.70127997  .00000000  00000+0  00000+0 0  9997
2 44476   0.0228 206.3862 0000627 252.1318 233.2128  1.00269935 26265
AMOS-17                 
1 44479U 19050A   26279.24675439  .00000092  00000+0  00000+0 0  9998
2 44479   0.0394 358.0229 0001612 199.3585 283.3710  1.00270720 26309
AEHF-5 (USA 292)        
1 44481U 19051A   26281.89907544 -.00000273  00000+0  00000+0 0  9993
2 44481   1.3810 345.8270 0029458   7.0643  81.4017  1.00273786 26400
COSMOS 1897 DEB         
1 44572U 87096G   26281.81163529  .00000059  00000+0  00000+0 0  9998
2 44572  10.7159 325.6114 0024258 286.1629  69.0799  1.00458040 72128
LUCH DEB                
1 44582U 94082G   26281.81900198  .00000014  00000+0  00000+0 0  9994
2 44582  14.5822 353.1167 0015719 115.6741 252.7135  1.00697401 47397
EUTELSAT 5 WEST B       
1 44624U 19067A   26280.66791858 -.00000058  00000+0  00000+0 0  9993
2 44624   0.0661  12.6986 0003165 185.9692  53.1265  1.00272923 25557
MEV-1                   
1 44625U 19067B   26280.77116013 -.00000163  00000+0  00000+0 0  9997
2 44625   0.7599 267.7710 0004250 291.6933 250.7384  1.00271345 62490
TJS-4                   
1 44637U 19070A   26281.96840906 -.00000182  00000+0  00000+0 0  9992
2 44637   0.0717 291.1672 0004964  18.1270 140.4281  1.00270815 25675
TIBA-1                  
1 44800U 19080A   26281.91977488  .00000143  00000+0  00000+0 0  9992
2 44800   0.0581  17.1417 0002059 183.1841 183.8462  1.00272645 25180
INMARSAT GX5            
1 44801U 19080B   26281.66899859  .00000062  00000+0  00000+0 0  9990
2 44801   0.0548   6.7369 0002275 201.4701  60.9752  1.00274912  7921
JCSAT-18 (KACIFIC 1)    
1 44868U 19091A   26280.91242730 -.00000216  00000+0  00000+0 0  9994
2 44868   0.0401 336.8190 0000100 238.1397 280.0936  1.00272040 25147
SHIJIAN-20 (SJ-20)      
1 44910U 19097A   26281.10453633  .00000138  00000+0  00000+0 0  9998
2 44910   5.2034  73.6106 0003782 171.7146 209.3559  1.00275805 24832
TJS-5                   
1 44978U 20002A   26281.76016958 -.00000355  00000+0  00000+0 0  9999
2 44978   0.2809  82.7294 0006430 355.6772 320.1748  1.00271413 24845
GSAT-30                 
1 45026U 20005A   26281.89708209 -.00000177  00000+0  00000+0 0  9990
2 45026   0.0786  84.6273 0001489  83.6738 255.1914  1.00271618 24646
EUTELSAT KONNECT        
1 45027U 20005B   26281.24051689  .00000035  00000+0  00000+0 0  9995
2 45027   0.0708  95.0359 0001229 151.5422 224.1080  1.00268738 25470
JCSAT-17                
1 45245U 20013A   26281.69851413 -.00000333  00000+0  00000+0 0  9990
2 45245   5.4007 357.9336 0004095 197.7060 209.1630  1.00272710 24379
GEO-KOMPSAT-2B          
1 45246U 20013B   26281.03289164 -.00000359  00000+0  00000+0 0  9995
2 45246   0.0403 314.4587 0001779 294.7977 267.5247  1.00269244 24413
BEIDOU-3 G2             
1 45344U 20017A   26281.96771573 -.00000150  00000+0  00000+0 0  9999
2 45344   2.6374  48.8132 0002539 161.9729 235.2633  1.00271726 24404
AEHF-6 (USA 298)        
1 45465U 20022B   26281.94663934 -.00000315  00000+0  00000+0 0  9991
2 45465   2.3142 302.9667 0043650   9.2322 183.9390  1.00271387 24151
BEIDOU-3 G3             
1 45807U 20040A   26281.90245546 -.00000363  00000+0  00000+0 0  9995
2 45807   2.7228  67.3608 0003296 273.6847 111.8419  1.00265728 23218
APSTAR-6D               
1 45863U 20045A   26281.97846244 -.00000330  00000+0  00000+0 0  9995
2 45863   0.0458  96.3174 0003027 349.6878  57.8810  1.00271367 23003
KOREASAT 116            
1 45920U 20048A   26281.91136160 -.00000375  00000+0  00000+0 0  9994
2 45920   0.0247 266.2233 0001385 305.0645 250.5432  1.00267985 22787
EXPRESS 103             
1 45985U 20053A   26281.97100907 -.00000293  00000+0  00000+0 0  9996
2 45985   0.0224 252.6490 0000662 256.4572 314.5853  1.00271785 22783
BSAT-4B                 
1 46112U 20056A   26281.90113953 -.00000363  00000+0  00000+0 0  9998
2 46112   0.0643 102.4249 0003667  61.3302 288.0324  1.00272002 22520
MEV-2                   
1 46113U 20056B   26281.95168233 -.00000023  00000+0  00000+0 0  9998
2 46113   0.0207 227.4096 0000301  66.3376  65.4576  1.00271582 81650
GALAXY 30 (G-30)        
1 46114U 20056C   26281.92715557  .00000024  00000+0  00000+0 0  9993
2 46114   0.0216 231.7386 0002470 328.4760  26.1398  1.00272321 22438
TIANTONG-1 2            
1 46916U 20082A   26281.90531547 -.00000369  00000+0  00000+0 0  9998
2 46916   0.6972 346.8416 0001088 266.2577 215.2540  1.00276020 21792
LUCAS (JDRS-1)          
1 47202U 20089A   26281.89855544 -.00000248  00000+0  00000+0 0  9994
2 47202   0.0139 222.2935 0002478 357.7293 211.7709  1.00269872 21557
SXM-7                   
1 47240U 20096A   26279.93934130 -.00000223  00000+0  00000+0 0  9998
2 47240   0.0190 137.6045 0004596 350.5763 140.4420  1.00272526  8567
CMS-01                  
1 47256U 20099A   26281.89708209 -.00000177  00000+0  00000+0 0  9990
2 47256   0.1063  85.7513 0005962 171.3283 166.4053  1.00270957 21337
TURKSAT 5A              
1 47306U 21001A   26280.57116506  .00000138  00000+0  00000+0 0  9993
2 47306   0.0239 100.6515 0000211 222.0206 290.1068  1.00272455 21096
TIANTONG-1 3            
1 47321U 21003A   26281.96806240 -.00000168  00000+0  00000+0 0  9991
2 47321   1.6934 346.7353 0003820 231.9003 228.9624  1.00269578 21109
TJS-6                   
1 47613U 21010A   26281.77343235  .00000030  00000+0  00000+0 0  9999
2 47613   0.0437 113.2574 0003544  90.4491 270.6345  1.00270640 20956
SHIYAN-9 (SY-9)         
1 47851U 21019A   26281.90947549 -.00000255  00000+0  00000+0 0  9995
2 47851  16.2820 300.9647 0015462  19.3463 170.8347  1.00262472 25279
SBIRS GEO-5 (USA 315)   
1 48618U 21042A   26281.75372186 -.00000288  00000+0  00000+0 0  9991
2 48618   4.9707 330.0467 0001876 236.4254 176.0556  1.00271777 19919
FENGYUN 4B              
1 48808U 21047A   26281.97265575 -.00000341  00000+0  00000+0 0  9994
2 48808   0.4356  81.0970 0008325 279.3966 111.8891  1.00266694 19714
SXM-8                   
1 48838U 21049A   26281.07974957  .00000000  00000+0  00000+0 0  9992
2 48838   0.0153 110.5438 0005585 287.5608 282.1792  1.00268236 19710
TIANLIAN 1-05           
1 49011U 21063A   26281.56769211  .00000096  00000+0  00000+0 0  9996
2 49011   1.8803  79.5105 0004430 155.9816   2.8592  1.00270790 19215
STAR ONE D2             
1 49055U 21069A   26281.43907100 -.00000279  00000+0  00000+0 0  9991
2 49055   0.0065 173.7568 0002563  15.2408 276.1674  1.00271139 19095
EUTELSAT QUANTUM        
1 49056U 21069B   26281.89006207  .00000000  00000+0  00000+0 0  9991
2 49056   0.0100 203.4107 0002203 352.9774 189.2450  1.00270468 19061
ZHONGXING-2E            
1 49062U 21071A   26281.90002878 -.00000304  00000+0  00000+0 0  9991
2 49062   0.0467 355.5887 0001196 250.4636 193.5652  1.00270588 19174
TJS-7                   
1 49115U 21077A   26281.93218225 -.00000137  00000+0  00000+0 0  9998
2 49115   0.0691 255.1441 0001936  81.1454 277.4317  1.00271341 10698
CHINASAT 9B             
1 49125U 21080A   26281.04534279 -.00000327  00000+0  00000+0 0  9996
2 49125   0.0210 126.5935 0003348  80.9797 286.8307  1.00268525 18782
SES-17                  
1 49332U 21095A   26281.26279148 -.00000287  00000+0  00000+0 0  9992
2 49332   0.0313  32.8421 0000913 158.1858 213.3938  1.00270176 18988
SYRACUSE 4A             
1 49333U 21095B   26276.97159771  .00000122  00000+0  00000+0 0  9991
2 49333   0.0172 237.0745 0001741 303.0756 227.8282  1.00274071 19035
ZHONGXING-1D            
1 49505U 21114A   26281.90635547 -.00000349  00000+0  00000+0 0  9995
2 49505   0.0058  41.1970 0001705 224.5974 208.2130  1.00272714 17969
STPSAT-6                
1 49817U 21118A   26281.92975558 -.00000056  00000+0  00000+0 0  9991
2 49817   0.6093  83.8098 0001442 203.5184 313.0440  1.00272642 17714
EXPRESS AMU-7           
1 50001U 21123A   26281.90930215 -.00000255  00000+0  00000+0 0  9994
2 50001   0.0215 251.7539 0000163 209.0116  29.1464  1.00272997 17682
EXPRESS AMU-3           
1 50002U 21123B   26281.66580795 -.00000335  00000+0  00000+0 0  9991
2 50002   0.0250 246.1190 0000148 279.4631 194.4339  1.00273703  8165
TIANLIAN 2-02           
1 50005U 21124A   26281.77187234 -.00000026  00000+0  00000+0 0  9995
2 50005   1.0892  84.1386 0004372 161.4361 220.6760  1.00272026 17764
TURKSAT 5B              
1 50212U 21126A   26281.81770198  .00000133  00000+0  00000+0 0  9997
2 50212   0.0776 338.7069 0002519 312.6378  62.4893  1.00271823 17436
INMARSAT 6-F1           
1 50319U 21128A   26281.89716876  .00000000  00000+0  00000+0 0  9991
2 50319   0.0179 181.9834 0000160 247.6115 354.6371  1.00268418 17393
SHIYAN-12 01 (SY-12 01) 
1 50321U 21129A   26280.60924502  .00000007  00000+0  00000+0 0  9997
2 50321   3.9586  78.3142 0002435 180.6493  35.1965  1.00485646 17623
SHIYAN-12 02 (SY-12 02) 
1 50322U 21129B   26280.77072250 -.00000032  00000+0  00000+0 0  9999
2 50322   3.9573  78.3040 0003974 107.7141 274.1901  1.00440475 17633
TJS-9                   
1 50574U 21135A   26281.90782882 -.00000312  00000+0  00000+0 0  9991
2 50574   0.0752  86.6794 0005886 242.3839 152.5151  1.00269617 17577
GOES 18                 
1 51850U 22021A   26281.49713789  .00000083  00000+0  00000+0 0  9992
2 51850   0.0094 283.3319 0000557 346.0817 149.7043  1.00272546  7720
ZHONGXING-6D            
1 52255U 22038A   26281.60493692  .00000000  00000+0  00000+0 0  9990
2 52255   0.0407 218.6733 0002750  10.9670 130.3357  1.00269760 16559
NILESAT 301             
1 52817U 22061A   26281.95046898 -.00000071  00000+0  00000+0 0  9999
2 52817   0.0576  23.0145 0001541 195.9491 133.7402  1.00272205 15877
CMS-02 (GSAT-24)        
1 52903U 22067A   26281.61197169 -.00000179  00000+0  00000+0 0  9991
2 52903   0.0542  81.3775 0003117 180.7937  58.4048  1.00272369 15746
MEASAT 3D               
1 52904U 22067B   26281.89872877 -.00000255  00000+0  00000+0 0  9993
2 52904   0.0511   1.3104 0002331 250.7131 180.5876  1.00271638 15780
SES-22                  
1 52933U 22071A   26281.63927179  .00000091  00000+0  00000+0 0  9995
2 52933   0.0415  55.5584 0000915 135.5214 277.3315  1.00272425  8663
WFOV (USA 332)          
1 52940U 22073A   26281.91136160 -.00000371  00000+0  00000+0 0  9990
2 52940   3.9971  77.0055 0002290 164.2516 223.6692  1.00275374 15514
TIANLIAN 2-03           
1 53100U 22078A   26281.24121022  .00000058  00000+0  00000+0 0  9992
2 53100   0.9540  77.7997 0002152 161.7904 234.7145  1.00272537 15686
SBIRS GEO-6 (USA 336)   
1 53355U 22092A   26281.87212637 -.00000309  00000+0  00000+0 0  9992
2 53355   3.0789 319.5865 0001810 241.8455 269.0428  1.00271672 15379
EUTELSAT KONNECT VHTS   
1 53765U 22110A   26281.09708297  .00000003  00000+0  00000+0 0  9994
2 53765   0.0559 101.0311 0002590  74.4294 238.9306  1.00274418  7960
ZHONGXING-1E            
1 53813U 22112A   26281.96797573  .00000000  00000+0  00000+0 0  9998
2 53813   0.0119  68.5023 0003806 200.8419 178.1053  1.00267796 14983
SES-20                  
1 53960U 22123A   26281.50381126 -.00000115  00000+0  00000+0 0  9994
2 53960   0.0470  67.0298 0001456  43.2511 345.1496  1.00270274 14662
SES-21                  
1 53961U 22123B   26281.92585556  .00000057  00000+0  00000+0 0  9998
2 53961   0.0374  65.1421 0001044 129.6582  25.0873  1.00271272  8354
GALAXY 33 (G-33)        
1 54026U 22128A   26281.92542222  .00000000  00000+0  00000+0 0  9997
2 54026   0.0142 196.2178 0001714   3.6387  17.8504  1.00270504 14885
GALAXY 34 (G-34)        
1 54027U 22128B   26281.92628889  .00000046  00000+0  00000+0 0  9992
2 54027   0.0145 243.0591 0001414 308.9409  30.0472  1.00271305 15053
ANGOSAT 2               
1 54033U 22131A   26281.67133860  .00000000  00000+0  00000+0 0  9995
2 54033   0.0207 185.1138 0000510 168.5429 288.3223  1.00270409 14617
EUTELSAT HOTBIRD 13F    
1 54048U 22134A   26281.81189529  .00000074  00000+0  00000+0 0  9994
2 54048   0.0610 286.4458 0002096  72.8479 323.4488  1.00271640 14515
EUTELSAT HOTBIRD 13G    
1 54225U 22146A   26281.81189529  .00000074  00000+0  00000+0 0  9994
2 54225   0.0469 238.6625 0001913 301.5081 142.5659  1.00271147  8602
ZHONGXING-19            
1 54230U 22148A   26281.91294218 -.00000094  00000+0  00000+0 0  9998
2 54230   0.0136 236.7215 0004966 318.9335 313.7268  1.00271849 14523
GALAXY 31 (G-31)        
1 54243U 22153A   26281.92784890  .00000001  00000+0  00000+0 0  9996
2 54243   0.0113 166.8905 0001277  33.2207  30.4770  1.00271930  8275
GALAXY 32 (G-32)        
1 54244U 22153B   26281.35341015  .00000000  00000+0  00000+0 0  9991
2 54244   0.0150 208.3972 0000509  85.9660 118.8532  1.00269750 14278
EUTELSAT 10B            
1 54259U 22157A   26281.81128862  .00000055  00000+0  00000+0 0  9995
2 54259   0.0589  95.9073 0001545  42.1951 181.4251  1.00269024 14167
GALAXY 35 (G-35)        
1 54741U 22170A   26281.93348226 -.00000175  00000+0  00000+0 0  9991
2 54741   0.0063 215.0653 0001968 344.6916  60.7699  1.00271868 14039
GALAXY 36 (G-36)        
1 54742U 22170B   26281.93426226 -.00000198  00000+0  00000+0 0  9994
2 54742   0.0171 207.9295 0001489 292.7738 124.2117  1.00272312 13928
METEOSAT-12 (MTG-I1)    
1 54743U 22170C   26281.80929528 -.00000019  00000+0  00000+0 0  9996
2 54743   0.7597  23.0838 0003141  93.0541 192.3515  1.00275729 14114
SHIJIAN-23 (SJ-23)      
1 55131U 23002A   26281.71739198  .00000088  00000+0  00000+0 0  9990
2 55131   4.0039  76.8160 0003444 226.1321  30.5619  1.00027251 13649
APSTAR-6E               
1 55239U 23005A   26281.90713547 -.00000330  00000+0  00000+0 0  9994
2 55239   0.0219 230.7403 0004307 345.6944 261.6977  1.00273414 19848
USA 342                 
1 55263U 23008A   26281.24381022  .00000124  00000+0  00000+0 0  9990
2 55263   0.0159 240.6679 0000084 172.5401  75.3034  1.00272935 13650
ELEKTRO-L 4             
1 55506U 23016A   26281.49188780 -.00000071  00000+0  00000+0 0  9994
2 55506   0.1065  68.6831 0002114 136.2901 155.0318  1.00274994 13471
AMAZONAS NEXUS          
1 55508U 23017A   26281.37702962  .00000000  00000+0  00000+0 0  9999
2 55508   0.0159  70.6429 0001400  79.9194 301.1830  1.00267623  8182
ZHONGXING-26            
1 55686U 23023A   26282.03983300 -.00000366  00000+0  00000+0 0  9990
2 55686   0.0622  61.3425 0001819  72.6278  23.1154  1.00269896 13375
LUCH-5X (OLYMP-K 2)     
1 55841U 23031A   26280.60993837  .00000017  00000+0  00000+0 0  9991
2 55841   0.0210 112.2306 0001204  40.0135 145.5867  1.00272534 13063
GAOFEN-13 02            
1 55912U 23036A   26281.90999550 -.00000230  00000+0  00000+0 0  9995
2 55912   1.0263  15.1731 0003931 297.1699 181.0480  1.00270964 13233
SES-18                  
1 55970U 23038A   26281.93148891 -.00000114  00000+0  00000+0 0  9999
2 55970   0.0329 269.2988 0002468 327.6460  12.8702  1.00271928 13244
SES-19                  
1 55971U 23038B   26281.92507556  .00000075  00000+0  00000+0 0  9991
2 55971   0.0369 275.3775 0001515 287.5862  12.7441  1.00272416 13234
INTELSAT 40E (IS-40E)   
1 56174U 23052A   26281.35341053 -.00000189  00000+0  00000+0 0  9995
2 56174   0.0111 205.7622 0002567 354.3553 213.1239  1.00272226 12950
VIASAT-3 F1             
1 56370U 23060A   26281.93426226 -.00000199  00000+0  00000+0 0  9993
2 56370   0.0230 241.8780 0000145 312.2696  70.8404  1.00273774 12576
ARCTURUS                
1 56371U 23060B   26281.91136160 -.00000372  00000+0  00000+0 0  9990
2 56371   3.0603  78.4527 0001126 204.3270 182.6353  1.00271814 12608
GS-1                    
1 56372U 23060C   26281.89734209 -.00000182  00000+0  00000+0 0  9995
2 56372   3.0118  78.3777 0003101 262.2836  84.2376  1.00245871  8670
BEIDOU-3 G4             
1 56564U 23066A   26281.90834882 -.00000293  00000+0  00000+0 0  9997
2 56564   0.4474   5.1283 0005692 208.4978 270.9994  1.00271325 12538
ARABSAT-7B (BADR-8)     
1 56757U 23075A   26281.67194527  .00000131  00000+0  00000+0 0  9990
2 56757   0.0762  26.1333 0001739 323.1079 295.9872  1.00272182 12255
NVS-01 (IRNSS-1J)       
1 56759U 23076A   26281.90441699 -.00000351  00000+0  00000+0 0  9999
2 56759   1.9048 238.9771 0007181   1.1630 232.4472  1.00277212 12257
NUSANTARA TIGA (SATRIA) 
1 57045U 23086A   26280.91164730  .00000000  00000+0  00000+0 0  9997
2 57045   0.0167   0.4759 0003566 294.8718 195.4044  1.00271432 10896
H2SAT (HEINRICH HERTZ)  
1 57213U 23093A   26278.95738292 -.00000015  00000+0  00000+0 0  9990
2 57213   0.0463  48.7199 0000341  17.7573 293.5392  1.00272388 12039
SYRACUSE 4B             
1 57214U 23093B   26280.97173277 -.00000068  00000+0  00000+0 0  9990
2 57214   0.0152 230.3896 0000130  84.3976  45.2259  1.00271884  8096
JUPITER 3 (ECHOSTAR 24) 
1 57479U 23108A   26280.22039297  .00000000  00000+0  00000+0 0  9996
2 57479   0.0181 178.8189 0001006  20.4380 160.7393  1.00269896 11787
GALAXY 37 (G-37)        
1 57493U 23112A   26281.92663556  .00000035  00000+0  00000+0 0  9994
2 57493   0.0189 229.3677 0002091 337.1059  17.6848  1.00271321 11681
LUDI TANCE-4 01A        
1 57624U 23120A   26281.75575227 -.00000207  00000+0  00000+0 0  9999
2 57624  15.0315 191.1690 0004863  51.4831 136.4790  1.00270891 11685
TJS-10                  
1 58204U 23169A   26281.74000663 -.00000260  00000+0  00000+0 0  9992
2 58204   2.8311  79.0152 0004349 140.5349 156.6949  1.00271660 10673
ZHONGXING-6E            
1 58253U 23172A   26281.90349546 -.00000374  00000+0  00000+0 0  9990
2 58253   0.0136 148.2483 0002363  41.1327 268.9514  1.00271584 10797
YAOGAN-41               
1 58582U 23197A   26281.90496881 -.00000380  00000+0  00000+0 0  9994
2 58582   2.9332 315.1760 0012516 214.4117 296.9227  1.00272839 10467
OVZON-3                 
1 58698U 24003A   26281.10843637  .00000036  00000+0  00000+0 0  9993
2 58698   0.0114 186.2240 0000037 120.4588 168.8376  1.00272968  8580
INSAT-3DS               
1 58990U 24033A   26281.89690876 -.00000169  00000+0  00000+0 0  9990
2 58990   0.0421  90.4756 0001317 107.5966 224.4234  1.00273060 48201
MERAH PUTIH 2           
1 58995U 24035A   26281.90113953 -.00000370  00000+0  00000+0 0  9999
2 58995   0.0143 242.2184 0000980 359.3305 213.3553  1.00270287  9721
TJS-11                  
1 59020U 24037A   26281.10391788 -.00000383  00000+0  00000+0 0  9991
2 59020   4.0609 328.5939 0003707 294.3365 263.6742  1.00266097  9713
HULIANWAN GAOGUI-01 (H*)
1 59069U 24040A   26281.81596863  .00000143  00000+0  00000+0 0  9990
2 59069   0.0989 343.2768 0001958  20.1098 341.4193  1.00273807  8464
EUTELSAT 36D            
1 59346U 24059A   26281.81640197  .00000143  00000+0  00000+0 0  9998
2 59346   0.0016 180.5309 0000256 149.1271  17.5779  1.00270979  9280
PAKSAT-MM1              
1 59915U 24104A   26280.24882920  .00000137  00000+0  00000+0 0  9992
2 59915   0.0179 194.3499 0001560  10.3606 298.9588  1.00275011  8650
EKRAN 2 DEB             
1 59987U 77092N   26281.03199606  .00000132  00000+0  00000+0 0  9990
2 59987   3.8422 272.3588 0013487 235.5318 274.0324  1.00195194 64242
ASTRA 1P (SES-24)       
1 60086U 24115A   26281.52807802  .00000106  00000+0  00000+0 0  9999
2 60086   0.0632   9.1731 0003229 225.0577 352.2575  1.00272236  8334
GOES 19                 
1 60133U 24119A   26281.93703560  .00000000  00000+0  00000+0 0  9990
2 60133   0.0081 113.5237 0000573 166.2790 359.9051  1.00268704  8101
ZHONGXING-3A            
1 60179U 24122A   26281.97196242  .00000000  00000+0  00000+0 0  9991
2 60179   0.0217  83.1469 0002627 146.9993 238.9242  1.00269413  8457
TURKSAT 6A              
1 60233U 24127A   26281.81770198  .00000133  00000+0  00000+0 0  9995
2 60233   0.0226 194.3953 0004819  11.8712 147.5541  1.00271424  8154
HULIANWAN GAOGUI-02 (H*)
1 60327U 24135A   26281.91094882 -.00000186  00000+0  00000+0 0  9997
2 60327   0.0724 352.2657 0004388 349.0344 157.3103  1.00271653  8635
ZHONGXING-4A            
1 60606U 24151A   26281.91136160 -.00000377  00000+0  00000+0 0  9993
2 60606   1.0270 269.8512 0001504  23.8339 170.1634  1.00268506  7895
HULIANWAN GAOGUI-03 (H*)
1 61503U 24181A   26281.93660227 -.00000254  00000+0  00000+0 0  9995
2 61503   0.0796 356.7054 0000486  90.7720 190.1457  1.00269844  7965
DSN-3 (KIRAMEKI-3)      
1 61733U 24198A   26281.90912882 -.00000262  00000+0  00000+0 0  9991
2 61733   0.0186 156.5233 0001086  18.8182 313.5568  1.00273507  7064
KOREASAT 6A             
1 61910U 24206A   26281.91136160 -.00000374  00000+0  00000+0 0  9990
2 61910   0.0175 121.0277 0000802  80.8936 259.7256  1.00269431  6981
INTELSAT 33E DEB        
1 61994U 16053L   26266.40726513 -.00000284  00000+0  00000+0 0  9997
2 61994   1.8339  83.6670 0024812 215.0437 145.5918  1.00509715  7080
INTELSAT 33E DEB        
1 61998U 16053Q   26280.99975005 -.00000050  00000+0  00000+0 0  9994
2 61998   1.8440  81.5759 0011505  30.6131 330.1739  1.00443565  7239
INTELSAT 33E DEB        
1 62000U 16053S   26280.96287935 -.00000169  00000+0  00000+0 0  9995
2 62000   1.9950  88.9390 0024641 355.5996   5.0873  1.00091361  7214
INTELSAT 33E DEB        
1 62003U 16053V   26281.87283393 -.00000373  00000+0  00000+0 0  9990
2 62003   1.9117  85.5002 0012682 203.0118 157.6525  1.00434247  7223
OPTUS-X (ADS-01)        
1 62006U 24212A   26281.86502961  .00000000  00000+0  00000+0 0  9999
2 62006   0.0213 214.6407 0002540 341.0475 289.6127  1.00269625  6902
GSAT-N2 (GSAT-20)       
1 62028U 24214A   26281.89404875 -.00000032  00000+0  00000+0 0  9999
2 62028   0.0679  84.3100 0001336 238.1131  84.9128  1.00270828  7030
SXM-9                   
1 62259U 24234A   26281.79232576  .00000000  00000+0  00000+0 0  9997
2 62259   0.0138 235.9449 0004327  77.4617 264.0858  1.00267508  6718
TJS-12                  
1 62374U 24246A   26281.90964882 -.00000245  00000+0  00000+0 0  9995
2 62374   0.4543 317.0346 0000755 175.6839 358.8215  1.00270228  6707
NUVIEW ALPHA            
1 62455U 24252B   26280.50992469 -.00000232  00000+0  00000+0 0  9995
2 62455   0.0571  33.2356 0000295 260.9840 182.4364  1.00269761  4952
AGILA                   
1 62456U 24252C   26281.86502961 -.00000150  00000+0  00000+0 0  9999
2 62456   0.0372 122.8883 0001209  73.7745 289.2725  1.00273420  6307
NUVIEW BRAVO            
1 62457U 24252D   26281.93547559 -.00000228  00000+0  00000+0 0  9996
2 62457   0.0687 151.1735 0001482  41.5088  78.5704  1.00270780  4933
THURAYA-4               
1 62483U 25001A   26281.10531635  .00000124  00000+0  00000+0 0  9999
2 62483   0.0345  80.9926 0000072 236.1787 141.7954  1.00275176  5313
SHIJIAN-25 (SJ-25)      
1 62485U 25002A   26280.19518234 -.00000361  00000+0  00000+0 0  9994
2 62485   5.3762  60.3958 0046202 180.2101 332.8824  1.00272383  6482
TJS-14                  
1 62804U 25017A   26281.95549567  .00000102  00000+0  00000+0 0  9995
2 62804   0.5480 308.3158 0003844 328.1094 103.5152  1.00272057  6415
SPAINSAT NG I           
1 62852U 25021A   26281.26433780  .00000000  00000+0  00000+0 0  9993
2 62852   0.0164 199.5594 0000147 185.2370 116.2428  1.00270299  5128
QZS-6 (MICHIBIKI-6)     
1 62876U 25023A   26281.79564913 -.00000245  00000+0  00000+0 0  9994
2 62876   0.0432  39.7022 0002071 171.6473 182.9939  1.00268156  6086
ZHONGXING-10R           
1 63075U 25036A   26281.90113953 -.00000365  00000+0  00000+0 0  9990
2 63075   0.0252 223.1625 0004865 321.1316 268.1913  1.00272337  6093
TJS-15                  
1 63157U 25045A   26280.38817262 -.00000234  00000+0  00000+0 0  9991
2 63157   0.4925  84.3061 0001586 203.6802 316.5177  1.00272787  5882
TIANLIAN 2-04           
1 63361U 25062A   26281.96780240 -.00000156  00000+0  00000+0 0  9990
2 63361   4.0888 272.8792 0033965   8.5661 164.6242  1.00272347  5745
TJS-16                  
1 63397U 25064A   26280.76966413 -.00000119  00000+0  00000+0 0  9995
2 63397   1.3826  80.4350 0002386 228.8117 144.9474  1.00271332  5522
TIANLIAN 2-05           
1 63662U 25084A   26281.81336862  .00000103  00000+0  00000+0 0  9990
2 63662   4.1702 278.6278 0000557 278.8453 133.1185  1.00272273  5521
TJS-19                  
1 63924U 25097A   26280.77412708 -.00000296  00000+0  00000+0 0  9997
2 63924   3.1094 319.4966 0006724 275.9149 200.9489  1.00271234  5273
CHINASAT 3B             
1 64062U 25106A   26281.91372218  .00000000  00000+0  00000+0 0  9992
2 64062   0.0229  90.5857 0002723 122.2061 300.9629  1.00270316  5201
SXM-10                  
1 64290U 25122A   26281.17812404 -.00000032  00000+0  00000+0 0  9993
2 64290   0.0019  65.0656 0001893 262.9491 356.7707  1.00271309  4816
COSMOS 2589             
1 64467U 25131A   26281.66597317 -.00000358  00000+0  00000+0 0  9997
2 64467   0.2256  87.3726 0006743  42.3204 255.4465  1.00270135  4691
CHINASAT 9C             
1 64470U 25132A   26281.89890211 -.00000260  00000+0  00000+0 0  9998
2 64470   0.0117 215.4819 0003040 339.9512 237.9065  1.00269570  5288
MTG-S1                  
1 64723U 25143A   26281.80929528 -.00000020  00000+0  00000+0 0  9990
2 64723   0.6514 336.7786 0003679 264.0171  67.8363  1.00269750  4553
DROR 1                  
1 64784U 25148A   26281.95107565 -.00000047  00000+0  00000+0 0  9996
2 64784   0.0153 251.2535 0001249   8.1436  96.5572  1.00271110  4440
NTS-3                   
1 65160U 25173A   26281.80626193 -.00000065  00000+0  00000+0 0  9990
2 65160   3.5208  70.5555 0001436 156.5440  65.1433  1.00653864  1178
SHIYAN-29               
1 65486U 25196A   26281.80836095 -.00000283  00000+0  00000+0 0  9992
2 65486  28.9407  17.1071 0015385 180.7895 205.9592  1.00280010  4028
NUSANTARA LIMA (NUSANT*)
1 65588U 25205A   26280.64022336 -.00000374  00000+0  00000+0 0  9993
2 65588   0.0045 147.5224 0000546 123.8187  88.2881  1.00272498  3846
TJS-20                  
1 66142U 25238A   26281.67913862  .00000001  00000+0  00000+0 0  9999
2 66142   5.2244 299.1888 0003279 269.1381 115.9462  1.00275774  3479
CMS-03 (GSAT-7R)        
1 66311U 25249B   26281.89526209 -.00000090  00000+0  00000+0 0  9997
2 66311   0.0208 109.6050 0000640 116.1889 188.0441  1.00272413  3485
VIASAT-3 F2             
1 66454U 25261A   26280.63629512  .00000000  00000+0  00000+0 0  9991
2 66454   0.0228 212.8678 0001033  44.5778 268.9229  1.00269252  3924
SHIJIAN-28 (SJ-28)      
1 66549U 25277A   26281.91136160 -.00000381  00000+0  00000+0 0  9990
2 66549   4.2514 270.3853 0001529  71.3571 120.7266  1.00268593  3299
TJS-22                  
1 66990U 25290A   26281.89378875 -.00000022  00000+0  00000+0 0  9995
2 66990   1.2602 288.9097 0004729 330.4302 146.4325  1.00271745  3165
TJS-23                  
1 67226U 25306A   26281.28964280 -.00000007  00000+0  00000+0 0  9993
2 67226   5.3387 296.9702 0004465 276.0809  83.6254  1.00272311  3027
FENGYUN 4C              
1 67246U 25312A   26280.57267043 -.00000339  00000+0  00000+0 0  9994
2 67246   0.0031 117.4543 0000920 184.9494  52.9956  1.00271463  2996
SHIJIAN-29A (SJ-29A)    
1 67302U 25315A   26281.96641572 -.00000077  00000+0  00000+0 0  9996
2 67302   3.6814  92.3554 0006018  78.9055 267.5616  1.00269689  2757
SHIJIAN-29B (SJ-29B)    
1 67403U 25315C   26281.96641572 -.00000078  00000+0  00000+0 0  9999
2 67403   3.6808  92.3519 0007022 102.6054 243.9380  1.00269758  2824
ELEKTRO-L 5             
1 67756U 26028A   26281.74047098 -.00000110  00000+0  00000+0 0  9998
2 67756   0.0632  54.7373 0001575 127.3573 177.9205  1.00271337  2387
JAM-E JAM 1             
1 67757U 26028B   26281.81605530  .00000143  00000+0  00000+0 0  9993
2 67757   0.1685  21.7182 0000573 288.2369  35.3156  1.00278662  2252
ECHOSTAR 25             
1 68126U 26045A   26281.93010225  .00000000  00000+0  00000+0 0  9999
2 68126   0.0218 194.4615 0001363 354.3908  53.5423  1.00269739  2136
VIASAT-3 F3             
1 68893U 26096A   26280.91416065 -.00000139  00000+0  00000+0 0  9999
2 68893   0.0036 191.4050 0000386 271.4428  41.3861  1.00272910  1747
TJS-24                  
1 69235U 26116A   26281.96979574 -.00000243  00000+0  00000+0 0  9994
2 69235   0.2967  87.2624 0001989 187.2359 182.5568  1.00270406  1378
TJS-25                  
1 69474U 26129A   26281.77661282 -.00000391  00000+0  00000+0 0  9990
2 69474   5.8568 330.7282 0005290 290.0890 156.4384  1.00273173  1201
TJS-26A                 
1 69674U 26144A   26281.64088176 -.00000373  00000+0  00000+0 0  9990
2 69674   6.8283 323.2230 0006824 343.5526  48.7687  1.00273620  1084
SXM-11                  
1 69728U 26148A   26281.41999814  .00000000  00000+0  00000+0 0  9995
2 69728   0.0157 172.4249 0000337 160.1951  80.3156  1.00269156  1174
