FENGYUN 1C              
1 25730U 99025A   26280.19763707  .00000981  00000+0  41910-3 0  9995
2 25730  98.8563 355.1819 0012052 297.4984  62.4971 14.27303419413936
FENGYUN 1C DEB          
1 29733U 99025X   26279.03854331  .00000808  00000+0  14064-2 0  9994
2 29733  99.2043 294.7688 0564525 235.1757 146.7256 12.96934730929739
FENGYUN 1C DEB          
1 29734U 99025Y   26280.16644911  .00002638  00000+0  42318-2 0  9998
2 29734  99.1651 166.4144 0613911  46.5205 100.5715 12.92203544924014
FENGYUN 1C DEB          
1 29735U 99025Z   26280.09066044 -.00000125  00000+0 -14810-3 0  9994
2 29735  99.3789 150.4842 0696822 233.9394 119.5210 12.75898979912199
FENGYUN 1C DEB          
1 29736U 99025AA  26280.33427477  .00001477  00000+0  32973-2 0  9991
2 29736  99.4385  48.0797 0725401 277.7070 100.0255 12.57842626902985
FENGYUN 1C DEB          
1 29737U 99025AB  26280.25704135 -.00000423  00000+0 -79916-3 0  9993
2 29737  99.5749 191.3779 0690198 212.4089 304.1545 12.66257747906463
FENGYUN 1C DEB          
1 29738U 99025AC  26280.24826209  .00000803  00000+0  11350-2 0  9997
2 29738  99.4172  38.3523 0846524   5.2192 355.7071 12.62475680899820
FENGYUN 1C DEB          
1 29740U 99025AE  26279.60271703  .00001720  00000+0  45449-2 0  9996
2 29740  99.0646  51.5199 0971887 324.0412  29.8842 12.08756720865330
FENGYUN 1C DEB          
1 29741U 99025AF  26279.93403640  .00000864  00000+0  22311-2 0  9991
2 29741  99.1871  74.9253 1025428 198.0796 322.2153 12.01776151557648
FENGYUN 1C DEB          
1 29748U 99025AN  26280.03398872 -.00000192  00000+0 -14464-2 0  9997
2 29748 100.1717 141.6931 0544990 183.5735 176.1334 11.92611585822878
FENGYUN 1C DEB          
1 29750U 99025AQ  26280.06242356  .00000215  00000+0  14538-3 0  9995
2 29750  98.7270 305.5704 0036187 174.8317 211.1562 14.09869806 12651
FENGYUN 1C DEB          
1 29751U 99025AR  26279.29635711  .00000184  00000+0  95162-4 0  9998
2 29751  98.5151 303.1963 0088689 353.2255  65.1505 14.23832081 23069
FENGYUN 1C DEB          
1 29754U 99025AU  26280.25433650  .00001049  00000+0  51012-3 0  9993
2 29754  98.8959  29.0999 0036452 106.7447 283.6465 14.20092671 15769
FENGYUN 1C DEB          
1 29758U 99025AY  26280.29898316  .00003998  00000+0  11564-2 0  9997
2 29758  98.8675  52.9177 0021130 144.6000 244.4647 14.44972616 19790
FENGYUN 1C DEB          
1 29760U 99025BA  26280.21659006  .00000294  00000+0  18122-3 0  9997
2 29760  98.7718 279.0825 0131373  51.8145 309.4773 14.08469314 12939
FENGYUN 1C DEB          
1 29762U 99025BC  26279.88172708  .00000225  00000+0  97557-4 0  9993
2 29762  98.6115 260.7364 0203074 188.5735 201.4661 14.22955185 21835
FENGYUN 1C DEB          
1 29763U 99025BD  26280.20513030  .00000078  00000+0  65432-4 0  9992
2 29763  98.7959 256.5097 0128242  59.6122   8.0510 14.08081859 12511
FENGYUN 1C DEB          
1 29765U 99025BF  26280.02938146  .00000001  00000+0  28065-4 0  9990
2 29765  98.8162 293.6428 0058005 341.9168  43.6192 14.02215840  9224
FENGYUN 1C DEB          
1 29766U 99025BG  26280.29531687  .00001393  00000+0  92719-3 0  9990
2 29766  98.7025 219.1630 0142636 177.8537 337.3695 13.97942207999743
FENGYUN 1C DEB          
1 29767U 99025BH  26279.83622885  .00002165  00000+0  84549-3 0  9990
2 29767  98.2208 225.8157 0323663 290.5359  91.9029 14.05662216997859
FENGYUN 1C DEB          
1 29769U 99025BK  26280.15312552  .00001469  00000+0  75602-3 0  9992
2 29769  99.0854 347.7567 0089926   9.2697 351.0110 14.14778055  8951
FENGYUN 1C DEB          
1 29770U 99025BL  26280.18464876  .00001495  00000+0  68644-3 0  9991
2 29770  98.8322   0.8572 0062876 135.7265 254.7914 14.21704713 13229
FENGYUN 1C DEB          
1 29771U 99025BM  26280.25337915  .00111723  00000+0  49650-2 0  9994
2 29771  99.6085 197.8061 0004957 201.4020 158.7002 15.21012507375845
FENGYUN 1C DEB          
1 29772U 99025BN  26278.34191295  .00001492  00000+0  89064-3 0  9996
2 29772  98.3722 109.5818 0135956 169.8729 315.7142 14.04065325  3357
FENGYUN 1C DEB          
1 29773U 99025BP  26280.04355675  .00000479  00000+0  20942-3 0  9995
2 29773  99.0226  87.7950 0047561 147.3940 340.7251 14.28045220 24539
FENGYUN 1C DEB          
1 29774U 99025BQ  26280.32832576  .00000202  00000+0  10938-3 0  9995
2 29774  99.1103 235.2522 0050274 350.8713 166.1807 14.22953898 23229
FENGYUN 1C DEB          
1 29776U 99025BS  26280.02570169  .00000047  00000+0  52484-4 0  9991
2 29776  98.7458 302.8293 0024369 147.7916 242.0398 14.07915650 12773
FENGYUN 1C DEB          
1 29777U 99025BT  26280.14108969 -.00000057  00000+0 -95971-5 0  9992
2 29777  99.2430 341.7299 0093778 122.8087 267.3752 13.92197536  1928
FENGYUN 1C DEB          
1 29779U 99025BV  26280.01511990  .00000250  00000+0  15185-3 0  9992
2 29779  98.6734 287.3318 0063726  34.7378 325.7931 14.13682675 16270
FENGYUN 1C DEB          
1 29780U 99025BW  26279.82026801  .00002367  00000+0  10647-2 0  9991
2 29780  99.2828 221.2213 0042817   5.2812 354.8808 14.22888285 13120
FENGYUN 1C DEB          
1 29781U 99025BX  26280.22149515  .00000652  00000+0  41521-3 0  9997
2 29781  98.8289 271.3656 0072878  56.9407   7.0450 14.05769940  8342
FENGYUN 1C DEB          
1 29782U 99025BY  26280.12687381  .00001023  00000+0  56763-3 0  9992
2 29782  99.0793 342.8596 0054310  86.1689 304.3209 14.12756812  8821
FENGYUN 1C DEB          
1 29784U 99025CA  26280.28825499  .00000611  00000+0  24405-3 0  9995
2 29784  98.9543 212.9003 0059517 145.9991   6.8123 14.31222906 26268
FENGYUN 1C DEB          
1 29786U 99025CC  26280.28008167  .00000198  00000+0  13425-3 0  9992
2 29786  98.7233 293.2592 0077774 177.3651 248.5272 14.09242281 13647
FENGYUN 1C DEB          
1 29788U 99025CE  26280.20137720  .00001643  00000+0  67737-3 0  9995
2 29788  98.7670 357.6923 0040103  43.7630 342.5945 14.27786357 16132
FENGYUN 1C DEB          
1 29789U 99025CF  26279.29146562  .00000896  00000+0  10329-2 0  9990
2 29789  99.4654  94.8560 0295868 247.0923 293.6609 13.54964348970166
FENGYUN 1C DEB          
1 29790U 99025CG  26279.97071329  .00000406  00000+0  16165-3 0  9997
2 29790  99.1508 295.4941 0076613  32.4233 328.1623 14.32711344 27964
FENGYUN 1C DEB          
1 29791U 99025CH  26280.14970309  .00002930  00000+0  59402-3 0  9990
2 29791  99.0278 312.3778 0037730 231.1643 170.6150 14.61676800 32011
FENGYUN 1C DEB          
1 29792U 99025CJ  26280.11153357  .00001376  00000+0  70882-3 0  9992
2 29792  98.7323 330.1008 0047864 260.9252  98.6504 14.16246547 11625
FENGYUN 1C DEB          
1 29793U 99025CK  26263.24568367  .00001080  00000+0  67563-3 0  9993
2 29793  98.3794  63.8275 0138903 263.7166 222.9898 14.01980339    17
FENGYUN 1C DEB          
1 29794U 99025CL  26279.64168821  .00000620  00000+0  33704-3 0  9995
2 29794  98.2361  57.4573 0154669 264.5172 107.6352 14.09660520 10335
FENGYUN 1C DEB          
1 29795U 99025CM  26279.85079123  .00000024  00000+0  48051-4 0  9995
2 29795  98.9100  42.4782 0111959 178.7974 333.8735 13.93027580  2032
FENGYUN 1C DEB          
1 29796U 99025CN  26280.13872675  .00000698  00000+0  39241-3 0  9999
2 29796  98.8335 333.4074 0053009 142.1786 274.1936 14.12981849 12722
FENGYUN 1C DEB          
1 29798U 99025CQ  26280.15547069  .00001010  00000+0  67445-3 0  9995
2 29798  99.2928 353.7729 0108851 176.4471 214.0291 14.00624527  1006
FENGYUN 1C DEB          
1 29800U 99025CS  26279.93551765  .00002351  00000+0  15045-2 0  9998
2 29800  98.2838 278.3210 0132411 106.3191 284.7031 14.00015067997470
FENGYUN 1C DEB          
1 29801U 99025CT  26280.23866370  .00000217  00000+0  85206-4 0  9992
2 29801  98.7766 192.0630 0104539 106.1573  44.9744 14.36148176 32245
FENGYUN 1C DEB          
1 29802U 99025CU  26280.29552406  .00008951  00000+0  14793-2 0  9995
2 29802  98.6344  49.7473 0032991 130.3815 259.3093 14.70255291 28485
FENGYUN 1C DEB          
1 29804U 99025CW  26279.97130200 -.00000079  00000+0 -21870-4 0  9995
2 29804  98.8057 284.1675 0097853 185.8444 204.0346 14.04387715 10753
FENGYUN 1C DEB          
1 29805U 99025CX  26280.09658322  .00000057  00000+0  95752-4 0  9995
2 29805  99.4135 331.9272 0188630 172.5509 187.8512 13.72739944987969
FENGYUN 1C DEB          
1 29806U 99025CY  26280.00462698  .00000483  00000+0  28334-3 0  9990
2 29806  98.7022 292.2942 0029485 122.9614 299.8331 14.12489063 13454
FENGYUN 1C DEB          
1 29807U 99025CZ  26279.93903026  .00000312  00000+0  19970-3 0  9993
2 29807  98.7608 281.0911 0079152 208.3789 151.3059 14.08876239 12891
FENGYUN 1C DEB          
1 29809U 99025DB  26279.90282633  .00000329  00000+0  96645-4 0  9999
2 29809  98.8965 262.8858 0115174 175.7022 215.0938 14.47118059 37791
FENGYUN 1C DEB          
1 29810U 99025DC  26280.13012877  .00000328  00000+0  14440-3 0  9990
2 29810  99.1678 337.9932 0065791 237.0167 151.8408 14.29473367 26373
FENGYUN 1C DEB          
1 29812U 99025DE  26279.95765196  .00000917  00000+0  56403-3 0  9998
2 29812  98.3641  89.3682 0142328 204.1509 308.9717 14.02926876  2329
FENGYUN 1C DEB          
1 29813U 99025DF  26280.02454833 -.00000019  00000+0  13576-4 0  9991
2 29813  98.7113 295.4362 0013595 100.5214 286.5743 14.09525889 14620
FENGYUN 1C DEB          
1 29815U 99025DH  26280.00971022  .00001792  00000+0  26961-3 0  9994
2 29815  98.0532 287.5233 0175843 273.7001  84.4111 14.65873822 42182
FENGYUN 1C DEB          
1 29816U 99025DJ  26280.17017853  .00003132  00000+0  63071-3 0  9999
2 29816  98.9555 162.6873 0231917   7.0811 153.7004 14.46726627 24980
FENGYUN 1C DEB          
1 29817U 99025DK  26279.96150603  .00000355  00000+0  20650-3 0  9996
2 29817  98.5850 262.1999 0010957 237.0407 185.7738 14.14594470 16091
FENGYUN 1C DEB          
1 29818U 99025DL  26280.12517184 -.00000008  00000+0  20788-4 0  9997
2 29818  98.6776 150.2158 0113323 267.2704 246.0266 14.04679225  9933
FENGYUN 1C DEB          
1 29819U 99025DM  26279.91938936  .00000201  00000+0  13608-3 0  9991
2 29819  98.7663 257.0331 0189743 313.3306 109.7039 14.02476955  8002
FENGYUN 1C DEB          
1 29820U 99025DN  26279.95958745  .00000551  00000+0  37327-3 0  9999
2 29820  98.8340 283.1534 0072865 125.4988 265.2137 14.02993184  7370
FENGYUN 1C DEB          
1 29821U 99025DP  26280.12227546  .00001032  00000+0  30777-3 0  9996
2 29821  98.8357 336.9988 0370597 354.2013  33.0630 14.12244638  7219
FENGYUN 1C DEB          
1 29827U 99025DV  26279.90738389  .00000326  00000+0  16622-3 0  9996
2 29827  98.6257 269.1142 0025417 173.6569 258.1056 14.22049675 20906
FENGYUN 1C DEB          
1 29828U 99025DW  26280.08464861  .00000379  00000+0  24029-3 0  9997
2 29828  98.7445 321.9058 0060812  35.7231 353.3774 14.08798096  9300
FENGYUN 1C DEB          
1 29832U 99025EA  26279.86779739  .00000372  00000+0  74824-4 0  9991
2 29832  98.8539  54.2632 0192908  93.9081 268.4193 14.57074973 45963
FENGYUN 1C DEB          
1 29833U 99025EB  26280.02474235  .00006691  00000+0  54696-3 0  9999
2 29833  99.0745 313.9472 0079573  19.4661 340.9566 14.97317216 50276
FENGYUN 1C DEB          
1 29835U 99025ED  26280.25666962  .00000261  00000+0  80161-4 0  9990
2 29835  99.0694  72.2761 0166073 231.6386 251.6833 14.43580107 37992
FENGYUN 1C DEB          
1 29836U 99025EE  26280.21870002  .00000709  00000+0  15092-3 0  9996
2 29836  98.1878  15.0592 0151920 359.5058  29.9615 14.55233572678950
FENGYUN 1C DEB          
1 29841U 99025EK  26279.88917667  .00000482  00000+0  11537-3 0  9990
2 29841  98.8567 245.2114 0198862 158.2835 230.6484 14.47282583 36329
FENGYUN 1C DEB          
1 29842U 99025EL  26279.86343403  .00002104  00000+0  39036-3 0  9997
2 29842  98.5679  23.1589 0102307 322.6135 165.5658 14.63093754 37035
FENGYUN 1C DEB          
1 29843U 99025EM  26280.17400940  .00000297  00000+0  11294-3 0  9991
2 29843  99.0098 134.1177 0191995 145.7935 339.0068 14.28977664 25331
FENGYUN 1C DEB          
1 29844U 99025EN  26280.22571460  .00001070  00000+0  35236-3 0  9996
2 29844  98.9219 195.5828 0167380  15.4707 345.1505 14.32753856 26155
FENGYUN 1C DEB          
1 29845U 99025EP  26279.95647918  .00000438  00000+0  19187-3 0  9991
2 29845  98.5326 277.7424 0076566 339.2898  48.1510 14.27019509 23617
FENGYUN 1C DEB          
1 29846U 99025EQ  26280.07307596  .00000121  00000+0  75153-4 0  9997
2 29846  98.6166 319.3313 0085094 162.9711 226.9740 14.19243640 20896
FENGYUN 1C DEB          
1 29847U 99025ER  26280.23604463  .00000053  00000+0  60310-4 0  9992
2 29847  98.9197 274.9791 0083704 287.3726 136.3999 14.03178058  9221
FENGYUN 1C DEB          
1 29848U 99025ES  26280.06204731  .00001425  00000+0  62085-3 0  9992
2 29848  98.2221 131.8530 0114784 140.9962  11.8165 14.21875620 13398
FENGYUN 1C DEB          
1 29849U 99025ET  26279.76492189  .00001095  00000+0  67905-3 0  9993
2 29849  99.0017   7.1079 0079263 292.5346 220.4329 14.05784945  5567
FENGYUN 1C DEB          
1 29850U 99025EU  26280.20664455  .00000532  00000+0  36301-3 0  9994
2 29850  98.1113 178.7309 0106413 159.3626 353.1330 14.00736172  1977
FENGYUN 1C DEB          
1 29851U 99025EV  26280.08874146  .00000212  00000+0  21466-3 0  9992
2 29851  99.5447 331.1106 0142327 159.3469 231.6890 13.83793318994935
FENGYUN 1C DEB          
1 29852U 99025EW  26280.02255801  .00001667  00000+0  91800-3 0  9992
2 29852  99.3588 305.9899 0132611  44.6490 346.0169 14.08682825  1772
FENGYUN 1C DEB          
1 29853U 99025EX  26280.27444930  .00000706  00000+0  50070-3 0  9990
2 29853  98.4733  22.2103 0159735 112.6792 249.1348 13.94596591998291
FENGYUN 1C DEB          
1 29854U 99025EY  26279.90422182  .00000224  00000+0  22308-3 0  9992
2 29854  98.9671  71.6303 0145580 328.0752 185.0335 13.83559742994666
FENGYUN 1C DEB          
1 29855U 99025EZ  26279.70609554  .00001573  00000+0  89681-3 0  9996
2 29855  98.1832 196.5194 0177944 279.7128 146.9429 14.03348786998897
FENGYUN 1C DEB          
1 29856U 99025FA  26280.24927120  .00010767  00000+0  16470-2 0  9990
2 29856  98.6921  30.3137 0234788 108.9389 283.7649 14.57004874  7101
FENGYUN 1C DEB          
1 29857U 99025FB  26279.91716381  .00000841  00000+0  70374-3 0  9994
2 29857  98.4372 261.0758 0189605 200.1682 159.1912 13.82771534988951
FENGYUN 1C DEB          
1 29858U 99025FC  26280.26162924  .00000710  00000+0  64659-3 0  9997
2 29858  99.2164  18.3689 0193971 353.5356  30.7773 13.78521876986660
FENGYUN 1C DEB          
1 29859U 99025FD  26279.94826094  .00001591  00000+0  12408-2 0  9998
2 29859  98.3531  82.6554 0292711 126.5604 236.2874 13.75238922980775
FENGYUN 1C DEB          
1 29860U 99025FE  26280.02389399  .00001492  00000+0  12616-2 0  9994
2 29860  98.5997 291.5420 0216936 259.0119 157.4683 13.78888037982489
FENGYUN 1C DEB          
1 29865U 99025FK  26279.67725814  .00003817  00000+0  39836-3 0  9991
2 29865  98.9332 230.8792 0107011 275.5909 208.9909 14.86330483 51793
FENGYUN 1C DEB          
1 29866U 99025FL  26279.90287579  .00001723  00000+0  25100-3 0  9992
2 29866  98.0658 264.5539 0191681 353.9846  34.7689 14.65459018 46928
FENGYUN 1C DEB          
1 29868U 99025FN  26280.11399625  .00003712  00000+0  35015-3 0  9991
2 29868  97.9107 327.5080 0187822 114.6492 247.4411 14.81940051 47106
FENGYUN 1C DEB          
1 29869U 99025FP  26280.33252534  .00000416  00000+0  14899-3 0  9998
2 29869  98.8970 225.3652 0085596 209.6791 310.8545 14.37424308 31049
FENGYUN 1C DEB          
1 29870U 99025FQ  26279.90761894  .00000085  00000+0  46977-4 0  9990
2 29870  98.5007 247.8049 0120713  35.5876 348.7537 14.29077437 28505
FENGYUN 1C DEB          
1 29871U 99025FR  26279.89366172  .00001542  00000+0  45539-3 0  9990
2 29871  99.0035 254.5163 0055734 304.3333  84.6702 14.44222098 30033
FENGYUN 1C DEB          
1 29872U 99025FS  26279.01324054  .00000964  00000+0  23304-3 0  9991
2 29872  98.3341 292.3464 0233694 138.5219 223.3971 14.40058060 28683
FENGYUN 1C DEB          
1 29873U 99025FT  26280.14205084  .00000004  00000+0  33764-4 0  9996
2 29873  99.4053 153.3672 0092600 107.2914  53.6709 13.98423114  4852
FENGYUN 1C DEB          
1 29874U 99025FU  26280.19218711  .00002632  00000+0  94748-3 0  9990
2 29874  98.3636 171.1946 0096078 186.2864 325.6922 14.31972902 11101
FENGYUN 1C DEB          
1 29875U 99025FV  26280.08730294  .00000023  00000+0  26777-4 0  9994
2 29875  98.3627 323.1737 0080949 268.1916 119.9415 14.24935500 25647
FENGYUN 1C DEB          
1 29876U 99025FW  26280.07057818  .00000136  00000+0  80652-4 0  9995
2 29876  98.2935 317.8170 0060394 225.6199 163.1458 14.20459091 21515
FENGYUN 1C DEB          
1 29877U 99025FX  26279.95790481  .00000573  00000+0  25810-3 0  9990
2 29877  98.5416 282.2903 0047292  69.0706 356.6222 14.25350426 22165
FENGYUN 1C DEB          
1 29880U 99025GA  26280.16026189  .00000986  00000+0  61066-3 0  9997
2 29880  98.1777 170.4446 0230834 345.2615 168.9526 13.94849698997216
FENGYUN 1C DEB          
1 29881U 99025GB  26279.84727062  .00001573  00000+0  16104-2 0  9994
2 29881  98.7349 225.3492 0292197  14.5676  48.1273 13.60609379972878
FENGYUN 1C DEB          
1 29884U 99025GE  26280.16303925  .00000973  00000+0  31409-3 0  9991
2 29884  99.5752 354.4670 0042392 352.3620  37.4267 14.41346154 28473
FENGYUN 1C DEB          
1 29885U 99025GF  26279.78878226  .00000161  00000+0  99420-4 0  9996
2 29885  98.3673 200.7325 0118704  26.9727  36.0727 14.13739562 16691
FENGYUN 1C DEB          
1 29887U 99025GH  26280.21293830  .00002047  00000+0  46710-3 0  9998
2 29887  98.7045   9.6775 0282286 196.6448 193.0238 14.35278988 22532
FENGYUN 1C DEB          
1 29888U 99025GJ  26280.02962799  .00000621  00000+0  21767-3 0  9996
2 29888  99.1704 129.5872 0271390 256.5580 100.5219 14.20598654 17363
FENGYUN 1C DEB          
1 29889U 99025GK  26280.21978073  .00000357  00000+0  19252-3 0  9992
2 29889  99.5160  60.9960 0152597 287.8393 195.4649 14.13892403 15321
FENGYUN 1C DEB          
1 29890U 99025GL  26280.00130665  .00000548  00000+0  25892-3 0  9997
2 29890  99.4953  69.6032 0012708 316.8975  43.1206 14.24336351 16861
FENGYUN 1C DEB          
1 29891U 99025GM  26280.21522053  .00000672  00000+0  47594-3 0  9998
2 29891  98.7448 273.9934 0056034 153.8039 267.0162 14.00283485  6639
FENGYUN 1C DEB          
1 29892U 99025GN  26280.08543674  .00005605  00000+0  15887-2 0  9996
2 29892  99.2009  92.0098 0177103 149.3482 332.5048 14.37121907  9299
FENGYUN 1C DEB          
1 29893U 99025GP  26280.13957591  .00000071  00000+0  93552-4 0  9999
2 29893  98.5372 352.3891 0173751  66.0930 324.9040 13.79574877992545
FENGYUN 1C DEB          
1 29894U 99025GQ  26280.13942428  .00000283  00000+0  27929-3 0  9992
2 29894  99.4537 340.3138 0167167 337.4702  51.4952 13.81283186991968
FENGYUN 1C DEB          
1 29895U 99025GR  26280.21995693  .00003167  00000+0  11811-2 0  9990
2 29895  99.9092  63.7933 0294311 247.8572 237.9188 14.11574526997312
FENGYUN 1C DEB          
1 29896U 99025GS  26279.64173201  .00000366  00000+0  40933-3 0  9995
2 29896  99.3896 167.7657 0240290  54.5604   6.8155 13.65638673981089
FENGYUN 1C DEB          
1 29897U 99025GT  26279.32673976  .00001099  00000+0  11725-2 0  9995
2 29897  98.6084 112.6213 0296844  82.8960  87.5904 13.58178420969785
FENGYUN 1C DEB          
1 29898U 99025GU  26279.85580051  .00002620  00000+0  15296-2 0  9993
2 29898  98.2392 235.9343 0421065 103.2469 289.2288 13.72552759972488
FENGYUN 1C DEB          
1 29899U 99025GV  26278.08004061  .00000020  00000+0  70914-4 0  9992
2 29899  98.7054  35.8417 0353336  54.2429 309.1020 13.37580002960468
FENGYUN 1C DEB          
1 29901U 99025GX  26279.83024941  .00000222  00000+0  35443-3 0  9990
2 29901  98.7869  53.2398 0377646 262.9200 257.5224 13.33415535958916
FENGYUN 1C DEB          
1 29904U 99025HA  26280.15024979  .00000977  00000+0  22661-3 0  9996
2 29904  99.0042 341.6531 0207018 150.4582 210.8494 14.45312009 33672
FENGYUN 1C DEB          
1 29906U 99025HC  26280.27826433  .00004294  00000+0  10227-2 0  9996
2 29906  98.7163  39.6267 0032245 321.6816  38.2088 14.54028365 24887
FENGYUN 1C DEB          
1 29907U 99025HD  26280.15167556  .00001166  00000+0  62908-3 0  9997
2 29907  99.0934 356.4320 0083819 131.8384 258.8673 14.12924059  8120
FENGYUN 1C DEB          
1 29909U 99025HF  26280.30007176  .00005460  00000+0  11335-2 0  9995
2 29909  98.6452  40.5073 0037444 177.6179 212.2910 14.60135240 27578
FENGYUN 1C DEB          
1 29911U 99025HH  26280.09951332  .00000632  00000+0  31921-3 0  9996
2 29911  98.6865 322.8404 0025678  15.8907  11.2378 14.19594339 16622
FENGYUN 1C DEB          
1 29912U 99025HJ  26278.80787095  .00003470  00000+0  97566-3 0  9996
2 29912  98.7432  29.6303 0038989  52.9440  99.4581 14.46116523 23275
FENGYUN 1C DEB          
1 29913U 99025HK  26279.94312594  .00000282  00000+0  18895-3 0  9997
2 29913  98.8015 275.9280 0063087 150.7876 239.5936 14.07654091 11509
FENGYUN 1C DEB          
1 29914U 99025HL  26280.05294115 -.00000054  00000+0 -71366-5 0  9993
2 29914  98.8167 304.7863 0035591   4.8323  21.4958 14.03246830  9694
FENGYUN 1C DEB          
1 29916U 99025HN  26279.98811436  .00000323  00000+0  40196-3 0  9998
2 29916  99.1861 284.9536 0270238 215.3787 171.6186 13.57304783974983
FENGYUN 1C DEB          
1 29917U 99025HP  26279.37460198  .00000722  00000+0  71172-3 0  9998
2 29917  98.8485 123.2728 0224336  57.6214 114.9172 13.71057513982087
FENGYUN 1C DEB          
1 29918U 99025HQ  26280.27237331  .00002232  00000+0  78909-3 0  9994
2 29918  98.8464  14.9037 0014961 160.1583 220.3602 14.35609458 20753
FENGYUN 1C DEB          
1 29919U 99025HR  26279.92806579  .00000133  00000+0  14143-3 0  9999
2 29919  98.5255  51.7033 0136657 247.3598 233.8637 13.85251297996639
FENGYUN 1C DEB          
1 29920U 99025HS  26277.76686648  .00001276  00000+0  77023-3 0  9999
2 29920  98.3693 114.5646 0123509 161.1814 199.3981 14.04458975  4338
FENGYUN 1C DEB          
1 29921U 99025HT  26279.94411374  .00000439  00000+0  28669-3 0  9996
2 29921  98.7905 282.6312 0044653 311.6668 115.4382 14.06958155 10694
FENGYUN 1C DEB          
1 29922U 99025HU  26280.13670549 -.00000095  00000+0 -33494-4 0  9994
2 29922  99.0959 340.8111 0092534 266.5362  92.5214 13.98722837  6030
FENGYUN 1C DEB          
1 29923U 99025HV  26279.94843133  .00000475  00000+0  27029-3 0  9999
2 29923  98.6883 285.0120 0018171  43.4492 345.7879 14.14369991 14882
FENGYUN 1C DEB          
1 29924U 99025HW  26279.99593174 -.00000073  00000+0 -17693-4 0  9995
2 29924  98.7283 288.6386 0027663 133.3575 255.3279 14.08961701 14091
FENGYUN 1C DEB          
1 29926U 99025HY  26279.77339328  .00000330  00000+0  95891-4 0  9992
2 29926  98.3119 261.8749 0248373 130.3114 352.3072 14.33952691 28508
FENGYUN 1C DEB          
1 29927U 99025HZ  26280.16201576  .00012112  00000+0  14301-2 0  9997
2 29927  99.0633 347.6510 0012906 356.7938  31.5013 14.84817216 30611
FENGYUN 1C DEB          
1 29928U 99025JA  26280.07234414  .00000484  00000+0  40743-3 0  9994
2 29928  99.5569 317.0101 0142133  29.1121   0.2398 13.88481520996318
FENGYUN 1C DEB          
1 29929U 99025JB  26280.21137118  .00001667  00000+0  10274-2 0  9993
2 29929  98.6199 188.5325 0132233  60.2031  92.7598 14.02499396  1270
FENGYUN 1C DEB          
1 29930U 99025JC  26280.19774903  .00000235  00000+0  11425-3 0  9991
2 29930  99.0066 174.0161 0162223 280.1842 233.6056 14.21108681 21286
FENGYUN 1C DEB          
1 29931U 99025JD  26280.08183007  .00000115  00000+0  99622-4 0  9992
2 29931  98.8264 312.3338 0031210 341.5769  44.0078 14.04036787  9987
FENGYUN 1C DEB          
1 29932U 99025JE  26280.01877340  .00000284  00000+0  16151-3 0  9998
2 29932  98.6313 286.9558 0036317 293.6051  89.4094 14.17075745 17537
FENGYUN 1C DEB          
1 29933U 99025JF  26280.31104177  .00011651  00000+0  17062-2 0  9994
2 29933  98.7553  50.7031 0005960 140.4931 249.8779 14.75786412 28958
FENGYUN 1C DEB          
1 29934U 99025JG  26280.19176844  .00002248  00000+0  39223-3 0  9997
2 29934  98.8704 355.9079 0098377  53.4227 307.5978 14.66007862 41396
FENGYUN 1C DEB          
1 29935U 99025JH  26280.12650345  .00000064  00000+0  48561-4 0  9994
2 29935  98.4196 331.0347 0151642  78.0392 309.8534 14.14349955 17607
FENGYUN 1C DEB          
1 29936U 99025JJ  26280.24972783  .00000141  00000+0  60757-4 0  9998
2 29936  98.6856  40.0808 0113977  24.8871 335.7751 14.35554870 32144
FENGYUN 1C DEB          
1 29937U 99025JK  26279.99399281  .00000178  00000+0  13823-3 0  9996
2 29937  98.7845 296.5594 0031026 264.2255 125.3040 14.04408445 11237
FENGYUN 1C DEB          
1 29938U 99025JL  26280.20105503  .00000269  00000+0  18422-3 0  9996
2 29938  98.8276 267.9988 0033207 188.0294 232.9848 14.07594191 12537
FENGYUN 1C DEB          
1 29939U 99025JM  26279.93829235  .00000047  00000+0  48108-4 0  9999
2 29939  98.7231 276.2813 0066483  12.2655  17.4703 14.12141986 16670
FENGYUN 1C DEB          
1 29940U 99025JN  26279.98275015  .00000667  00000+0  32866-3 0  9998
2 29940  98.6194 286.6026 0072802 320.4352 110.3353 14.19440841 16954
FENGYUN 1C DEB          
1 29942U 99025JQ  26280.13894577  .00000834  00000+0  32729-3 0  9993
2 29942  98.6076 348.5401 0050276 119.2812 241.3409 14.31267960 21356
FENGYUN 1C DEB          
1 29943U 99025JR  26279.95558987  .00000093  00000+0  76786-4 0  9993
2 29943  98.7286 283.6557 0036704 103.4918 276.4408 14.09721408 15048
FENGYUN 1C DEB          
1 29944U 99025JS  26279.90201189  .00010584  00000+0  81212-3 0  9993
2 29944  99.0361 261.2512 0152385 359.1509   0.9425 14.93203756 48960
FENGYUN 1C DEB          
1 29945U 99025JT  26280.28692424  .00000307  00000+0  21367-3 0  9990
2 29945  98.7704 299.6530 0030011 241.3810 178.8242 14.05672514 11733
FENGYUN 1C DEB          
1 29946U 99025JU  26279.98596655  .00000345  00000+0  21993-3 0  9992
2 29946  98.8019 269.6642 0079540 221.4407 205.6094 14.08468897 12337
FENGYUN 1C DEB          
1 29947U 99025JV  26280.02055222  .00000349  00000+0  24957-3 0  9997
2 29947  98.8070 306.4646 0039815   9.2116  20.5337 14.03229201  9327
FENGYUN 1C DEB          
1 29948U 99025JW  26279.96624579  .00000291  00000+0  19597-3 0  9996
2 29948  98.8538 264.1431 0085328 116.8832 310.6909 14.06318008 11686
FENGYUN 1C DEB          
1 29949U 99025JX  26280.27736292  .00000056  00000+0  58818-4 0  9998
2 29949  98.7521 291.4921 0024044 181.1033 242.6496 14.06870209 13055
FENGYUN 1C DEB          
1 29950U 99025JY  26280.04951274  .00000016  00000+0  32557-4 0  9992
2 29950  98.7107 307.3220 0034128 116.7930 271.7832 14.10445660 14962
FENGYUN 1C DEB          
1 29953U 99025KB  26279.94369433  .00000328  00000+0  28141-3 0  9991
2 29953  98.9665 261.1668 0105323 172.9597 211.7444 13.91073178    22
FENGYUN 1C DEB          
1 29954U 99025KC  26280.23452062  .00001616  00000+0  56477-3 0  9991
2 29954 100.1292  14.7503 0074446 148.3101 212.2593 14.35420188 24656
FENGYUN 1C DEB          
1 29955U 99025KD  26280.24153611  .00002276  00000+0  73134-3 0  9993
2 29955  99.2728  30.0302 0008018 111.1690 278.9194 14.40463039 23530
FENGYUN 1C DEB          
1 29956U 99025KE  26280.33360021 -.00000157  00000+0 -68548-4 0  9991
2 29956  98.7635 305.0775 0052349 256.9825 169.2746 14.06230377 12425
FENGYUN 1C DEB          
1 29957U 99025KF  26279.97305542  .00009031  00000+0  18770-2 0  9995
2 29957  98.9195  72.4898 0030524 349.3354 137.2550 14.60050369 18037
FENGYUN 1C DEB          
1 29958U 99025KG  26280.25259325  .00000282  00000+0  16629-3 0  9997
2 29958  98.6603 290.8097 0054255 197.5741 162.3557 14.14713221 16650
FENGYUN 1C DEB          
1 29959U 99025KH  26280.07434808  .00000277  00000+0  19312-3 0  9995
2 29959  98.7785 307.0903 0041820 207.7571 175.9154 14.06161529 11331
FENGYUN 1C DEB          
1 29960U 99025KJ  26279.88822652  .00000357  00000+0  19140-3 0  9990
2 29960  98.6443 261.5292 0091700 148.9414 241.5454 14.16837303 16713
FENGYUN 1C DEB          
1 29961U 99025KK  26280.14047852  .00000163  00000+0  84134-4 0  9994
2 29961  98.9145 178.4869 0074720 160.6304 199.7742 14.26425736 25633
FENGYUN 1C DEB          
1 29962U 99025KL  26279.96260141  .00000279  00000+0  18029-3 0  9998
2 29962  98.7693 284.3247 0111179 101.4597 289.7062 14.07323958 11928
FENGYUN 1C DEB          
1 29963U 99025KM  26280.19712924  .00000650  00000+0  26507-3 0  9990
2 29963  98.9685 178.6474 0050834 153.0151 359.9929 14.30214815 24055
FENGYUN 1C DEB          
1 29964U 99025KN  26280.31262427  .00001089  00000+0  66724-3 0  9995
2 29964  98.3641 104.0322 0130545 143.8542 217.1538 14.03481921  5049
FENGYUN 1C DEB          
1 29965U 99025KP  26279.98909414  .00000249  00000+0  19619-3 0  9999
2 29965  98.9825 271.9841 0144592 328.8844  50.4725 13.95914832  4279
FENGYUN 1C DEB          
1 29966U 99025KQ  26280.09612383  .00000401  00000+0  18711-3 0  9992
2 29966  99.4554 156.2104 0038350 216.2317 143.6262 14.26185628 22955
FENGYUN 1C DEB          
1 29967U 99025KR  26279.75929029  .00002033  00000+0  85616-3 0  9993
2 29967  98.8536   3.8872 0076323 152.6239 339.0883 14.25288570 14338
FENGYUN 1C DEB          
1 29968U 99025KS  26279.99365056  .00000230  00000+0  15677-3 0  9991
2 29968  98.8301 267.5618 0088900 234.8886 194.2472 14.07423477 12410
FENGYUN 1C DEB          
1 29969U 99025KT  26280.24413567  .00002214  00000+0  77742-3 0  9998
2 29969  98.7652  13.8701 0041691 247.3222 139.0640 14.35521511 19233
FENGYUN 1C DEB          
1 29970U 99025KU  26280.33149347  .00001130  00000+0  32270-3 0  9995
2 29970  98.8302 224.7390 0090612  16.4029 134.6471 14.44871160 34319
FENGYUN 1C DEB          
1 29971U 99025KV  26280.10356588  .00000903  00000+0  45205-3 0  9997
2 29971  98.6493 318.0466 0022993  32.3556 351.4505 14.19000601 15681
FENGYUN 1C DEB          
1 29972U 99025KW  26280.10310943  .00002974  00000+0  49777-3 0  9991
2 29972  98.9004 323.5961 0061743 166.8718 249.6807 14.69446872 38624
FENGYUN 1C DEB          
1 29973U 99025KX  26279.97766662  .00000525  00000+0  33417-3 0  9992
2 29973  98.8526 279.0106 0059271  33.0429 354.2601 14.07108461  9114
FENGYUN 1C DEB          
1 29974U 99025KY  26280.24115243  .00001566  00000+0  80879-3 0  9998
2 29974  98.8848   8.4487 0044422 311.7434  71.4481 14.16010903 11482
FENGYUN 1C DEB          
1 29975U 99025KZ  26280.15681604  .00000246  00000+0  19528-3 0  9995
2 29975  99.3004 330.7923 0112453 279.6135  98.8210 13.98143684  6039
FENGYUN 1C DEB          
1 29976U 99025LA  26280.23744424  .00000170  00000+0  10885-3 0  9998
2 29976  98.9362 274.8929 0268148 134.0106 293.1707 13.98390523  5082
FENGYUN 1C DEB          
1 29977U 99025LB  26280.06737969  .00000582  00000+0  35173-3 0  9990
2 29977  98.3708 125.0636 0127511 128.5562  22.4718 14.05975373  5429
FENGYUN 1C DEB          
1 29978U 99025LC  26280.14679726  .00000239  00000+0  20180-3 0  9997
2 29978  99.0193 330.0523 0075192 314.3047  66.1929 13.95990120  4781
FENGYUN 1C DEB          
1 29979U 99025LD  26280.05801531  .00000652  00000+0  27080-3 0  9994
2 29979  98.3527 294.8401 0106675   6.7581  56.6675 14.26520910 23260
FENGYUN 1C DEB          
1 29980U 99025LE  26279.96252043  .00000247  00000+0  16787-3 0  9994
2 29980  98.5870  78.3442 0088465 124.0906  32.3408 14.06475813 11818
FENGYUN 1C DEB          
1 29982U 99025LG  26280.19385407  .00001220  00000+0  19909-3 0  9995
2 29982  99.3789 150.3564 0119746  97.8488  27.4182 14.68629206 46629
FENGYUN 1C DEB          
1 29985U 99025LK  26280.04491580  .00000093  00000+0  75706-4 0  9997
2 29985  98.7014 290.6341 0029736  85.1179 341.4884 14.10373998 15538
FENGYUN 1C DEB          
1 29986U 99025LL  26280.21704304  .00002213  00000+0  85545-3 0  9995
2 29986  99.3874  16.3150 0024514 215.0409 175.6926 14.31121838 17487
FENGYUN 1C DEB          
1 29987U 99025LM  26280.21060729  .00002254  00000+0  11171-2 0  9990
2 29987  98.8830 176.5660 0079316 100.6668  50.1154 14.16597296  5941
FENGYUN 1C DEB          
1 29988U 99025LN  26280.26920067  .00005092  00000+0  11040-2 0  9994
2 29988  98.7091  40.3071 0113348 189.6302 200.1681 14.54665133 23995
FENGYUN 1C DEB          
1 29989U 99025LP  26279.95678560  .00000175  00000+0  10196-3 0  9996
2 29989  98.7032 256.3797 0124338  62.0697   8.5243 14.16013143 18272
FENGYUN 1C DEB          
1 29992U 99025LS  26280.24464186  .00000052  00000+0  49841-4 0  9995
2 29992  98.7491 272.6995 0089348  41.1795  24.8097 14.11710022 15993
FENGYUN 1C DEB          
1 29993U 99025LT  26280.05126286 -.00000046  00000+0 -16617-5 0  9992
2 29993  98.7577 313.5574 0039063 190.9982 169.0338 14.08227706 13690
FENGYUN 1C DEB          
1 29994U 99025LU  26280.08791975  .00000552  00000+0  35547-3 0  9990
2 29994  98.7972 307.7897 0130492 101.2119 280.9274 14.02802432  9098
FENGYUN 1C DEB          
1 29996U 99025LW  26280.14529808  .00001722  00000+0  91095-3 0  9993
2 29996  99.2896 332.6011 0128237 335.7169  84.5151 14.11065778  3404
FENGYUN 1C DEB          
1 29997U 99025LX  26280.02463287  .00000862  00000+0  58477-3 0  9990
2 29997  98.8839 287.5003 0078324 218.0271 164.1039 14.01371100  5639
FENGYUN 1C DEB          
1 29998U 99025LY  26280.21714765  .00001198  00000+0  48690-3 0  9991
2 29998  99.2853   5.1668 0005840 172.6229 187.5038 14.29632191 21381
FENGYUN 1C DEB          
1 29999U 99025LZ  26279.92710596  .00000552  00000+0  23250-3 0  9994
2 29999  98.6074 260.9650 0187586 343.9185  42.0342 14.20636183 19560
FENGYUN 1C DEB          
1 30001U 99025MA  26280.22046939  .00004088  00000+0  12372-2 0  9998
2 30001  98.9530  14.2082 0034682 287.7593 101.6879 14.42553647 17237
FENGYUN 1C DEB          
1 30003U 99025MC  26279.92049032  .00000192  00000+0  19133-3 0  9997
2 30003  99.6079 266.8081 0143664  50.5209 340.6377 13.85844942996185
FENGYUN 1C DEB          
1 30004U 99025MD  26280.07812094  .00000756  00000+0  39121-3 0  9997
2 30004  99.2204 117.5097 0037071 220.3612 264.8950 14.17792994 15327
FENGYUN 1C DEB          
1 30005U 99025ME  26279.81282627  .00000986  00000+0  10535-2 0  9993
2 30005  99.3286 229.4077 0346443  59.1780 304.2969 13.52899831969761
FENGYUN 1C DEB          
1 30007U 99025MG  26280.21894314  .00001917  00000+0  78720-3 0  9999
2 30007  99.1694 200.7594 0060742 238.6514 282.6053 14.27325785 16114
FENGYUN 1C DEB          
1 30008U 99025MH  26279.97108006  .00007379  00000+0  11576-2 0  9990
2 30008  99.3842 285.5453 0035883   3.4258  26.7487 14.72580318 34425
FENGYUN 1C DEB          
1 30009U 99025MJ  26280.14873788  .00000727  00000+0  46565-3 0  9995
2 30009  98.9907 337.8910 0062668 219.8702 139.7854 14.05619219  6724
FENGYUN 1C DEB          
1 30010U 99025MK  26280.13904685  .00000100  00000+0  60762-4 0  9998
2 30010  99.0511 127.0637 0074020  72.3729  56.0998 14.25129855 25095
FENGYUN 1C DEB          
1 30012U 99025MM  26280.11735110  .00000131  00000+0  14228-3 0  9992
2 30012  99.4233 340.7004 0136936  71.8587 319.2219 13.85925540996812
FENGYUN 1C DEB          
1 30013U 99025MN  26280.09035341  .00000140  00000+0  14774-3 0  9995
2 30013  99.5551 311.8729 0127034 330.4485 102.4265 13.87987795998200
FENGYUN 1C DEB          
1 30015U 99025MQ  26280.02863374  .00000677  00000+0  27075-3 0  9998
2 30015  99.2186 306.2686 0037021 345.3886  44.3046 14.31604899 24346
FENGYUN 1C DEB          
1 30016U 99025MR  26280.09952154  .00007996  00000+0  92169-3 0  9998
2 30016  98.8832 330.2155 0040965 173.4826 216.9005 14.85395599 38758
FENGYUN 1C DEB          
1 30017U 99025MS  26280.17339004  .00000320  00000+0  56407-4 0  9991
2 30017  98.7144 346.5795 0215099 335.8343  23.2880 14.61758017 48038
FENGYUN 1C DEB          
1 30018U 99025MT  26280.24335325  .00001775  00000+0  24451-3 0  9990
2 30018  98.7574  31.7689 0111248 338.0941  47.6655 14.75582522 48368
FENGYUN 1C DEB          
1 30020U 99025MV  26279.95884679  .00000389  00000+0  23275-3 0  9993
2 30020  98.8530 281.5253 0181765 315.8673  72.2397 14.04903509  8437
FENGYUN 1C DEB          
1 30021U 99025MW  26279.88835247 -.00000156  00000+0 -68453-4 0  9995
2 30021  98.8593 269.0380 0072807 171.4147 262.1256 14.04990006 11196
FENGYUN 1C DEB          
1 30022U 99025MX  26280.17567767  .00000031  00000+0  33211-4 0  9993
2 30022  99.0356 141.8654 0068114 133.1336 342.7349 14.23210699 24353
FENGYUN 1C DEB          
1 30023U 99025MY  26280.12273539  .00000418  00000+0  25079-3 0  9991
2 30023  99.2726 129.2876 0045854 310.6991 169.6569 14.12245780 14073
FENGYUN 1C DEB          
1 30028U 99025ND  26279.96184390  .00001777  00000+0  33453-3 0  9996
2 30028  98.1663 270.7185 0172781  22.9757   3.1314 14.56697486 40626
FENGYUN 1C DEB          
1 30035U 99025NL  26280.29593265  .00000066  00000+0  37746-4 0  9997
2 30035  99.2854 223.2707 0113536 272.4104 251.2072 14.37100485 34124
FENGYUN 1C DEB          
1 30036U 99025NM  26280.05441917  .00001044  00000+0  24069-3 0  9998
2 30036  98.2272 304.2353 0188057  17.9379   3.2537 14.47163574 34873
FENGYUN 1C DEB          
1 30037U 99025NN  26279.91135164  .00000179  00000+0  68661-4 0  9991
2 30037  98.4204 252.4992 0171512 247.1219 137.7932 14.34444074 30626
FENGYUN 1C DEB          
1 30038U 99025NP  26279.96589444  .00000590  00000+0  14089-3 0  9992
2 30038  98.3956 266.5425 0253461 286.1750  93.6026 14.40022316 31830
FENGYUN 1C DEB          
1 30040U 99025NR  26279.99450264  .00002542  00000+0  82394-3 0  9998
2 30040  98.2252 289.0445 0032822 131.7024 258.0791 14.39450906 22023
FENGYUN 1C DEB          
1 30041U 99025NS  26279.85459972  .00000397  00000+0  23498-3 0  9995
2 30041  99.4935  48.8487 0035429 108.8356  51.9492 14.13608660 14956
FENGYUN 1C DEB          
1 30043U 99025NU  26280.22865737  .00000822  00000+0  25093-3 0  9996
2 30043  98.6303  18.1963 0278095 341.8586  17.2822 14.24794076 15872
FENGYUN 1C DEB          
1 30044U 99025NV  26280.22584535  .00004740  00000+0  10672-2 0  9990
2 30044  98.2081 199.5113 0075426 329.2467  30.4321 14.55114835 23732
FENGYUN 1C DEB          
1 30045U 99025NW  26280.09426530  .00001928  00000+0  82943-3 0  9992
2 30045  99.1653 332.9013 0089365 341.3917  48.0623 14.23773647  9328
FENGYUN 1C DEB          
1 30047U 99025NY  26279.99147604  .00000473  00000+0  36646-3 0  9996
2 30047  99.9407 104.5063 0124657 250.3864 264.3772 13.94838434   677
FENGYUN 1C DEB          
1 30048U 99025NZ  26280.11557125  .00000146  00000+0  15485-3 0  9991
2 30048  98.6313 125.6662 0186879 158.6184 328.8791 13.80045446992415
FENGYUN 1C DEB          
1 30050U 99025PB  26280.19002566  .00000486  00000+0  40200-3 0  9996
2 30050  96.8168 164.6849 0167718 258.2524 256.4620 13.85653392993342
FENGYUN 1C DEB          
1 30052U 99025PD  26280.29341615  .00000359  00000+0  31988-3 0  9992
2 30052  99.2753 302.4041 0289084 169.4877 254.1635 13.73270150986529
FENGYUN 1C DEB          
1 30053U 99025PE  26279.91938633  .00003596  00000+0  17036-2 0  9995
2 30053  98.6071  78.3604 0323778 229.2864 289.6854 13.96142419991444
FENGYUN 1C DEB          
1 30054U 99025PF  26280.02640146  .00000248  00000+0  25537-3 0  9996
2 30054  99.3399 309.3136 0275324 309.1693  77.3894 13.70153475984336
FENGYUN 1C DEB          
1 30056U 99025PH  26279.97358952  .00001490  00000+0  11532-2 0  9990
2 30056  98.3511  73.3833 0296783 124.2455 238.7192 13.75239276980732
FENGYUN 1C DEB          
1 30057U 99025PJ  26280.05871972  .00000448  00000+0  51117-3 0  9990
2 30057  98.8606 325.1279 0291035  95.3166 326.4778 13.57691658972830
FENGYUN 1C DEB          
1 30058U 99025PK  26280.25272203  .00000354  00000+0  46778-3 0  9998
2 30058  99.6563 279.9613 0315380 130.8864 299.6103 13.48588523968711
FENGYUN 1C DEB          
1 30059U 99025PL  26279.88397965  .00000078  00000+0  14387-3 0  9993
2 30059  98.8532 245.1776 0325812 266.4235 117.8566 13.45639886968072
FENGYUN 1C DEB          
1 30060U 99025PM  26280.09481509  .00000805  00000+0  10100-2 0  9994
2 30060  99.2900 130.0698 0345994  47.4687 100.5326 13.44454255962514
FENGYUN 1C DEB          
1 30061U 99025PN  26280.32872895  .00001030  00000+0  11806-2 0  9998
2 30061 101.9039  91.1618 0364344 291.9187 188.2902 13.47921579961208
FENGYUN 1C DEB          
1 30062U 99025PP  26279.99692644  .00000231  00000+0  16102-3 0  9999
2 30062  98.7798 285.7123 0047604 288.3545  98.1105 14.07449676 11009
FENGYUN 1C DEB          
1 30063U 99025PQ  26279.86289501  .00000055  00000+0  49283-4 0  9991
2 30063  98.5589 251.2698 0032287   0.7504  28.8328 14.15698291 18847
FENGYUN 1C DEB          
1 30064U 99025PR  26279.96793456  .00000164  00000+0  10597-3 0  9998
2 30064  98.6584 286.9723 0065161 340.0673  49.2980 14.14446602 17219
FENGYUN 1C DEB          
1 30065U 99025PS  26280.30249211  .00000071  00000+0  89831-4 0  9999
2 30065  98.7238 237.6703 0130083 297.0946  61.6991 13.87019100998102
FENGYUN 1C DEB          
1 30066U 99025PT  26279.97216759  .00000131  00000+0  76821-4 0  9994
2 30066  98.6588 268.2950 0118428 121.7052 261.8926 14.19283933 20666
FENGYUN 1C DEB          
1 30067U 99025PU  26280.20989163  .00000488  00000+0  13745-3 0  9999
2 30067  98.7328 179.9111 0149084 203.8611 309.2223 14.44372515 35039
FENGYUN 1C DEB          
1 30068U 99025PV  26280.22029596  .00000092  00000+0  62497-4 0  9997
2 30068  98.7643 266.1182 0188914 219.8608 138.8562 14.12225315 15541
FENGYUN 1C DEB          
1 30069U 99025PW  26279.95112709  .00000391  00000+0  26526-3 0  9999
2 30069  98.8343 258.6428 0048026 297.6230 128.0989 14.05442536 10348
FENGYUN 1C DEB          
1 30070U 99025PX  26280.11632509  .00001893  00000+0  64481-3 0  9996
2 30070  98.2552 321.8276 0324272 179.0959 205.3013 14.11890526   867
FENGYUN 1C DEB          
1 30071U 99025PY  26280.28667584  .00004667  00000+0  10379-2 0  9994
2 30071  98.6661  35.2536 0035391 274.4095 114.9280 14.57100852 25662
FENGYUN 1C DEB          
1 30072U 99025PZ  26279.94900685  .00005156  00000+0  15427-2 0  9991
2 30072  99.0958  91.4989 0054760 114.9827 245.7063 14.42467330 14655
FENGYUN 1C DEB          
1 30073U 99025QA  26279.94039691  .00001554  00000+0  74060-3 0  9999
2 30073  99.4298 276.9633 0052452 158.3667 232.1720 14.20208112 11512
FENGYUN 1C DEB          
1 30074U 99025QB  26279.68679163  .00001313  00000+0  68380-3 0  9996
2 30074  99.1122 356.7246 0093549  33.4499 327.2535 14.14160833  8427
FENGYUN 1C DEB          
1 30075U 99025QC  26280.13980284 -.00000078  00000+0 -24711-4 0  9998
2 30075  99.3205 337.8870 0091691  91.8593 296.2718 13.92623644  2100
FENGYUN 1C DEB          
1 30076U 99025QD  26279.92936826  .00000150  00000+0  17635-3 0  9992
2 30076  99.2680 263.4462 0175781  28.2376   0.2723 13.76468889989961
FENGYUN 1C DEB          
1 30077U 99025QE  26280.27751338  .00000041  00000+0  49437-4 0  9991
2 30077  98.7480 291.4433 0022104 141.3826 281.8959 14.07114249 13105
FENGYUN 1C DEB          
1 30078U 99025QF  26280.16047615  .00002470  00000+0  10593-2 0  9993
2 30078  98.8175   1.2206 0051273 136.4888 253.4567 14.25021566 13610
FENGYUN 1C DEB          
1 30079U 99025QG  26280.09529483  .00000665  00000+0  45810-3 0  9999
2 30079  98.9959 336.5134 0086054 193.4076 196.4218 14.01013115  7159
FENGYUN 1C DEB          
1 30080U 99025QH  26279.94276815  .00000244  00000+0  14781-3 0  9997
2 30080  98.7324 256.7184 0131722 294.1444  85.9943 14.11021845 14430
FENGYUN 1C DEB          
1 30081U 99025QJ  26279.99471567  .00000521  00000+0  38475-3 0  9998
2 30081  98.9407 273.4674 0074646 234.3530 144.8112 13.98530289  5195
FENGYUN 1C DEB          
1 30082U 99025QK  26279.93644341  .00032948  00000+0  91086-3 0  9990
2 30082  98.8387 266.1660 0041633 231.7328 128.0163 15.36086228 58407
FENGYUN 1C DEB          
1 30086U 99025QP  26280.06950412  .00000098  00000+0  87924-4 0  9997
2 30086  98.8789 312.3956 0061465  22.9513   5.1875 14.04103001  8784
FENGYUN 1C DEB          
1 30087U 99025QQ  26280.05935192  .00000395  00000+0  11464-3 0  9990
2 30087  98.3494 308.7864 0226842 309.7482  76.1993 14.36246632 29755
FENGYUN 1C DEB          
1 30088U 99025QR  26279.88327471  .00000685  00000+0  19771-3 0  9996
2 30088  98.3848 260.9178 0201424  76.1613 314.7647 14.36564696 29509
FENGYUN 1C DEB          
1 30089U 99025QS  26280.26605191  .00000344  00000+0  14470-3 0  9992
2 30089  98.8919 197.4918 0074743  60.7474  89.7170 14.30628877 27465
FENGYUN 1C DEB          
1 30090U 99025QT  26280.03318531  .00000274  00000+0  12496-3 0  9996
2 30090  99.4077 121.8725 0056967 338.8066 175.4290 14.29559408 25308
FENGYUN 1C DEB          
1 30092U 99025QV  26280.06874515  .00000650  00000+0  21341-3 0  9997
2 30092  98.9217 116.6952 0083243  88.5970  36.2562 14.39914112 30337
FENGYUN 1C DEB          
1 30093U 99025QW  26280.20628053  .00001238  00000+0  35867-3 0  9999
2 30093  98.8350 172.0610 0067828 164.7086 347.0566 14.45013272 31138
FENGYUN 1C DEB          
1 30095U 99025QY  26279.88689252  .00009553  00000+0  80194-3 0  9992
2 30095  99.2420 254.1647 0144076 109.4175 252.2674 14.90826187 37658
FENGYUN 1C DEB          
1 30096U 99025QZ  26280.24745537  .00000367  00000+0  14896-3 0  9994
2 30096  99.1396  20.2689 0080057  87.5327 273.5017 14.32104027 28140
FENGYUN 1C DEB          
1 30099U 99025RC  26280.15898785  .00000283  00000+0  13288-3 0  9992
2 30099  98.5096 349.4464 0062743  92.4772 297.4015 14.26275657 24387
FENGYUN 1C DEB          
1 30102U 99025RF  26279.94256961  .00000340  00000+0  15479-3 0  9994
2 30102  98.3847 278.1930 0140566 208.5995 181.1553 14.22444014 21965
FENGYUN 1C DEB          
1 30103U 99025RG  26280.25283659  .00000563  00000+0  25439-3 0  9999
2 30103  99.2658 283.0712 0062776 348.3093  75.8292 14.25409217 21718
FENGYUN 1C DEB          
1 30104U 99025RH  26280.10840559  .00000694  00000+0  29757-3 0  9994
2 30104  98.3529 108.5485 0072122 312.1441 175.9162 14.26423267 21435
FENGYUN 1C DEB          
1 30105U 99025RJ  26279.93062536  .00000406  00000+0  16934-3 0  9999
2 30105  98.6229 263.9248 0196569 289.4237  68.5792 14.21889245 19980
FENGYUN 1C DEB          
1 30106U 99025RK  26279.86359691  .00124336  00000+0  46128-2 0  9999
2 30106  98.9102 237.2066 0013595 313.5181  73.4099 15.26979100 30120
FENGYUN 1C DEB          
1 30107U 99025RL  26280.12135778  .00000019  00000+0  29673-4 0  9998
2 30107  98.8057 338.6012 0127894 146.2302 214.7101 14.14537700 17783
FENGYUN 1C DEB          
1 30108U 99025RM  26279.96795799  .00000253  00000+0  12205-3 0  9996
2 30108  98.6896 263.9395 0195539 244.8893 180.7321 14.17536590 18223
FENGYUN 1C DEB          
1 30109U 99025RN  26279.92348514  .00000426  00000+0  19810-3 0  9993
2 30109  98.5308 266.4811 0168495  91.3113 300.1485 14.17987489 17789
FENGYUN 1C DEB          
1 30110U 99025RP  26279.70920132  .00000123  00000+0  18456-3 0  9992
2 30110  98.9104   5.4638 0266764 305.3589  52.2885 13.56355786975547
FENGYUN 1C DEB          
1 30112U 99025RR  26279.97067754  .00000872  00000+0  33491-3 0  9992
2 30112  99.3076 275.4954 0198937 339.7090  19.6260 14.23080365 18226
FENGYUN 1C DEB          
1 30113U 99025RS  26280.17430078  .00003173  00000+0  85238-3 0  9993
2 30113  99.0204 157.2436 0035777 191.0102 320.8817 14.48481728 22230
FENGYUN 1C DEB          
1 30114U 99025RT  26279.94978006  .00000218  00000+0  14420-3 0  9997
2 30114  98.7561 279.1039 0081144 357.0473  32.4060 14.09844319 13568
FENGYUN 1C DEB          
1 30115U 99025RU  26280.03657329  .00001039  00000+0  49056-3 0  9997
2 30115  98.5992 304.4745 0065284 277.4852 110.8475 14.20798101 15635
FENGYUN 1C DEB          
1 30116U 99025RV  26280.27139759  .00002192  00000+0  84734-3 0  9999
2 30116  99.3894  19.7854 0021635 201.8784 182.3059 14.31175229 17715
FENGYUN 1C DEB          
1 30117U 99025RW  26280.21592889  .00000122  00000+0  85998-4 0  9996
2 30117  98.8307 266.5557 0164922  89.6152 335.8619 14.07358174 11872
FENGYUN 1C DEB          
1 30118U 99025RX  26280.00038558  .00000118  00000+0  96992-4 0  9993
2 30118  98.8108 280.1506 0083473 303.6974 116.0372 14.05225727 11184
FENGYUN 1C DEB          
1 30119U 99025RY  26279.89418431  .00001641  00000+0  67148-3 0  9993
2 30119  97.9419 249.6000 0129284 129.3027 259.9617 14.23885917 14020
FENGYUN 1C DEB          
1 30120U 99025RZ  26280.20440785  .00002010  00000+0  78647-3 0  9996
2 30120  98.8434  11.2784 0060875  64.9198 325.7163 14.29635229 16300
FENGYUN 1C DEB          
1 30121U 99025SA  26280.00659991  .00004922  00000+0  14511-2 0  9999
2 30121 102.1610  71.6566 0028563 101.2455  19.3781 14.44099013 18309
FENGYUN 1C DEB          
1 30123U 99025SC  26280.13598985  .00001391  00000+0  44329-3 0  9998
2 30123  96.9167 164.0867 0223203 253.7346 103.9184 14.27736892 15015
FENGYUN 1C DEB          
1 30124U 99025SD  26280.12384082  .00000835  00000+0  41351-3 0  9993
2 30124  99.1049 345.3967 0139993 343.5859  47.1717 14.15165332 11327
FENGYUN 1C DEB          
1 30125U 99025SE  26280.23061593  .00003582  00000+0  86576-3 0  9995
2 30125  98.7296  22.3607 0335954 197.0325 193.4057 14.24677217 11686
FENGYUN 1C DEB          
1 30127U 99025SG  26280.02162860  .00004148  00000+0  12345-2 0  9994
2 30127  98.1894 129.1781 0079896 261.0787  98.1353 14.41802898 15283
FENGYUN 1C DEB          
1 30128U 99025SH  26280.14934038  .00006006  00000+0  13865-2 0  9995
2 30128  96.9890 233.1392 0095146 262.0260 228.2573 14.52754458 16228
FENGYUN 1C DEB          
1 30129U 99025SJ  26280.23679947  .00000342  00000+0  21467-3 0  9996
2 30129  98.0352 192.0436 0183583 321.1216 191.9413 14.01980980  6591
FENGYUN 1C DEB          
1 30131U 99025SL  26280.26157753  .00002607  00000+0  11256-2 0  9998
2 30131  99.0765  25.9360 0077305  24.7108   4.2459 14.23760988  9332
FENGYUN 1C DEB          
1 30132U 99025SM  26279.85574785  .00000464  00000+0  36338-3 0  9998
2 30132  99.6136 250.3234 0104564 328.6298  60.0361 13.95140156  2476
FENGYUN 1C DEB          
1 30133U 99025SN  26279.99093183  .00001120  00000+0  66192-3 0  9993
2 30133  98.3518  68.7899 0084469 130.0778 347.4558 14.07827506  5731
FENGYUN 1C DEB          
1 30134U 99025SP  26280.01220318  .00000477  00000+0  27422-3 0  9998
2 30134  98.6787 295.4660 0019706  57.2920 331.9501 14.13792822 14576
FENGYUN 1C DEB          
1 30136U 99025SR  26277.92461296  .00000265  00000+0  20930-3 0  9990
2 30136  98.5197 154.2532 0128108 326.6470  45.7183 13.95612434  1764
FENGYUN 1C DEB          
1 30138U 99025ST  26280.09076171  .00000954  00000+0  46056-3 0  9990
2 30138  98.7312 335.0538 0019404   2.3843  27.0346 14.20900824 16371
FENGYUN 1C DEB          
1 30139U 99025SU  26279.46650447  .00001456  00000+0  86763-3 0  9991
2 30139  98.3574 104.5757 0129505 165.5724 262.2628 14.04615431  3768
FENGYUN 1C DEB          
1 30140U 99025SV  26277.15785575  .00001274  00000+0  58921-3 0  9991
2 30140  98.8057 344.6356 0041982 181.6509 207.9600 14.22196603 13307
FENGYUN 1C DEB          
1 30141U 99025SW  26280.13560739  .00004774  00000+0  10780-2 0  9995
2 30141  99.0200 230.0435 0013555 216.4164 143.6111 14.56734671 25773
FENGYUN 1C DEB          
1 30142U 99025SX  26280.22593736  .00001802  00000+0  96012-3 0  9991
2 30142  99.1173   5.7812 0102284 191.2117 168.6775 14.12039286  5106
FENGYUN 1C DEB          
1 30143U 99025SY  26279.96281457  .00001147  00000+0  72567-3 0  9996
2 30143  98.7467  96.5765 0101689 175.4766 338.4048 14.03459656  3896
FENGYUN 1C DEB          
1 30144U 99025SZ  26280.22500297  .00000276  00000+0  23354-3 0  9996
2 30144  99.0316 270.0110 0125354 196.7167 229.8712 13.92153425999935
FENGYUN 1C DEB          
1 30145U 99025TA  26280.20335944  .00002607  00000+0  12807-2 0  9990
2 30145  99.2760  46.6670 0085089  29.2650  89.1534 14.16752364  4172
FENGYUN 1C DEB          
1 30146U 99025TB  26279.90365611  .00000351  00000+0  29135-3 0  9997
2 30146  98.0572  42.9864 0177108  14.5506 107.5272 13.87000665995503
FENGYUN 1C DEB          
1 30148U 99025TD  26279.91716222  .00000574  00000+0  47634-3 0  9999
2 30148  99.5812  81.8678 0134507 122.3953  33.9609 13.88953179996553
FENGYUN 1C DEB          
1 30150U 99025TF  26279.63206354  .00000465  00000+0  39986-3 0  9991
2 30150  99.0306  49.8738 0146091 250.6629 121.5085 13.86965726995871
FENGYUN 1C DEB          
1 30151U 99025TG  26279.97762205  .00000413  00000+0  36464-3 0  9992
2 30151  99.0654 282.8506 0161901 196.2770 193.2336 13.84931542993734
FENGYUN 1C DEB          
1 30152U 99025TH  26280.14861092  .00002076  00000+0  13245-2 0  9996
2 30152  99.0774 139.6375 0165242 346.9259  12.7646 13.98225081995469
FENGYUN 1C DEB          
1 30153U 99025TJ  26279.99931723  .00000459  00000+0  43152-3 0  9991
2 30153 100.4658 306.5340 0197832 327.8832  59.3486 13.79328675988867
FENGYUN 1C DEB          
1 30154U 99025TK  26280.03246700  .00001151  00000+0  89340-3 0  9992
2 30154  98.4292 297.7908 0180976  99.2220 292.0008 13.86878492991181
FENGYUN 1C DEB          
1 30155U 99025TL  26280.20846804  .00001915  00000+0  16773-2 0  9990
2 30155  99.7482   5.2180 0233784 292.6777  64.9806 13.75290825979659
FENGYUN 1C DEB          
1 30156U 99025TM  26280.11612593  .00000902  00000+0  76173-3 0  9993
2 30156  98.9361 236.1647 0196050 180.8916 243.0366 13.81736008988103
FENGYUN 1C DEB          
1 30157U 99025TN  26280.25446843  .00003624  00000+0  96954-3 0  9995
2 30157  98.7206  31.0512 0032790  17.5230  12.6056 14.48604075 23858
FENGYUN 1C DEB          
1 30160U 99025TR  26280.27478664  .00000731  00000+0  94074-3 0  9994
2 30160  98.8976 199.4737 0342850  94.8774  53.3719 13.43286098964214
FENGYUN 1C DEB          
1 30161U 99025TS  26279.96529943  .00000742  00000+0  89032-3 0  9996
2 30161 100.5177 289.3335 0325412 256.9536 129.7155 13.50511965965848
FENGYUN 1C DEB          
1 30162U 99025TT  26280.12059700  .00001368  00000+0  15156-2 0  9996
2 30162  99.4676 329.2035 0312403 316.9777  65.7016 13.54470316966990
FENGYUN 1C DEB          
1 30163U 99025TU  26280.21549969  .00000830  00000+0  10728-2 0  9991
2 30163  98.7031 358.6010 0371290 200.0992 183.7528 13.39454729959408
FENGYUN 1C DEB          
1 30167U 99025TY  26280.26013883  .00000614  00000+0  15502-3 0  9997
2 30167  98.9697  28.9626 0141147 340.0166  48.8398 14.49421307 36811
FENGYUN 1C DEB          
1 30168U 99025TZ  26280.07998113  .00003524  00000+0  75950-3 0  9991
2 30168  97.3639 322.5439 0092476 291.4937  67.6422 14.56322263 26412
FENGYUN 1C DEB          
1 30169U 99025UA  26280.16638292  .00004789  00000+0  68952-3 0  9999
2 30169  98.3123 356.9303 0192422  16.6240  13.3191 14.64940513 20787
FENGYUN 1C DEB          
1 30170U 99025UB  26279.91004495  .00000205  00000+0  16179-3 0  9997
2 30170  98.8807 262.8479 0078895 167.1736 223.0244 14.00640920  5850
FENGYUN 1C DEB          
1 30171U 99025UC  26280.11066233  .00000372  00000+0  25343-3 0  9998
2 30171  98.3707 116.8605 0185464 151.3676 209.7826 13.97034364  4280
FENGYUN 1C DEB          
1 30172U 99025UD  26279.98681172  .00001402  00000+0  74606-3 0  9998
2 30172  99.2558 273.9331 0069708  85.5159 297.0121 14.13918616  7306
FENGYUN 1C DEB          
1 30173U 99025UE  26280.16665703  .00001380  00000+0  74375-3 0  9991
2 30173  98.9596 355.9889 0081829 167.4865 222.9372 14.12738492  7560
FENGYUN 1C DEB          
1 30174U 99025UF  26280.01251764  .00045944  00000+0  29071-2 0  9990
2 30174  98.7744 109.2756 0010143 167.5002 343.7689 15.08794158 28251
FENGYUN 1C DEB          
1 30175U 99025UG  26280.14424238  .00000267  00000+0  25720-3 0  9990
2 30175  99.3433 340.0850 0146342 138.7500 250.1157 13.84103797994683
FENGYUN 1C DEB          
1 30177U 99025UJ  26280.26901219  .00001141  00000+0  75265-3 0  9995
2 30177  98.6360 196.3735 0447650  71.5356  87.1408 13.63570252975305
FENGYUN 1C DEB          
1 30178U 99025UK  26280.13318808  .00000967  00000+0  10791-2 0  9995
2 30178 102.2573 232.6516 0277998 166.5934 323.4799 13.59544808972251
FENGYUN 1C DEB          
1 30181U 99025UN  26280.20063464  .00002331  00000+0  89192-3 0  9991
2 30181  98.8361  13.0782 0041663 204.8850 185.2015 14.31166932 17600
FENGYUN 1C DEB          
1 30182U 99025UP  26280.07433301  .00000294  00000+0  23921-3 0  9992
2 30182  99.0245 330.9418 0073670 283.6618 105.1857 13.96567914  4619
FENGYUN 1C DEB          
1 30183U 99025UQ  26280.12810816  .00000529  00000+0  30506-3 0  9997
2 30183  98.7569 321.3263 0027490 125.9678 305.2028 14.13146690 13516
FENGYUN 1C DEB          
1 30191U 99025UY  26280.23356042  .00003492  00000+0  41937-3 0  9996
2 30191  98.7642  23.6595 0090503  38.0796 352.3910 14.81861895 46916
FENGYUN 1C DEB          
1 30193U 99025VA  26280.29382223  .00002134  00000+0  51776-3 0  9998
2 30193  98.7508 205.1551 0104208 312.4882 199.3602 14.50821682 34944
FENGYUN 1C DEB          
1 30196U 99025VD  26280.25933157  .00000030  00000+0  30306-4 0  9995
2 30196  98.6357  13.3900 0084745 272.5409 110.4394 14.25927835 26165
FENGYUN 1C DEB          
1 30197U 99025VE  26279.81619755  .00001295  00000+0  43178-3 0  9995
2 30197  98.9551 222.3343 0058362  57.0782 331.2650 14.38395367 27717
FENGYUN 1C DEB          
1 30198U 99025VF  26280.07513610  .00002343  00000+0  53754-3 0  9995
2 30198  98.4806  58.5228 0101305   6.7892  51.2358 14.53421996 28244
FENGYUN 1C DEB          
1 30199U 99025VG  26280.01358911  .00001388  00000+0  43918-3 0  9990
2 30199  98.3642 301.8751 0078197 132.3294 258.5831 14.39927287 27011
FENGYUN 1C DEB          
1 30200U 99025VH  26280.11417535  .00000160  00000+0  84028-4 0  9997
2 30200  99.0903 129.7676 0146008 326.6130  32.5903 14.22470418 22206
FENGYUN 1C DEB          
1 30201U 99025VJ  26279.95048446  .00000488  00000+0  23573-3 0  9999
2 30201  99.4388  79.8922 0029264 185.9425 174.1408 14.23455583 20583
FENGYUN 1C DEB          
1 30202U 99025VK  26280.30047670  .00005863  00000+0  12961-2 0  9999
2 30202  98.6453  32.6584 0036608 222.8506 136.9837 14.57234582 26286
FENGYUN 1C DEB          
1 30205U 99025VN  26280.27885007  .00000117  00000+0  12499-3 0  9996
2 30205  99.0149  26.2127 0121576  91.7353 295.9611 13.88227711997800
FENGYUN 1C DEB          
1 30206U 99025VP  26279.98026172  .00000620  00000+0  15192-3 0  9995
2 30206  98.2439 277.5756 0142580 201.1292 158.3976 14.50046619 37212
FENGYUN 1C DEB          
1 30207U 99025VQ  26280.20402590  .00000082  00000+0  89613-4 0  9997
2 30207  98.5801   8.1417 0260537  61.2872 330.0100 13.79272606991778
FENGYUN 1C DEB          
1 30208U 99025VR  26279.94925108  .00000530  00000+0  24772-3 0  9994
2 30208  98.5723 278.2746 0034652 120.6119 269.9315 14.24072891 20729
FENGYUN 1C DEB          
1 30209U 99025VS  26279.95574465  .00000185  00000+0  12047-3 0  9990
2 30209  98.7297 274.1720 0040393 109.0478 280.6667 14.13196247 14197
FENGYUN 1C DEB          
1 30210U 99025VT  26280.12621697  .00000358  00000+0  23122-3 0  9991
2 30210  99.1583 339.9170 0055638  25.6039   3.9589 14.08774903  9586
FENGYUN 1C DEB          
1 30212U 99025VV  26280.13030119 -.00000072  00000+0 -17837-4 0  9999
2 30212  99.4181 158.5514 0097106 147.3505 213.3710 13.97320482  3929
FENGYUN 1C DEB          
1 30213U 99025VW  26280.18085740  .00001419  00000+0  76783-3 0  9993
2 30213  99.1118   6.6794 0070591 127.0657 263.5463 14.12955298  7284
FENGYUN 1C DEB          
1 30214U 99025VX  26280.17012873  .00002130  00000+0  79476-3 0  9993
2 30214  98.7082 359.6233 0021122 239.2923 150.6293 14.32861369 17721
FENGYUN 1C DEB          
1 30217U 99025WA  26279.91639302  .00000367  00000+0  15847-3 0  9990
2 30217  98.4639 257.7021 0138081 307.2828  51.5827 14.25215815 23185
FENGYUN 1C DEB          
1 30218U 99025WB  26278.76110056  .00003396  00000+0  12556-2 0  9991
2 30218  98.9862  22.8519 0068412 113.0287  39.9523 14.31762027 13534
FENGYUN 1C DEB          
1 30221U 99025WE  26280.24992168  .00000637  00000+0  17053-3 0  9996
2 30221  98.9602  29.6049 0143062 229.5889 129.2748 14.46364301 37165
FENGYUN 1C DEB          
1 30222U 99025WF  26280.06552082 -.00000109  00000+0 -41065-4 0  9991
2 30222  98.8089 309.8875 0036219 281.8672 104.4650 14.04158530 10268
FENGYUN 1C DEB          
1 30224U 99025WH  26280.11100632  .00000195  00000+0  18658-3 0  9993
2 30224  99.4481 329.0039 0110564 263.7611 152.7246 13.90080998998861
FENGYUN 1C DEB          
1 30225U 99025WJ  26280.04940743  .00000142  00000+0  90689-4 0  9998
2 30225  98.6346 302.8013 0098389 311.7546  73.3962 14.15359240 17519
FENGYUN 1C DEB          
1 30229U 99025WN  26280.25281914  .00004736  00000+0  89038-3 0  9991
2 30229  99.0444  13.5737 0035880 205.6837 178.9560 14.64782787 32813
FENGYUN 1C DEB          
1 30231U 99025WQ  26280.08525323  .00000592  00000+0  32065-3 0  9994
2 30231  98.7688 323.9030 0126416 261.9513 126.0114 14.12253744 12296
FENGYUN 1C DEB          
1 30232U 99025WR  26280.15066428  .00001425  00000+0  24057-3 0  9997
2 30232  98.6642 141.8450 0131787 143.3940 341.2369 14.65628183 41176
FENGYUN 1C DEB          
1 30234U 99025WT  26279.97536709  .00000333  00000+0  18260-3 0  9997
2 30234  98.6307 287.0669 0064816 298.3745 126.1937 14.17210330 16781
FENGYUN 1C DEB          
1 30235U 99025WU  26280.05926065  .00000511  00000+0  28473-3 0  9992
2 30235  98.7352 294.4305 0154754 115.0223 312.7222 14.09138669 10935
FENGYUN 1C DEB          
1 30237U 99025WW  26280.30630196  .00003542  00000+0  10374-2 0  9996
2 30237  98.8351  38.7081 0015215 142.4452 245.5039 14.44506529 20015
FENGYUN 1C DEB          
1 30239U 99025WY  26278.36760036  .00015310  00000+0  31089-1 0  9999
2 30239  99.5321 334.2539 1420683 228.9469 118.0026 11.43267160579191
FENGYUN 1C DEB          
1 30241U 99025XA  26280.29508286  .00000244  00000+0  15023-3 0  9996
2 30241  99.1904  63.7501 0145040 327.1707 149.3986 14.09828049 11194
FENGYUN 1C DEB          
1 30242U 99025XB  26280.03788171  .00000601  00000+0  31326-3 0  9993
2 30242  98.6539 312.1174 0009678 272.3508 117.4652 14.18213759 16519
FENGYUN 1C DEB          
1 30243U 99025XC  26280.03705551  .00000369  00000+0  21909-3 0  9992
2 30243  98.6889 287.8654 0011969 355.3605  72.8689 14.13377566 14856
FENGYUN 1C DEB          
1 30244U 99025XD  26280.22940481  .00000368  00000+0  21259-3 0  9994
2 30244  99.1141 181.8502 0009002 182.2847 329.2035 14.15369026 15656
FENGYUN 1C DEB          
1 30245U 99025XE  26279.85833961  .00000674  00000+0  60260-3 0  9991
2 30245  98.9140 254.8196 0191114 171.7794 188.6568 13.79727405988041
FENGYUN 1C DEB          
1 30246U 99025XF  26279.86777838  .00000024  00000+0  73534-4 0  9991
2 30246  98.7082  25.6348 0370445  71.0611  44.7317 13.37164744961246
FENGYUN 1C DEB          
1 30247U 99025XG  26280.26465843  .00006246  00000+0  89172-3 0  9994
2 30247  98.2636 193.8439 0169976 134.9333  16.0819 14.67593831 16507
FENGYUN 1C DEB          
1 30248U 99025XH  26280.07284406  .00009246  00000+0  15813-2 0  9991
2 30248  99.0846 140.4418 0026848 323.1072  36.8282 14.68882997 17541
FENGYUN 1C DEB          
1 30249U 99025XJ  26280.11467977  .00008028  00000+0  14624-2 0  9999
2 30249  98.9616 114.9108 0021376 212.2206 273.0747 14.66207632 19149
FENGYUN 1C DEB          
1 30250U 99025XK  26279.90217354  .00000697  00000+0  47610-3 0  9994
2 30250  98.7736 265.1837 0066831 112.3308 278.1813 14.01903310  6699
FENGYUN 1C DEB          
1 30251U 99025XL  26280.18629593  .00000547  00000+0  22785-3 0  9999
2 30251  99.0222 134.7312 0050767 183.6979 302.7568 14.29890121 24066
FENGYUN 1C DEB          
1 30252U 99025XM  26280.03464009  .00000457  00000+0  27656-3 0  9995
2 30252  98.7338 291.5016 0067427 116.9977 266.4281 14.10113451 11677
FENGYUN 1C DEB          
1 30253U 99025XN  26280.15326929  .00001354  00000+0  12483-2 0  9995
2 30253  98.7335 347.9413 0219343 324.5373  62.1475 13.74022740981115
FENGYUN 1C DEB          
1 30257U 99025XS  26279.92332796  .00000191  00000+0  13122-3 0  9991
2 30257  98.7642 275.4650 0058204 336.9011  51.9115 14.09861340 14166
FENGYUN 1C DEB          
1 30259U 99025XU  26280.21644505  .00000904  00000+0  16146-3 0  9992
2 30259  98.7233 149.5900 0241286  82.2611  34.1668 14.52438392 38059
FENGYUN 1C DEB          
1 30263U 99025XY  26279.78017649  .00001686  00000+0  10268-2 0  9996
2 30263  98.9507  34.3183 0144397 251.6979 265.2584 14.02482553  1909
FENGYUN 1C DEB          
1 30264U 99025XZ  26280.12393573  .00000763  00000+0  44558-3 0  9995
2 30264  98.9475 338.1105 0106919 171.4267 219.0975 14.08589780  7576
FENGYUN 1C DEB          
1 30265U 99025YA  26278.18215369  .00009044  00000+0  17024-2 0  9993
2 30265  98.6783  46.7398 0026897 176.8824 306.0236 14.64595790 27340
FENGYUN 1C DEB          
1 30266U 99025YB  26280.19618539  .00001369  00000+0  68959-3 0  9990
2 30266  99.0241 353.4568 0080990 298.9631  85.0547 14.16433030 10142
FENGYUN 1C DEB          
1 30267U 99025YC  26280.14710680  .00001620  00000+0  69596-3 0  9994
2 30267  98.8345 358.2242 0058541 103.3989 257.3725 14.25205943 15427
FENGYUN 1C DEB          
1 30270U 99025YF  26279.96704954  .00000140  00000+0  10081-3 0  9994
2 30270  98.6950 289.4430 0007868  45.9543 343.8828 14.11385918 15676
FENGYUN 1C DEB          
1 30272U 99025YH  26280.12579173  .00001281  00000+0  66650-3 0  9999
2 30272  98.8828 351.8950 0047879 335.5683  24.3222 14.15872508 10768
FENGYUN 1C DEB          
1 30273U 99025YJ  26280.00276887  .00000178  00000+0  13912-3 0  9990
2 30273  98.8313 290.7893 0061736 136.7362 252.1662 14.03104431  7123
FENGYUN 1C DEB          
1 30274U 99025YK  26280.17025758  .00004661  00000+0  10559-2 0  9992
2 30274  99.3188  87.3324 0001977  30.3766  30.2903 14.56671029 25489
FENGYUN 1C DEB          
1 30275U 99025YL  26280.22410521  .00003401  00000+0  90409-3 0  9999
2 30275  98.6215  15.1105 0035204   6.4288  59.4947 14.48888059 23890
FENGYUN 1C DEB          
1 30276U 99025YM  26280.15480840  .00001453  00000+0  59553-3 0  9993
2 30276  98.8433   0.6026 0023290 298.6775  61.2064 14.28593938 17671
FENGYUN 1C DEB          
1 30277U 99025YN  26279.93032606  .00001025  00000+0  51741-3 0  9997
2 30277  98.9519 356.5180 0121323  53.8519   0.9329 14.14704872 10016
FENGYUN 1C DEB          
1 30279U 99025YQ  26279.87914774  .00000901  00000+0  32671-3 0  9990
2 30279  99.1773 232.2281 0215922 299.9575 127.7999 14.24097788 18537
FENGYUN 1C DEB          
1 30280U 99025YR  26279.93183328  .00000065  00000+0  72620-4 0  9992
2 30280  98.8011 261.9170 0079823 221.6161 164.8932 13.98556277  5423
FENGYUN 1C DEB          
1 30281U 99025YS  26280.23931896  .00000140  00000+0  10226-3 0  9996
2 30281  98.7821 267.8100 0029658 111.5520 316.6285 14.10676351 14303
FENGYUN 1C DEB          
1 30282U 99025YT  26279.95183750  .00000202  00000+0  10669-3 0  9992
2 30282  98.5139 273.7530 0208599 226.3341 161.5678 14.13289350 15627
FENGYUN 1C DEB          
1 30283U 99025YU  26280.26319543  .00000143  00000+0  10653-3 0  9997
2 30283  98.8882 271.2914 0182018 291.8839 136.6455 14.02110971  8753
FENGYUN 1C DEB          
1 30284U 99025YV  26280.16536206  .00001963  00000+0  76487-3 0  9992
2 30284  98.7024 353.6540 0034620 314.3206  74.9225 14.30552594 17341
FENGYUN 1C DEB          
1 30286U 99025YX  26279.98717976  .00000070  00000+0  59473-4 0  9992
2 30286  98.6966 280.6492 0063972   4.8217  21.3574 14.12819825 16689
FENGYUN 1C DEB          
1 30287U 99025YY  26279.97385652  .00000828  00000+0  55308-3 0  9997
2 30287  98.6174 288.7963 0410265 298.7286 123.5280 13.69370670979390
FENGYUN 1C DEB          
1 30288U 99025YZ  26280.28213412  .00002714  00000+0  96646-3 0  9994
2 30288  99.3957  32.4144 0022583 185.3803 203.3141 14.35065981 18444
FENGYUN 1C DEB          
1 30289U 99025ZA  26280.26407525  .00002673  00000+0  10795-2 0  9997
2 30289  98.9296  27.9307 0037999 185.6392 204.1588 14.28379024 13323
FENGYUN 1C DEB          
1 30290U 99025ZB  26279.76255872  .00047106  00000+0  37465-2 0  9991
2 30290 102.6043 200.8270 0009769 328.7920  94.3722 15.00204528 23091
FENGYUN 1C DEB          
1 30291U 99025ZC  26280.08571206  .00005743  00000+0  10981-2 0  9996
2 30291  97.2111 135.1511 0099357 145.7536   5.4636 14.61041594 20437
FENGYUN 1C DEB          
1 30293U 99025ZE  26280.13373448  .00001324  00000+0  34173-3 0  9993
2 30293  99.2308 144.8501 0074031 308.2160 207.6793 14.50358003 32994
FENGYUN 1C DEB          
1 30294U 99025ZF  26279.93797752  .00000351  00000+0  11094-3 0  9994
2 30294  98.3823 264.4330 0197445 138.9493 250.4589 14.35489766 28132
FENGYUN 1C DEB          
1 30295U 99025ZG  26280.02422483  .00000166  00000+0  85205-4 0  9993
2 30295  98.4885 298.1521 0092019 290.4556  98.0012 14.25256107 24181
FENGYUN 1C DEB          
1 30297U 99025ZJ  26279.83308453  .00011335  00000+0  23186-2 0  9990
2 30297  98.8354 238.8291 0358977 330.6800  56.1450 14.27493817993987
FENGYUN 1C DEB          
1 30298U 99025ZK  26280.24172303  .00001911  00000+0  87772-3 0  9992
2 30298  99.0010  21.7142 0044374 352.6593  36.7483 14.21957979 10674
FENGYUN 1C DEB          
1 30299U 99025ZL  26280.16138697  .00001565  00000+0  88428-3 0  9996
2 30299  99.0794 359.5632 0103124 252.5227 136.3322 14.09075443  4733
FENGYUN 1C DEB          
1 30300U 99025ZM  26278.79416689  .00003558  00000+0  13683-2 0  9999
2 30300  99.0309   3.5179 0073527 157.6716 332.4017 14.29562830 11956
FENGYUN 1C DEB          
1 30301U 99025ZN  26280.19451650  .00009053  00000+0  17372-2 0  9999
2 30301  98.6448  88.0961 0057187  92.3480 322.9979 14.62903299 15680
FENGYUN 1C DEB          
1 30302U 99025ZP  26277.45442374  .00002382  00000+0  11811-2 0  9998
2 30302  98.5428 177.5716 0107097 351.6964   8.2435 14.15167717  2170
FENGYUN 1C DEB          
1 30303U 99025ZQ  26278.71203997  .00003591  00000+0  14025-2 0  9998
2 30303  99.0110  10.2106 0075797 146.3110 214.2922 14.28671692 11934
FENGYUN 1C DEB          
1 30304U 99025ZR  26276.16835146  .00001232  00000+0  62362-3 0  9991
2 30304  99.0178 357.4818 0071702 291.5704  67.7840 14.16746399  9806
FENGYUN 1C DEB          
1 30305U 99025ZS  26280.03135664  .00000158  00000+0  20447-3 0  9995
2 30305  98.5930 189.2675 0265632  40.3526  74.0447 13.60357440978293
FENGYUN 1C DEB          
1 30306U 99025ZT  26280.09227502  .00001454  00000+0  54824-3 0  9991
2 30306  98.5633 321.2703 0111675 200.8165 158.8451 14.29508226 19303
FENGYUN 1C DEB          
1 30309U 99025ZW  26280.12873037  .00000061  00000+0  76512-4 0  9990
2 30309  99.1884 340.9627 0093966 101.8172 259.3546 13.93710198  1883
FENGYUN 1C DEB          
1 30310U 99025ZX  26279.99169912  .00000490  00000+0  23751-3 0  9997
2 30310  98.6509 293.1457 0238338 231.3252 126.6382 14.09073310  9300
FENGYUN 1C DEB          
1 30311U 99025ZY  26280.21757683  .00000167  00000+0  18710-3 0  9993
2 30311  99.1355   9.8001 0165662 125.4700 236.2040 13.78098529990710
FENGYUN 1C DEB          
1 30312U 99025ZZ  26280.23949363  .00004491  00000+0  11693-2 0  9990
2 30312  98.8596  18.8991 0009100  42.8269 346.6228 14.50077358 22402
FENGYUN 1C DEB          
1 30313U 99025AAA 26280.24317154  .00002612  00000+0  10591-2 0  9998
2 30313  98.8699  15.4115 0057793 190.3442 197.2710 14.27660118 13425
FENGYUN 1C DEB          
1 30314U 99025AAB 26278.26436972  .00001375  00000+0  84624-3 0  9992
2 30314  98.4013  90.6888 0142457 239.9041 118.7939 14.02163350  2395
FENGYUN 1C DEB          
1 30315U 99025AAC 26280.02055755  .00000335  00000+0  17840-3 0  9997
2 30315  98.6006 285.8401 0034402 216.0930 210.9860 14.19410879 19386
FENGYUN 1C DEB          
1 30316U 99025AAD 26280.28936677  .00006186  00000+0  12490-2 0  9992
2 30316  98.6581  40.1158 0034472 199.3538 160.6355 14.61418438 26902
FENGYUN 1C DEB          
1 30317U 99025AAE 26280.25560024  .00000000  00000+0  25288-4 0  9999
2 30317  98.7985 277.5083 0025549 154.3366 205.9077 14.07074683 12088
FENGYUN 1C DEB          
1 30320U 99025AAH 26280.16996267  .00000106  00000+0  10144-3 0  9996
2 30320  99.1492 344.3968 0086040 195.5193 189.5756 13.98696643  5687
FENGYUN 1C DEB          
1 30321U 99025AAJ 26279.93724140  .00000311  00000+0  17258-3 0  9990
2 30321  98.6695 276.2021 0061700 101.0622 289.5856 14.16960944 17678
FENGYUN 1C DEB          
1 30322U 99025AAK 26279.52770029  .00000804  00000+0  46936-3 0  9995
2 30322  98.3725 120.7239 0125539 124.8436 236.4616 14.07049838  3839
FENGYUN 1C DEB          
1 30325U 99025AAL 26280.26715727  .00000151  00000+0  11108-3 0  9993
2 30325  98.7176 295.1951 0017103 127.6149 232.6577 14.09190732 12097
FENGYUN 1C DEB          
1 30326U 99025AAM 26280.16804437  .00000091  00000+0  10669-3 0  9994
2 30326  98.6109 149.2106 0140796 296.7643  61.9167 13.85580386995882
FENGYUN 1C DEB          
1 30327U 99025AAN 26280.13918647  .00002601  00000+0  11581-2 0  9993
2 30327  98.4251 165.3007 0117748 358.6183 159.8263 14.20024902  6756
FENGYUN 1C DEB          
1 30328U 99025AAP 26279.99046042  .00000098  00000+0  76107-4 0  9992
2 30328  98.6845 286.0117 0006080  42.5000 345.7163 14.12604216 14694
FENGYUN 1C DEB          
1 30329U 99025AAQ 26280.25103470  .00000233  00000+0  22022-3 0  9990
2 30329  99.2634 201.8814 0141012 315.4550 199.5120 13.86988385995489
FENGYUN 1C DEB          
1 30330U 99025AAR 26279.92102841  .00000993  00000+0  82614-3 0  9991
2 30330  98.9075 260.9428 0187521 101.0553 290.5835 13.82936412987789
FENGYUN 1C DEB          
1 30331U 99025AAS 26280.02100478  .00000583  00000+0  42437-3 0  9993
2 30331  98.9250 311.8741 0095020 264.2894 123.9965 13.98113189  2822
FENGYUN 1C DEB          
1 30332U 99025AAT 26279.93727962  .00000259  00000+0  27539-3 0  9991
2 30332  99.7503 263.4310 0177736  48.7285 338.6951 13.76972505988195
FENGYUN 1C DEB          
1 30334U 99025AAV 26280.23152264  .00001331  00000+0  96474-3 0  9991
2 30334  99.0231  17.3337 0143091 246.2049 141.8180 13.93475691993774
FENGYUN 1C DEB          
1 30335U 99025AAW 26279.89581073  .00000212  00000+0  15573-3 0  9994
2 30335  98.9312 269.3845 0136475  23.8483 359.9228 14.01527559  7643
FENGYUN 1C DEB          
1 30336U 99025AAX 26280.01099184  .00000358  00000+0  18809-3 0  9994
2 30336  98.5829 297.0631 0042528 224.5541 164.5967 14.19675189 18312
FENGYUN 1C DEB          
1 30338U 99025AAZ 26280.13549368  .00002126  00000+0  35939-3 0  9991
2 30338  98.4317 355.4389 0262076   4.8122  56.6008 14.50356549 24674
FENGYUN 1C DEB          
1 30339U 99025ABA 26280.29060638  .00003586  00000+0  11050-2 0  9995
2 30339  98.9778  46.1296 0020487 270.1172 119.8564 14.41985272 17226
FENGYUN 1C DEB          
1 30340U 99025ABB 26280.14689447 -.00000058  00000+0 -79470-5 0  9992
2 30340  98.9607 338.7469 0145583  23.7430   2.6844 14.04713001  9707
FENGYUN 1C DEB          
1 30341U 99025ABC 26280.24776714  .00003952  00000+0  13098-2 0  9993
2 30341  99.2100 193.9309 0045875 275.1210 237.0402 14.37878741 13669
FENGYUN 1C DEB          
1 30342U 99025ABD 26280.07365824  .00000428  00000+0  41025-3 0  9998
2 30342 100.1854 127.7091 0168651  75.6611  73.9068 13.80399429990046
FENGYUN 1C DEB          
1 30344U 99025ABF 26280.26370510  .00005104  00000+0  11503-2 0  9992
2 30344  98.8163  23.3489 0005640 276.7724 111.0220 14.56818617 24178
FENGYUN 1C DEB          
1 30345U 99025ABG 26280.19987768  .00003399  00000+0  98935-3 0  9993
2 30345  98.9056 358.3433 0016494  85.0828 275.2244 14.44836025 20801
FENGYUN 1C DEB          
1 30346U 99025ABH 26279.83668773  .00003686  00000+0  12429-2 0  9997
2 30346  98.8120  27.7785 0054784 222.9313 262.2215 14.36766085 16892
FENGYUN 1C DEB          
1 30347U 99025ABJ 26279.92494720  .00000106  00000+0  10278-3 0  9992
2 30347  98.4019  81.0199 0148793 284.3531 230.7886 13.92902436  1123
FENGYUN 1C DEB          
1 30348U 99025ABK 26280.23523632  .00003004  00000+0  10110-2 0  9998
2 30348  98.8664  28.6312 0020072 210.1428 179.1005 14.37753117 18160
FENGYUN 1C DEB          
1 30349U 99025ABL 26279.82200017  .00001523  00000+0  81356-3 0  9996
2 30349  98.6043 235.0339 0084338 242.0779 148.4123 14.12875129  4325
FENGYUN 1C DEB          
1 30350U 99025ABM 26279.88685338  .00000672  00000+0  53613-3 0  9996
2 30350  98.1265  62.4448 0218610 206.1379 307.8076 13.83341376991030
FENGYUN 1C DEB          
1 30352U 99025ABP 26280.00896289  .00000090  00000+0  78093-4 0  9997
2 30352  98.7464 296.9617 0028207 194.8090 194.6459 14.07762853 10993
FENGYUN 1C DEB          
1 30355U 99025ABS 26279.98507428  .00000720  00000+0  35670-3 0  9992
2 30355  98.5949 280.3188 0053384 166.5577 220.3915 14.19523967 15692
FENGYUN 1C DEB          
1 30356U 99025ABT 26279.98180965  .00000640  00000+0  35631-3 0  9994
2 30356  98.6996 271.7309 0052772 157.1574 270.1979 14.13702428 12176
FENGYUN 1C DEB          
1 30357U 99025ABU 26280.01462029  .00000219  00000+0  15973-3 0  9994
2 30357  98.7801 303.2517 0048861 211.4001 178.3739 14.05379930  9918
FENGYUN 1C DEB          
1 30358U 99025ABV 26280.00017345  .00001630  00000+0  72699-3 0  9997
2 30358  98.5561 105.0955 0082365  53.5823  98.9315 14.22287683 11527
FENGYUN 1C DEB          
1 30359U 99025ABW 26280.18650363  .00002396  00000+0  16550-2 0  9993
2 30359 101.6156 187.6325 0144529 321.4733  37.6172 13.95676821992309
FENGYUN 1C DEB          
1 30360U 99025ABX 26280.14629875  .00001731  00000+0  71078-3 0  9994
2 30360  98.7468 355.1575 0027460 358.6224  30.7405 14.28156473 16564
FENGYUN 1C DEB          
1 30361U 99025ABY 26279.59238362  .00001172  00000+0  49433-3 0  9998
2 30361  98.5444 313.5204 0063882 239.3196 120.1678 14.26431720 18629
FENGYUN 1C DEB          
1 30362U 99025ABZ 26280.27578235  .00002295  00000+0  11905-2 0  9991
2 30362  99.0513 211.3735 0088466 222.8070 136.6191 14.13829229  3829
FENGYUN 1C DEB          
1 30363U 99025ACA 26279.50372831  .00001414  00000+0  68791-3 0  9998
2 30363  99.0155   0.2670 0076780 270.6515  88.5862 14.18365856 10268
FENGYUN 1C DEB          
1 30364U 99025ACB 26280.19953010  .00002116  00000+0  60058-3 0  9998
2 30364  98.1221 177.7242 0319147 165.3600 347.0312 14.20550212998746
FENGYUN 1C DEB          
1 30365U 99025ACC 26279.94471991  .00000324  00000+0  15235-3 0  9999
2 30365  98.6386 271.7961 0166087 331.1732  56.5946 14.19539561 18244
FENGYUN 1C DEB          
1 30366U 99025ACD 26280.28610583  .00000826  00000+0  30430-3 0  9992
2 30366  98.9307 212.2863 0063510  65.4123  86.8397 14.34211237 26025
FENGYUN 1C DEB          
1 30368U 99025ACF 26280.22355992  .00000271  00000+0  28827-3 0  9999
2 30368  99.1992  20.6123 0185393 240.5160 147.8449 13.75547301987650
FENGYUN 1C DEB          
1 30369U 99025ACG 26279.93720264  .00000211  00000+0  13137-3 0  9996
2 30369  98.7374 274.5364 0100339  68.4372 322.3055 14.12268143 14566
FENGYUN 1C DEB          
1 30370U 99025ACH 26280.11053689  .00001294  00000+0  59488-3 0  9991
2 30370  99.0331 347.5014 0100929 185.9086 236.7246 14.20329831 13289
FENGYUN 1C DEB          
1 30371U 99025ACJ 26280.09962515  .00001399  00000+0  54345-3 0  9999
2 30371  98.5497 323.6477 0008523 165.1419 222.4991 14.31442854 21687
FENGYUN 1C DEB          
1 30374U 99025ACM 26280.23327912  .00004580  00000+0  85323-3 0  9999
2 30374  99.2484 185.3322 0039053 343.6680 167.8582 14.65158359 32873
FENGYUN 1C DEB          
1 30377U 99025ACQ 26280.28173704  .00000641  00000+0  44127-3 0  9996
2 30377  98.8800 295.9718 0118248 159.1127 264.4011 13.99460939  3831
FENGYUN 1C DEB          
1 30379U 99025ACS 26280.01148545  .00000142  00000+0  10748-3 0  9992
2 30379  98.7494 290.8203 0036781 155.8021 231.4868 14.08295609 10081
FENGYUN 1C DEB          
1 30380U 99025ACT 26280.16016717  .00000521  00000+0  11920-3 0  9999
2 30380  98.8751 349.8768 0176420  38.1987 323.1556 14.51313395 38927
FENGYUN 1C DEB          
1 30381U 99025ACU 26276.05231510  .00000898  00000+0  49006-3 0  9996
2 30381  98.7898 311.2986 0053046 318.6812  41.0353 14.13928863963248
FENGYUN 1C DEB          
1 30382U 99025ACV 26280.09044519  .00001015  00000+0  38937-3 0  9990
2 30382  98.4717 314.1455 0153026 202.3210 182.0122 14.26410301 17842
FENGYUN 1C DEB          
1 30385U 99025ACY 26280.09475951  .00000387  00000+0  12921-3 0  9997
2 30385  99.0521 322.8152 0125677 131.7161 257.5980 14.39231692 30580
FENGYUN 1C DEB          
1 30386U 99025ACZ 26280.12131644  .00001064  00000+0  11573-2 0  9994
2 30386  98.6680 145.4602 0303902 101.5647  48.0179 13.56394429968730
FENGYUN 1C DEB          
1 30387U 99025ADA 26280.28030186  .00000313  00000+0  18277-3 0  9996
2 30387  98.6472 291.3965 0001105  77.5297 346.2698 14.15336417 15478
FENGYUN 1C DEB          
1 30388U 99025ADB 26280.02880564  .00000512  00000+0  20586-3 0  9999
2 30388  98.5816 297.3292 0218396 279.2972 105.3161 14.20423075 16622
FENGYUN 1C DEB          
1 30389U 99025ADC 26280.22636594  .00003646  00000+0  99497-3 0  9992
2 30389  98.8323  18.9034 0011543  58.0356 332.2792 14.47928095 20991
FENGYUN 1C DEB          
1 30390U 99025ADD 26280.24820466  .00001923  00000+0  71945-3 0  9993
2 30390  98.8152  12.7222 0064365  12.6627  14.2886 14.31824837 16539
FENGYUN 1C DEB          
1 30391U 99025ADE 26280.12538830  .00001081  00000+0  54234-3 0  9999
2 30391  98.7561 326.8540 0072252 128.9235 256.3191 14.17290705 10925
FENGYUN 1C DEB          
1 30392U 99025ADF 26279.98548646  .00000658  00000+0  35620-3 0  9995
2 30392  98.7705 295.4293 0178942 235.5200 153.1067 14.08028704  8596
FENGYUN 1C DEB          
1 30393U 99025ADG 26280.11353859  .00000485  00000+0  35804-3 0  9995
2 30393  99.1247 342.2090 0071200 159.4313 231.0223 13.99084425  4976
FENGYUN 1C DEB          
1 30394U 99025ADH 26280.07291186  .00000052  00000+0  69873-4 0  9999
2 30394  99.4024 319.9600 0089036  13.9003  15.2349 13.95974486  2663
FENGYUN 1C DEB          
1 30395U 99025ADJ 26279.97996176  .00000532  00000+0  37116-3 0  9995
2 30395  98.9206 291.9023 0158354 283.9359 136.8071 13.97052777  1822
FENGYUN 1C DEB          
1 30396U 99025ADK 26279.90576638  .00000086  00000+0  96903-4 0  9990
2 30396  98.2465 254.4316 0134711  25.6726   2.6995 13.87251968997137
FENGYUN 1C DEB          
1 30397U 99025ADL 26279.84309666  .00000710  00000+0  46811-3 0  9995
2 30397  98.4369  49.1881 0147711 335.5889 176.7263 13.99538777999330
FENGYUN 1C DEB          
1 30398U 99025ADM 26279.68863505  .00000197  00000+0  21466-3 0  9993
2 30398  99.6940 188.3067 0171922 238.8192 149.8208 13.78949287988634
FENGYUN 1C DEB          
1 30400U 99025ADP 26280.33448480  .00001741  00000+0  77235-3 0  9993
2 30400  99.1619 219.3252 0215521 217.8826 295.8616 14.12826060997279
FENGYUN 1C DEB          
1 30401U 99025ADQ 26280.16304469  .00000196  00000+0  91878-4 0  9996
2 30401  98.9059 168.7812 0106812 342.7418  17.0142 14.28200647 25646
FENGYUN 1C DEB          
1 30403U 99025ADS 26280.18475521  .00002528  00000+0  10957-2 0  9996
2 30403  99.0525  11.8741 0074503 246.0549 113.2813 14.23728196 10501
FENGYUN 1C DEB          
1 30404U 99025ADT 26277.17875018  .00000486  00000+0  69298-3 0  9991
2 30404  99.8260   2.9502 0382366 143.8170 218.9483 13.34756646619777
FENGYUN 1C DEB          
1 30405U 99025ADU 26280.25596090  .00001838  00000+0  70878-3 0  9993
2 30405  98.7956  22.2322 0047279   1.7629  26.6545 14.30873849 16568
FENGYUN 1C DEB          
1 30406U 99025ADV 26280.13557074  .00000738  00000+0  80569-3 0  9996
2 30406  98.6022 140.3564 0278945 300.2888 215.2981 13.59982367972211
FENGYUN 1C DEB          
1 30408U 99025ADX 26279.74411086  .00005305  00000+0  17253-2 0  9999
2 30408  99.0215 257.4193 0044578 154.4048 330.6888 14.38659968658169
FENGYUN 1C DEB          
1 30409U 99025ADY 26279.91716957  .00000599  00000+0  35648-3 0  9993
2 30409  98.5030 252.9260 0165004 242.7687 143.3051 14.04345249  6123
FENGYUN 1C DEB          
1 30411U 99025AEA 26280.18437409  .00001759  00000+0  96304-3 0  9994
2 30411  98.5684 181.3656 0123750 341.2608  18.4028 14.09315698  1845
FENGYUN 1C DEB          
1 30413U 99025AEC 26279.93505576  .00003405  00000+0  11945-2 0  9995
2 30413 102.0668 274.3308 0043800 156.2813 272.4698 14.35554547 14088
FENGYUN 1C DEB          
1 30414U 99025AED 26279.99090048  .00002747  00000+0  92327-3 0  9997
2 30414  99.1011  98.4124 0055967  35.9578 324.5352 14.37152441 13596
FENGYUN 1C DEB          
1 30415U 99025AEE 26280.14905123  .00000860  00000+0  85778-3 0  9992
2 30415  99.6320 345.7056 0233016 222.5075 164.9896 13.69631933979622
FENGYUN 1C DEB          
1 30416U 99025AEF 26280.01778409 -.00000046  00000+0 -23440-5 0  9992
2 30416  98.8129 300.1952 0056427  78.2951 282.4540 14.02822151  8064
FENGYUN 1C DEB          
1 30417U 99025AEG 26280.19872777  .00000285  00000+0  16681-3 0  9995
2 30417  98.7179 267.8756 0063542 348.9318  70.5497 14.14948805 16031
FENGYUN 1C DEB          
1 30418U 99025AEH 26280.02952321  .00003567  00000+0  36072-3 0  9994
2 30418  98.8489 118.4262 0102347 243.3182 270.4840 14.87954243 50230
FENGYUN 1C DEB          
1 30419U 99025AEJ 26279.87440586  .00000637  00000+0  32625-3 0  9996
2 30419  99.2674 244.3831 0050291 263.2772 124.3898 14.18696508 15769
FENGYUN 1C DEB          
1 30432U 99025AET 26280.22787198  .00000801  00000+0  25100-3 0  9998
2 30432  98.8186 193.8743 0081155 170.1943 190.0852 14.41635507 30345
FENGYUN 1C DEB          
1 30434U 99025AEV 26278.21685145  .00000154  00000+0  14754-3 0  9999
2 30434  99.0276 261.2702 0121570 144.2984 229.9901 13.90884062998286
FENGYUN 1C DEB          
1 30435U 99025AEW 26280.16993308  .00002336  00000+0  19059-2 0  9996
2 30435  99.0324 258.1772 0209062  34.7272  92.9003 13.81033756982773
FENGYUN 1C DEB          
1 30436U 99025AEX 26280.14761459  .00003368  00000+0  13879-2 0  9995
2 30436  98.4076 166.5287 0098122 343.0292 171.9200 14.24903252  6842
FENGYUN 1C DEB          
1 30437U 99025AEY 26279.91045993  .00016559  00000+0  12778-2 0  9990
2 30437  98.8888 344.9299 0023128 218.4891 195.9345 15.01461673 36411
FENGYUN 1C DEB          
1 30438U 99025AEZ 26279.98561434  .00000923  00000+0  68787-3 0  9991
2 30438  98.7432 285.5180 0134872  86.6765 274.9815 13.93002776994573
FENGYUN 1C DEB          
1 30439U 99025AFA 26280.01203602  .00000225  00000+0  15298-3 0  9992
2 30439  98.7457 288.0123 0037782 210.0305 175.3611 14.09168775  9802
FENGYUN 1C DEB          
1 30441U 99025AFC 26280.21360168  .00000323  00000+0  32078-3 0  9992
2 30441  99.1225   3.1652 0184347 185.7976 174.1042 13.77971064989807
FENGYUN 1C DEB          
1 30442U 99025AFD 26280.21618351  .00002863  00000+0  10825-2 0  9999
2 30442  98.8678  24.3104 0055116 139.6887 220.8401 14.31216992 14274
FENGYUN 1C DEB          
1 30443U 99025AFE 26279.86813845  .00003203  00000+0  10280-2 0  9998
2 30443  98.8626 241.4158 0023633 170.9698 189.1919 14.40017045 17201
FENGYUN 1C DEB          
1 30445U 99025AFG 26279.86873396  .00000778  00000+0  20127-3 0  9993
2 30445  98.8717 251.0304 0102627 199.7589 159.9616 14.49926918 35018
FENGYUN 1C DEB          
1 30446U 99025AFH 26280.19583516  .00002925  00000+0  80224-3 0  9994
2 30446  98.6048  12.2869 0031962 274.3097  85.4443 14.47575003 24926
FENGYUN 1C DEB          
1 30447U 99025AFJ 26280.16101736  .00005109  00000+0  10147-2 0  9995
2 30447  98.9539 170.6705 0050899 201.1990 313.7784 14.61835455 24407
FENGYUN 1C DEB          
1 30448U 99025AFK 26280.22342913  .00002882  00000+0  96961-3 0  9991
2 30448  98.8319  24.3402 0018441 206.6680 182.5776 14.37816414 16259
FENGYUN 1C DEB          
1 30450U 99025AFM 26279.97821811  .00002589  00000+0  39630-3 0  9997
2 30450  98.0706 292.8429 0183767 350.7384  37.7118 14.63851029 38975
FENGYUN 1C DEB          
1 30452U 99025AFP 26280.01579853  .00010443  00000+0  15307-2 0  9994
2 30452  99.3354 106.5631 0040322  55.6493  94.9127 14.75255381 24766
FENGYUN 1C DEB          
1 30453U 99025AFQ 26280.21115302  .00001580  00000+0  63147-3 0  9990
2 30453  98.7947 358.1683 0113448  81.7778 304.9715 14.26353788 14881
FENGYUN 1C DEB          
1 30454U 99025AFR 26280.33639105  .00004326  00000+0  18293-2 0  9998
2 30454  98.1364 230.4995 0170405  44.1561 107.3130 14.18448242  1856
FENGYUN 1C DEB          
1 30462U 99025AFZ 26279.94809344  .00000019  00000+0  33832-4 0  9999
2 30462  98.8438 266.0315 0140177 132.6156 255.2366 14.06456319  9810
FENGYUN 1C DEB          
1 30464U 99025AGB 26280.10331700 -.00000021  00000+0  11520-4 0  9991
2 30464  98.7949 329.5767 0109977 134.9249 255.3428 14.10330930 12656
FENGYUN 1C DEB          
1 30465U 99025AGC 26280.23081164  .00002914  00000+0  10100-2 0  9995
2 30465  98.8270  20.1693 0017762 224.4560 165.5130 14.36343493 16380
FENGYUN 1C DEB          
1 30466U 99025AGD 26280.05020035  .00001277  00000+0  54025-3 0  9992
2 30466  98.6307 319.7045 0115481 237.9701 182.2605 14.23690952 15946
FENGYUN 1C DEB          
1 30467U 99025AGE 26280.02222120  .00000930  00000+0  46484-3 0  9994
2 30467  98.6542 305.3348 0063036 351.0972  38.4677 14.18160874 13927
FENGYUN 1C DEB          
1 30468U 99025AGF 26280.19652854  .00001791  00000+0  80441-3 0  9991
2 30468  98.9124   9.7290 0071254 261.2676 128.1140 14.22378472 10303
FENGYUN 1C DEB          
1 30469U 99025AGG 26279.99706003  .00001155  00000+0  76474-3 0  9999
2 30469  98.4601 112.4419 0159413  56.5115  96.7114 13.97260638998706
FENGYUN 1C DEB          
1 30471U 99025AGJ 26280.21326237  .00001503  00000+0  77284-3 0  9993
2 30471  99.0511  16.7944 0081906 132.2085 258.6611 14.15119424  6522
FENGYUN 1C DEB          
1 30472U 99025AGK 26279.80207663  .00006149  00000+0  13092-2 0  9995
2 30472  98.6617  37.2619 0035059 243.6708 269.7663 14.58988554 23758
FENGYUN 1C DEB          
1 30474U 99025AGM 26280.21190582  .00003252  00000+0  10223-2 0  9990
2 30474  98.9222  16.3406 0025669 199.6749 190.3798 14.40996527 16859
FENGYUN 1C DEB          
1 30475U 99025AGN 26280.07636019  .00000816  00000+0  42808-3 0  9993
2 30475  98.7687 322.2823 0044073 158.7422 231.2810 14.16447851 11724
FENGYUN 1C DEB          
1 30476U 99025AGP 26280.13534272  .00001462  00000+0  67077-3 0  9992
2 30476  99.1032 332.0258 0046330 167.8049 217.7890 14.22360170 10821
FENGYUN 1C DEB          
1 30477U 99025AGQ 26280.11431844  .00001277  00000+0  18767-2 0  9997
2 30477  99.4189 340.5156 0429049 280.0926 104.1578 13.24440576946687
FENGYUN 1C DEB          
1 30480U 99025AGS 26279.97888361  .00000438  00000+0  14906-3 0  9993
2 30480  98.2188 285.1807 0164286 334.7422  53.2669 14.34020693 29426
FENGYUN 1C DEB          
1 30481U 99025AGT 26280.01397505  .00001018  00000+0  25295-3 0  9994
2 30481  98.3237 294.2941 0222639  82.2624 301.9951 14.40009250 27674
FENGYUN 1C DEB          
1 30489U 99025AHB 26280.28845091  .00000302  00000+0  15699-3 0  9991
2 30489  98.4633 285.4957 0140487 123.9541 306.5177 14.16111606 16113
FENGYUN 1C DEB          
1 30492U 99025AHE 26280.11469481  .00008492  00000+0  16714-2 0  9998
2 30492 102.3219  83.3216 0087789 348.7057  11.2157 14.60572368 12343
FENGYUN 1C DEB          
1 30493U 99025AHF 26280.30341633  .00001300  00000+0  87825-3 0  9991
2 30493  98.5847  94.3763 0181137 109.6034  14.0766 13.94326514992549
FENGYUN 1C DEB          
1 30494U 99025AHG 26280.04783496  .00000802  00000+0  71176-3 0  9998
2 30494  99.2576 314.3824 0187150 151.7303 209.4161 13.80119347986000
FENGYUN 1C DEB          
1 30495U 99025AHH 26280.32644531  .00000366  00000+0  67018-3 0  9991
2 30495 102.2729  50.4032 0590494  14.8032 346.9556 12.95390934925389
FENGYUN 1C DEB          
1 30496U 99025AHJ 26280.30734850  .00002604  00000+0  19362-3 0  9990
2 30496  98.7908 227.7630 0118648 206.9630 152.5394 14.98648236 56108
FENGYUN 1C DEB          
1 30498U 99025AHL 26280.14747709  .00000939  00000+0  55935-3 0  9996
2 30498  99.2258 342.4058 0098084  48.5462 339.9572 14.07493776999659
FENGYUN 1C DEB          
1 30500U 99025AHN 26280.28905258  .00002863  00000+0  11513-2 0  9991
2 30500  99.0739  27.6114 0060019 333.6900  51.3357 14.27974856  9352
FENGYUN 1C DEB          
1 30501U 99025AHP 26279.97230659  .00001953  00000+0  81320-3 0  9995
2 30501  99.0940 287.0511 0041721  64.6248 325.7251 14.27080385 11703
FENGYUN 1C DEB          
1 30503U 99025AHR 26280.09723162  .00000233  00000+0  14090-3 0  9998
2 30503  99.1732 138.1957 0009165 137.5861  15.8659 14.16389499 15701
FENGYUN 1C DEB          
1 30504U 99025AHS 26280.12543869  .00000118  00000+0  70771-4 0  9998
2 30504  98.9901 337.0347 0111196  84.5036 276.8811 14.21063372 16304
FENGYUN 1C DEB          
1 30505U 99025AHT 26280.19533051  .00001963  00000+0  86227-3 0  9999
2 30505  98.9157   8.6394 0063478 106.4554 284.3556 14.23653632 11603
FENGYUN 1C DEB          
1 30506U 99025AHU 26280.22805037  .00000229  00000+0  15367-3 0  9991
2 30506  98.7621 281.8819 0069379 223.5772 267.6892 14.08920763 10256
FENGYUN 1C DEB          
1 30507U 99025AHV 26279.92341812  .00001232  00000+0  61949-3 0  9995
2 30507  98.9919 351.4468 0126451  54.0233   1.1349 14.14238243  7006
FENGYUN 1C DEB          
1 30509U 99025AHX 26280.15771876  .00001517  00000+0  85671-3 0  9995
2 30509  98.4518 138.6817 0099909 296.2712 191.9982 14.09156821999231
FENGYUN 1C DEB          
1 30510U 99025AHY 26280.05914123  .00001330  00000+0  70302-3 0  9998
2 30510  99.2307 306.8347 0077629  50.5626  12.4021 14.14102498  7862
FENGYUN 1C DEB          
1 30514U 99025AJC 26279.98890611  .00000772  00000+0  24358-3 0  9996
2 30514  98.3917 300.6385 0170118 285.4293  72.8158 14.35261626 25002
FENGYUN 1C DEB          
1 30515U 99025AJD 26280.20449885  .00000702  00000+0  39893-3 0  9990
2 30515  98.4759 125.2171 0494503   2.8924  58.1989 13.64623675974000
FENGYUN 1C DEB          
1 30516U 99025AJE 26280.29345463  .00003412  00000+0  98913-3 0  9996
2 30516  98.8659  41.2967 0009832 133.6329 256.4880 14.45069694 20227
FENGYUN 1C DEB          
1 30520U 99025AJJ 26280.06591191  .00016076  00000+0  58972-3 0  9998
2 30520  98.6994 144.4405 0052850 169.9864 190.2437 15.26745914 55765
FENGYUN 1C DEB          
1 30521U 99025AJK 26279.89851658  .00001112  00000+0  21645-3 0  9997
2 30521  99.0255  85.4082 0133380  56.4723 304.9133 14.59915684 39282
FENGYUN 1C DEB          
1 30523U 99025AJM 26280.17712131  .00000447  00000+0  14649-3 0  9990
2 30523  98.5016 255.4423 0241023 310.7654 109.6122 14.28362430 23602
FENGYUN 1C DEB          
1 30524U 99025AJN 26279.72462351  .00004465  00000+0  28211-2 0  9999
2 30524  99.3232  99.4862 0198952 162.2242 198.6010 13.95350204980379
FENGYUN 1C DEB          
1 30525U 99025AJP 26280.06193849  .00000584  00000+0  63977-3 0  9999
2 30525  98.5763 133.8609 0290447 250.1566 106.8058 13.59305102971695
FENGYUN 1C DEB          
1 30526U 99025AJQ 26280.17368904  .00001039  00000+0  12602-2 0  9992
2 30526  99.5323 355.2946 0308591 237.5343 119.5613 13.50308152966854
FENGYUN 1C DEB          
1 30527U 99025AJR 26278.84388735  .00000781  00000+0  10828-2 0  9999
2 30527 100.0417 321.1039 0409938 238.9956 174.2182 13.31592329953107
FENGYUN 1C DEB          
1 30528U 99025AJS 26280.11522058  .00000374  00000+0  19660-3 0  9993
2 30528  98.1991 130.8695 0144641  83.4519  40.4845 14.13851639 13515
FENGYUN 1C DEB          
1 30529U 99025AJT 26280.13330482  .00000688  00000+0  65623-3 0  9992
2 30529  98.4736 173.0129 0229614 142.3166 219.4321 13.72327408981005
FENGYUN 1C DEB          
1 30530U 99025AJU 26279.82302928  .00000320  00000+0  11621-3 0  9994
2 30530  98.3616 315.3901 0098058 326.2144  87.8733 14.37162569 30676
FENGYUN 1C DEB          
1 30531U 99025AJV 26280.22562765  .00012643  00000+0  19884-2 0  9997
2 30531 102.3081 259.7678 0023679 105.1543 255.2270 14.72607385 20669
FENGYUN 1C DEB          
1 30533U 99025AJX 26279.89513814  .00006418  00000+0  12934-2 0  9993
2 30533  98.8462  72.0741 0071944 318.3158 195.2604 14.60241297 21532
FENGYUN 1C DEB          
1 30539U 99025AKD 26278.96699548  .00001153  00000+0  24789-3 0  9998
2 30539  98.8987 283.9167 0115577  92.0988 269.3448 14.56636438 36695
FENGYUN 1C DEB          
1 30540U 99025AKE 26280.27556323  .00002850  00000+0  10035-2 0  9993
2 30540  98.8898  41.5575 0050670 263.9561 125.1997 14.34948388 15643
FENGYUN 1C DEB          
1 30541U 99025AKF 26280.06751388  .00001203  00000+0  54062-3 0  9999
2 30541  98.6703 327.7327 0015432 295.3047  64.6532 14.24173086 15664
FENGYUN 1C DEB          
1 30542U 99025AKG 26280.07953766  .00000283  00000+0  19432-3 0  9994
2 30542  98.7594 304.9721 0027488 210.7483 215.9829 14.07103556 10995
FENGYUN 1C DEB          
1 30543U 99025AKH 26279.95182594  .00000427  00000+0  29135-3 0  9994
2 30543  98.8315 286.1009 0070895 279.5271 108.9374 14.03928985  6882
FENGYUN 1C DEB          
1 30545U 99025AKK 26278.29115777  .00000157  00000+0  26351-3 0  9998
2 30545  98.9914  94.6093 0472041  12.3040 348.9151 13.20951102948453
FENGYUN 1C DEB          
1 30546U 99025AKL 26280.21337638  .00005019  00000+0  47742-3 0  9995
2 30546  98.8717 178.0369 0084473 287.2896 225.9755 14.91330354 49003
FENGYUN 1C DEB          
1 30547U 99025AKM 26280.29897648  .00000314  00000+0  11329-3 0  9991
2 30547  98.8708 138.6251 0096341  56.8243   5.4928 14.38109814 30110
FENGYUN 1C DEB          
1 30548U 99025AKN 26279.76678413  .00002091  00000+0  82865-3 0  9996
2 30548  99.6783 214.3134 0063343 210.8406 179.7046 14.29050697183494
FENGYUN 1C DEB          
1 30549U 99025AKP 26279.26926777  .00001770  00000+0  85096-3 0  9993
2 30549  98.4838  23.5769 0288726 141.4455 220.7724 14.00364984994568
FENGYUN 1C DEB          
1 30550U 99025AKQ 26279.95853189  .00001879  00000+0  11323-2 0  9998
2 30550  99.0427 178.8460 0124037 188.6897 234.6826 14.04186274995780
FENGYUN 1C DEB          
1 30552U 99025AKS 26279.89551701  .00007751  00000+0  15611-2 0  9997
2 30552  98.8460  75.5332 0012102  69.2434 291.0061 14.61779913 19985
FENGYUN 1C DEB          
1 30553U 99025AKT 26280.32351361  .00012571  00000+0  15243-2 0  9995
2 30553  99.1349  60.0542 0016408 288.6125  71.3303 14.83670305 28735
FENGYUN 1C DEB          
1 30555U 99025AKV 26280.12158464  .00001437  00000+0  66195-3 0  9996
2 30555  98.7331 335.8805 0043622 132.3540 257.2262 14.22145442 11768
FENGYUN 1C DEB          
1 30556U 99025AKW 26280.22363608  .00000014  00000+0  35938-4 0  9998
2 30556  98.8024 267.6815 0067413 127.9039 298.0559 14.01653675  4324
FENGYUN 1C DEB          
1 30557U 99025AKX 26280.14787936  .00001374  00000+0  75806-3 0  9991
2 30557  98.9018 348.1155 0069181 111.4173 249.4397 14.11949579  5099
FENGYUN 1C DEB          
1 30558U 99025AKY 26278.79919157  .00001772  00000+0  23878-2 0  9995
2 30558  99.4720  40.9876 0423558 274.8301  80.4598 13.29505213947049
FENGYUN 1C DEB          
1 30560U 99025ALA 26279.90796035  .00000274  00000+0  14623-3 0  9995
2 30560  98.6843 271.4938 0116174  76.0657 313.8815 14.17342302 15933
FENGYUN 1C DEB          
1 30561U 99025ALB 26280.27278806  .00000290  00000+0  18051-3 0  9996
2 30561  98.7341 279.2545 0059544 347.9233 133.5747 14.11572584 11900
FENGYUN 1C DEB          
1 30562U 99025ALC 26280.17934009  .00001768  00000+0  76439-3 0  9995
2 30562  98.7444 351.6162 0060085 122.8585 265.0817 14.24680128 12400
FENGYUN 1C DEB          
1 30564U 99025ALE 26279.99853797  .00000694  00000+0  37146-3 0  9998
2 30564  98.7915 288.4169 0200974   0.8366  53.2730 14.06434599  4865
FENGYUN 1C DEB          
1 30565U 99025ALF 26280.11679266  .00001884  00000+0  97053-3 0  9997
2 30565  98.4407 137.8323 0136283 223.4721 290.2231 14.11613794  1281
FENGYUN 1C DEB          
1 30566U 99025ALG 26280.16110895  .00001102  00000+0  60492-3 0  9991
2 30566  99.1946 341.7008 0067128  67.2840 350.0119 14.12815894  5944
FENGYUN 1C DEB          
1 30567U 99025ALH 26279.93693700  .00000185  00000+0  12385-3 0  9994
2 30567  98.7998 268.3126 0109808  67.9406 321.7416 14.09173791  9734
FENGYUN 1C DEB          
1 30568U 99025ALJ 26280.01050865  .00005959  00000+0  12088-2 0  9998
2 30568  98.9420 118.0366 0018674   1.5601 158.8741 14.61507589 20002
FENGYUN 1C DEB          
1 30569U 99025ALK 26279.94783602  .00018224  00000+0  19968-2 0  9994
2 30569  98.7449  90.9172 0005422 215.3622 144.7233 14.87810755 26130
FENGYUN 1C DEB          
1 30570U 99025ALL 26280.03603492  .00000435  00000+0  24651-3 0  9997
2 30570  98.6854 309.8751 0036346  82.0027 308.4213 14.14698060 12093
FENGYUN 1C DEB          
1 30571U 99025ALM 26280.04573523  .00000198  00000+0  13381-3 0  9994
2 30571  98.7068 302.4351 0022507 108.7451 278.2822 14.10934804 10877
FENGYUN 1C DEB          
1 30572U 99025ALN 26280.01508558  .00000360  00000+0  23126-3 0  9997
2 30572  98.7433 306.2398 0022725 167.6892 222.2156 14.09153968  9589
FENGYUN 1C DEB          
1 30573U 99025ALP 26280.09120345  .00001653  00000+0  83727-3 0  9999
2 30573  99.2062 332.4548 0088952 154.8736 235.9405 14.15486785  4172
FENGYUN 1C DEB          
1 30574U 99025ALQ 26279.90951446  .00001489  00000+0  12613-2 0  9994
2 30574  99.3303  83.3049 0216675 280.3906  77.2891 13.79016944978765
FENGYUN 1C DEB          
1 30575U 99025ALR 26280.29356993  .00001421  00000+0  44504-3 0  9996
2 30575  99.1793  37.6612 0053576  80.5299 309.0951 14.41535325 25089
FENGYUN 1C DEB          
1 30577U 99025ALT 26280.07736230  .00000443  00000+0  26647-3 0  9991
2 30577  98.7406 311.6493 0030000 154.6495 231.1456 14.11574298  9825
FENGYUN 1C DEB          
1 30579U 99025ALV 26280.02606422  .00000102  00000+0  87778-4 0  9992
2 30579  98.7845 300.8070 0052385 347.9767  40.8086 14.05517457  6473
FENGYUN 1C DEB          
1 30594U 99025ALZ 26280.11168795  .00000134  00000+0  74830-4 0  9995
2 30594  99.1102 149.7547 0193112 190.1981 169.5250 14.17538457 17403
FENGYUN 1C DEB          
1 30596U 99025AMB 26280.25835741  .00000434  00000+0  12005-3 0  9992
2 30596  98.4282 275.8459 0247760 119.4552   1.9095 14.34947738 28409
FENGYUN 1C DEB          
1 30599U 99025AME 26279.24683327  .00000689  00000+0  21850-3 0  9993
2 30599  98.5970 288.1833 0298724 202.5100 156.2743 14.20762415 13892
FENGYUN 1C DEB          
1 30600U 99025AMF 26280.24867729  .00003850  00000+0  13311-2 0  9993
2 30600  98.3931 210.6279 0314646 111.1911 252.3183 14.11969485986397
FENGYUN 1C DEB          
1 30603U 99025AMJ 26278.96204963  .00000887  00000+0  71727-3 0  9990
2 30603  98.4033 276.0047 0182969 110.4983 280.5901 13.84959543989897
FENGYUN 1C DEB          
1 30604U 99025AMK 26280.04160420  .00000338  00000+0  13355-3 0  9996
2 30604  98.3718 306.3755 0208044 212.5892 175.8688 14.24048713 20534
FENGYUN 1C DEB          
1 30606U 99025AMM 26280.01410984  .00002142  00000+0  34182-3 0  9994
2 30606  98.0918 287.8508 0205017 285.4113 131.1761 14.59951906 35927
FENGYUN 1C DEB          
1 30608U 99025AMP 26280.17089380  .00001331  00000+0  53602-3 0  9992
2 30608  98.6792 347.0296 0013428  26.1203   0.2821 14.29662472 17018
FENGYUN 1C DEB          
1 30609U 99025AMQ 26279.69158824  .00001941  00000+0  99462-3 0  9999
2 30609  98.5608 188.3422 0114978 283.7275  75.1121 14.13227844999345
FENGYUN 1C DEB          
1 30616U 99025AMX 26277.30322907  .00000440  00000+0  60761-3 0  9991
2 30616  98.6227 295.9169 0381271 233.1434 123.4173 13.36631178956487
FENGYUN 1C DEB          
1 30619U 99025ANA 26279.30478759  .00000467  00000+0  12189-3 0  9993
2 30619  98.2750 298.5328 0212020 238.6276 119.4018 14.41758816 32251
FENGYUN 1C DEB          
1 30621U 99025ANC 26278.75753544  .00001821  00000+0  10620-2 0  9994
2 30621  98.7046 215.0623 0131547 190.8235 199.2361 14.05435175997603
FENGYUN 1C DEB          
1 30622U 99025AND 26279.50185656  .00004919  00000+0  16956-2 0  9991
2 30622 100.9926  15.7337 0068140 282.7672  90.1448 14.35234355730642
FENGYUN 1C DEB          
1 30623U 99025ANE 26280.34012227  .00000073  00000+0  14505-3 0  9995
2 30623  98.8589  62.0903 0404147  90.7298 303.0830 13.29581744951846
FENGYUN 1C DEB          
1 30624U 99025ANF 26279.80488168  .00016773  00000+0  24498-2 0  9991
2 30624  98.8811  32.9100 0014275  75.1290 285.1497 14.75747565 18657
FENGYUN 1C DEB          
1 30625U 99025ANG 26280.19318375  .00005972  00000+0  16094-2 0  9990
2 30625  98.9237 256.2452 0044217 126.0380 234.4920 14.47735484  9965
FENGYUN 1C DEB          
1 30628U 99025ANK 26279.87615398  .00011308  00000+0  15793-2 0  9996
2 30628  99.3478 245.5965 0022559  46.4876 313.8200 14.77683942 28564
FENGYUN 1C DEB          
1 30629U 99025ANL 26280.19102376  .00007101  00000+0  12591-2 0  9990
2 30629  99.2560  57.6479 0005088   0.9776 123.7105 14.67612026 22560
FENGYUN 1C DEB          
1 30630U 99025ANM 26280.06048503  .00000918  00000+0  42493-3 0  9993
2 30630  99.1810 110.6517 0024958 304.2259 186.0099 14.23315722 14532
FENGYUN 1C DEB          
1 30632U 99025ANP 26280.02534034  .00009840  00000+0  15047-2 0  9997
2 30632  98.8372  80.3264 0013518 316.7684 165.0948 14.73926490 20706
FENGYUN 1C DEB          
1 30633U 99025ANQ 26280.12292956  .00000969  00000+0  57962-3 0  9999
2 30633  98.3935 128.4840 0129386 133.4730 350.7472 14.05106748   791
FENGYUN 1C DEB          
1 30634U 99025ANR 26279.94018931  .00002525  00000+0  13227-2 0  9992
2 30634  99.3115 278.3651 0118445 346.6129  42.4848 14.11709706998228
FENGYUN 1C DEB          
1 30639U 99025ANW 26279.29975814  .00005211  00000+0  17496-2 0  9994
2 30639  99.0279  49.4429 0064736 133.6686 226.9891 14.36457286  9844
FENGYUN 1C DEB          
1 30640U 99025ANX 26280.16346198  .00001257  00000+0  64234-3 0  9990
2 30640  99.0406   0.6917 0077695 335.5240  53.5693 14.15967578  6664
FENGYUN 1C DEB          
1 30641U 99025ANY 26279.87100964  .00002666  00000+0  30118-3 0  9995
2 30641  98.9750 253.8680 0127476 266.7260 122.1704 14.81881846 49449
FENGYUN 1C DEB          
1 30646U 99025APD 26280.01733028  .00000606  00000+0  36238-3 0  9992
2 30646  98.6377 293.9033 0046678 264.4019  95.1828 14.10261135  8046
FENGYUN 1C DEB          
1 30647U 99025APE 26279.87695803  .00007327  00000+0  14451-2 0  9992
2 30647  98.9993 242.0024 0029374 352.2906  34.5358 14.62535547 23392
FENGYUN 1C DEB          
1 30648U 99025APF 26280.30309836  .00003721  00000+0  92792-3 0  9990
2 30648  98.6443  27.6719 0030293 298.6547  82.4848 14.51971361 21956
FENGYUN 1C DEB          
1 30649U 99025APG 26280.23746903  .00002036  00000+0  77167-3 0  9990
2 30649  98.8122  24.4254 0047019  20.5416   9.4766 14.31645854 13315
FENGYUN 1C DEB          
1 30650U 99025APH 26280.09185495  .00001497  00000+0  77500-3 0  9990
2 30650  99.1855 334.4978 0070863  72.4618 318.0052 14.15214568  5105
FENGYUN 1C DEB          
1 30652U 99025APJ 26280.03141111  .00000147  00000+0  11153-3 0  9996
2 30652  98.7525 309.5501 0009022 140.0973 249.8744 14.07890370  8896
FENGYUN 1C DEB          
1 30654U 99025APL 26280.27524577  .00001267  00000+0  63637-3 0  9993
2 30654  99.2531 220.6427 0035063 338.1826  21.7853 14.18179804  9086
FENGYUN 1C DEB          
1 30656U 99025APN 26280.27685677  .00003977  00000+0  10461-2 0  9990
2 30656  99.0160 119.1807 0029505 281.4175  78.3703 14.49455761 13999
FENGYUN 1C DEB          
1 30657U 99025APP 26280.29741525  .00003687  00000+0  11375-2 0  9991
2 30657  98.8434  33.0448 0017597 178.3186 208.3643 14.41922576 15298
FENGYUN 1C DEB          
1 30658U 99025APQ 26278.95914434  .00001405  00000+0  10544-2 0  9996
2 30658  98.4212 287.7402 0181945 128.6512 233.1089 13.88340481988071
FENGYUN 1C DEB          
1 30660U 99025APS 26279.78132630  .00003611  00000+0  31191-3 0  9994
2 30660  98.1480  30.0799 0129141  77.9681  73.1621 14.91640488 52227
FENGYUN 1C DEB          
1 30661U 99025APT 26277.29453996  .00000088  00000+0  57841-4 0  9996
2 30661  99.4838 119.9742 0142999 292.4064  66.2015 14.21325083 21016
FENGYUN 1C DEB          
1 30662U 99025APU 26274.14397152  .00001414  00000+0  63404-3 0  9994
2 30662  99.0316 343.2579 0034368 153.3407 237.3099 14.23855146  7905
FENGYUN 1C DEB          
1 30663U 99025APV 26280.13518207  .00001456  00000+0  11078-2 0  9992
2 30663  99.2917 172.3517 0645898 133.7803 231.8658 13.24873719929972
FENGYUN 1C DEB          
1 30665U 99025APX 26279.95438940  .00001595  00000+0  84849-3 0  9998
2 30665  99.2266 265.3842 0069115  85.0972 300.0831 14.13757546  1716
FENGYUN 1C DEB          
1 30666U 99025APY 26279.93496535  .00000214  00000+0  16284-3 0  9996
2 30666  98.8556 259.8237 0061739  34.0294 350.1001 14.02824439  2782
FENGYUN 1C DEB          
1 30668U 99025AQA 26280.22532508  .00001507  00000+0  79515-3 0  9995
2 30668  99.1192   4.0278 0080282 128.3405 289.7627 14.13815813  2705
FENGYUN 1C DEB          
1 30669U 99025AQB 26278.79795103  .00001513  00000+0  92279-3 0  9996
2 30669  98.6432 205.7439 0119800  61.6852   1.4853 14.03955910996209
FENGYUN 1C DEB          
1 30670U 99025AQC 26280.08152507  .00000098  00000+0  71293-4 0  9999
2 30670  98.6702 322.1619 0038040 295.1834  93.8003 14.15932385 13526
FENGYUN 1C DEB          
1 30671U 99025AQD 26280.18163726  .00000968  00000+0  68913-3 0  9996
2 30671  99.2304 350.8849 0124546 299.3871 115.7947 13.96391485993592
FENGYUN 1C DEB          
1 30673U 99025AQF 26280.10923442 -.00000108  00000+0 -41196-4 0  9992
2 30673  98.8793 327.8463 0052309  32.6461 355.1733 14.03586910  7178
FENGYUN 1C DEB          
1 30675U 99025AQH 26280.22076207  .00001623  00000+0  64735-3 0  9999
2 30675  98.7429   5.0166 0050063  18.5591   7.7944 14.29238474 11516
FENGYUN 1C DEB          
1 30676U 99025AQJ 26278.67624364  .00000706  00000+0  35277-3 0  9999
2 30676  98.2935  71.3568 0467076 322.1131  34.7987 13.75010578980038
FENGYUN 1C DEB          
1 30677U 99025AQK 26280.09763963  .00002005  00000+0  63582-3 0  9992
2 30677  98.2324 318.6616 0064358  27.2037 357.8425 14.39872752 22603
FENGYUN 1C DEB          
1 30678U 99025AQL 26279.86536917  .00003664  00000+0  14624-2 0  9997
2 30678  99.0800 256.4595 0071365  89.3938 300.1844 14.27743162  1154
FENGYUN 1C DEB          
1 30679U 99025AQM 26277.97486291  .00000298  00000+0  29524-3 0  9993
2 30679  99.3501 331.7470 0170352  16.1305 104.8182 13.80064476986054
FENGYUN 1C DEB          
1 30680U 99025AQN 26279.98792695  .00002325  00000+0  23633-2 0  9993
2 30680  99.6467 322.0463 0316895 135.7313 226.9647 13.57937994962993
FENGYUN 1C DEB          
1 30683U 99025AQR 26280.05019736  .00000765  00000+0  49567-3 0  9995
2 30683  99.4006 305.6019 0137058 129.2868 259.4281 14.01365175997283
FENGYUN 1C DEB          
1 30684U 99025AQS 26280.06296893  .00000644  00000+0  67803-3 0  9997
2 30684  99.5075 321.9613 0234045 222.8396 135.4304 13.67360635977051
FENGYUN 1C DEB          
1 30686U 99025AQU 26279.90896852  .00003449  00000+0  43264-3 0  9992
2 30686  99.0023 153.1150 0136056 270.0571 218.5439 14.76654681 39997
FENGYUN 1C DEB          
1 30688U 99025AQW 26280.03495549  .00002353  00000+0  84295-3 0  9990
2 30688  98.6868 359.8706 0017687 157.8412 326.1095 14.34847427 15362
FENGYUN 1C DEB          
1 30689U 99025AQX 26280.18958426  .00000487  00000+0  27291-3 0  9994
2 30689  98.7374 263.3912 0109955 335.6575  84.0281 14.12181215 10948
FENGYUN 1C DEB          
1 30690U 99025AQY 26280.30883559  .00000780  00000+0  50216-3 0  9993
2 30690  99.1707 217.8106 0103850 332.3934 181.5845 14.03559859998942
FENGYUN 1C DEB          
1 30691U 99025AQZ 26279.96359385  .00000786  00000+0  61742-3 0  9991
2 30691  98.7452 278.5016 0139035 135.9502 254.3096 13.90164360992597
FENGYUN 1C DEB          
1 30693U 99025ARB 26279.91146472  .00000295  00000+0  17827-3 0  9999
2 30693  98.7163 261.9341 0030144  40.5864 319.7548 14.13593847 11455
FENGYUN 1C DEB          
1 30694U 99025ARC 26280.00929397  .00004594  00000+0  40385-3 0  9998
2 30694  99.0636 294.3316 0121127  63.3667 297.9895 14.91655957 45369
FENGYUN 1C DEB          
1 30696U 99025ARE 26280.11257270  .00001362  00000+0  37671-3 0  9990
2 30696  98.3574 330.1654 0085664 300.9921  86.5583 14.46200246 26021
FENGYUN 1C DEB          
1 30697U 99025ARF 26280.11244476  .00001191  00000+0  61841-3 0  9991
2 30697  98.8864 340.6851 0085467  60.5566 329.9075 14.14783286  4749
FENGYUN 1C DEB          
1 30699U 99025ARH 26279.67580715  .00004146  00000+0  10581-2 0  9998
2 30699  99.3295  75.2092 0003528  95.6777 264.4817 14.51141871 19308
FENGYUN 1C DEB          
1 30700U 99025ARJ 26280.00663830  .00000204  00000+0  10341-3 0  9996
2 30700  98.5147 304.4060 0085961 355.0605   4.9717 14.24019784 18081
FENGYUN 1C DEB          
1 30701U 99025ARK 26279.93665940 -.00000032  00000+0  54977-5 0  9996
2 30701  98.6785 318.2197 0034124 333.8235 147.4724 14.13951179 13349
FENGYUN 1C DEB          
1 30702U 99025ARL 26278.79275093  .00000928  00000+0  59705-3 0  9991
2 30702  98.7554 293.0322 0070776 188.1901 348.5857 14.04273326  3160
FENGYUN 1C DEB          
1 30703U 99025ARM 26278.99464190  .00001149  00000+0  52091-3 0  9999
2 30703  99.1603 279.1869 0115651 165.9894 219.2546 14.20473535  7545
FENGYUN 1C DEB          
1 30704U 99025ARN 26280.00592019  .00000495  00000+0  34142-3 0  9997
2 30704  98.8862 276.0617 0080952 349.8711  82.6148 14.02245424  2899
FENGYUN 1C DEB          
1 30705U 99025ARP 26280.04504860  .00001204  00000+0  10088-2 0  9990
2 30705 102.1912 115.5785 0198285 294.5311 220.8418 13.82630931981305
FENGYUN 1C DEB          
1 30706U 99025ARQ 26280.20344765  .00001033  00000+0  43887-3 0  9999
2 30706  99.0461 190.2484 0027334 352.4987   7.5780 14.27394796 18842
FENGYUN 1C DEB          
1 30707U 99025ARR 26280.16843469  .00002045  00000+0  83582-3 0  9990
2 30707  99.3950   1.9809 0025310 292.8483  96.7885 14.28359776 10576
FENGYUN 1C DEB          
1 30708U 99025ARS 26280.00590066  .00000112  00000+0  84102-4 0  9999
2 30708  98.6833 289.4472 0009394  74.3473 313.4907 14.12327428 10031
FENGYUN 1C DEB          
1 30709U 99025ART 26280.23404303  .00002297  00000+0  10707-2 0  9997
2 30709  99.1605 272.7862 0080743 141.1926 219.5086 14.19780538  2280
FENGYUN 1C DEB          
1 30710U 99025ARU 26280.23553535  .00001769  00000+0  10892-2 0  9999
2 30710 102.7504 287.4977 0221683  96.5576 326.6669 13.96193335989520
FENGYUN 1C DEB          
1 30714U 99025ARY 26279.37955073  .00000037  00000+0  49271-4 0  9991
2 30714  98.8064 323.9755 0067109 172.3126 200.8001 14.03755747  1130
FENGYUN 1C DEB          
1 30715U 99025ARZ 26280.19869363  .00001696  00000+0  86150-3 0  9998
2 30715  98.9585 356.0629 0064441  42.2226 318.3884 14.16204690  3988
FENGYUN 1C DEB          
1 30716U 99025ASA 26280.09347846  .00022048  00000+0  19242-2 0  9996
2 30716  98.8542 143.6226 0012092 214.9963 303.6290 14.96796139 22627
FENGYUN 1C DEB          
1 30717U 99025ASB 26280.16528605  .00001557  00000+0  71614-3 0  9993
2 30717  99.0031   1.9259 0048152 125.4938 235.0745 14.22050309  7683
FENGYUN 1C DEB          
1 30718U 99025ASC 26280.18216528  .00001708  00000+0  72394-3 0  9998
2 30718  98.8815   9.3427 0053002  15.4174 344.8605 14.26021778  9914
FENGYUN 1C DEB          
1 30719U 99025ASD 26279.93810246  .00009173  00000+0  16021-2 0  9995
2 30719  98.8992  90.4105 0009058 352.6143   7.4925 14.68154910 18018
FENGYUN 1C DEB          
1 30720U 99025ASE 26280.00001784  .00000512  00000+0  21567-3 0  9996
2 30720  99.0433 109.8174 0030381 183.3802 330.1895 14.30029293 17125
FENGYUN 1C DEB          
1 30721U 99025ASF 26279.93607468  .00014130  00000+0  16711-2 0  9993
2 30721  98.7207  81.0199 0021645 118.2818  33.1725 14.84585945 22315
FENGYUN 1C DEB          
1 30723U 99025ASH 26280.24038039  .00003690  00000+0  10719-2 0  9994
2 30723  98.8413  22.4888 0015381 100.0020 290.2458 14.44875666 16764
FENGYUN 1C DEB          
1 30724U 99025ASJ 26279.83628767  .00000481  00000+0  16876-3 0  9997
2 30724  99.2977 134.0411 0093609 111.9425 312.2704 14.37610319 27288
FENGYUN 1C DEB          
1 30725U 99025ASK 26280.16100983  .00001590  00000+0  77854-3 0  9996
2 30725  98.9905 357.3869 0085900 261.3450 127.7813 14.17464127  5677
FENGYUN 1C DEB          
1 30726U 99025ASL 26280.00038292  .00000883  00000+0  50897-3 0  9995
2 30726  99.2661 295.5955 0079193 115.5516 274.4814 14.10276034  1847
FENGYUN 1C DEB          
1 30728U 99025ASN 26279.96753277  .00000065  00000+0  45536-4 0  9994
2 30728  98.5327 282.6798 0097249 293.3461  65.7510 14.23570596 19294
FENGYUN 1C DEB          
1 30730U 99025ASQ 26280.07388045  .00001136  00000+0  47437-3 0  9999
2 30730  98.5932 318.9422 0075839 257.5777 130.8982 14.26590020 12487
FENGYUN 1C DEB          
1 30731U 99025ASR 26279.99533671  .00003624  00000+0  10442-2 0  9995
2 30731  98.8531  16.3219 0013520  88.3210 326.8890 14.45298192 16542
FENGYUN 1C DEB          
1 30732U 99025ASS 26279.87406574  .00000352  00000+0  23141-3 0  9990
2 30732  98.7874 295.5406 0124763  94.6710  26.5070 14.04190926  3741
FENGYUN 1C DEB          
1 30735U 99025ASV 26280.15673669  .00001518  00000+0  64736-3 0  9997
2 30735  98.7468 355.3998 0059669 101.5361 289.1419 14.25607899  9910
FENGYUN 1C DEB          
1 30736U 99025ASW 26279.30969519  .00000989  00000+0  10214-2 0  9997
2 30736  98.7612 292.6958 0277848 356.6358  15.4702 13.62465138969043
FENGYUN 1C DEB          
1 30737U 99025ASX 26279.90889147  .00000316  00000+0  17266-3 0  9991
2 30737  98.6120 257.9857 0023554 356.6560  31.9625 14.18587405 12564
FENGYUN 1C DEB          
1 30739U 99025ASZ 26279.94874546  .00000306  00000+0  17070-3 0  9996
2 30739  98.7203 265.0143 0100458 183.5246 235.4618 14.15309845 10696
FENGYUN 1C DEB          
1 30740U 99025ATA 26279.78365391  .00005119  00000+0  11452-2 0  9997
2 30740  98.6995  41.6277 0027478 303.2029  56.6534 14.56936838 19738
FENGYUN 1C DEB          
1 30741U 99025ATB 26280.23094229  .00000129  00000+0  91374-4 0  9998
2 30741  98.6789 285.5541 0006097   0.3841 129.2621 14.13384086 10217
FENGYUN 1C DEB          
1 30742U 99025ATC 26280.06365363  .00001309  00000+0  72749-3 0  9995
2 30742  98.8504 325.4021 0072305 105.2043 315.4803 14.11516005  2269
FENGYUN 1C DEB          
1 30744U 99025ATE 26280.04237921  .00341267  00000+0  65829-2 0  9993
2 30744  98.7204 113.6398 0005528 315.1708 209.8099 15.46526532 25896
FENGYUN 1C DEB          
1 30746U 99025ATG 26280.00696463  .00000655  00000+0  27964-3 0  9993
2 30746  99.0558 116.6026 0045410 175.2339 340.4918 14.28092090 17028
FENGYUN 1C DEB          
1 30749U 99025ATK 26280.28850238  .00000380  00000+0  28326-3 0  9996
2 30749  98.8609 303.0040 0058122 119.6563 241.0407 13.99917843  1412
FENGYUN 1C DEB          
1 30750U 99025ATL 26280.22271108  .00002130  00000+0  82488-3 0  9999
2 30750  98.9081   6.7131 0037474 307.1706 115.4726 14.30750999 10452
FENGYUN 1C DEB          
1 30751U 99025ATM 26280.15801622  .00001266  00000+0  65078-3 0  9997
2 30751  98.8344 342.1663 0049644 323.7911  62.2134 14.16471575  4971
FENGYUN 1C DEB          
1 30753U 99025ATP 26280.07486732  .00000697  00000+0  38790-3 0  9999
2 30753  98.7841 318.4934 0055382 225.8036 133.8580 14.13498857  5663
FENGYUN 1C DEB          
1 30755U 99025ATR 26279.94482811  .00001145  00000+0  29052-3 0  9999
2 30755  98.2770 271.9898 0150972  81.6436 309.2035 14.46028991 27398
FENGYUN 1C DEB          
1 30756U 99025ATS 26279.67213399  .00001397  00000+0  66338-3 0  9990
2 30756  98.9740 356.0471 0072867 186.6279 329.4244 14.19753521  6254
FENGYUN 1C DEB          
1 30758U 99025ATU 26279.81711141  .00001135  00000+0  56999-3 0  9998
2 30758  99.0432  48.3675 0039415 234.5908 281.6016 14.18221475  7127
FENGYUN 1C DEB          
1 30759U 99025ATV 26279.91093398  .00005823  00000+0  12138-2 0  9991
2 30759  99.2691  66.1447 0006327 351.1389 169.5370 14.60386449 20006
FENGYUN 1C DEB          
1 30760U 99025ATW 26279.91569064  .00000430  00000+0  28846-3 0  9994
2 30760  98.8393 273.8240 0052062 226.3961 133.2881 14.05374010  4081
FENGYUN 1C DEB          
1 30761U 99025ATX 26280.10519260  .00001071  00000+0  36297-3 0  9992
2 30761  98.9833 223.6432 0082901 156.0780 204.4292 14.37020774 20266
FENGYUN 1C DEB          
1 30762U 99025ATY 26279.92514747  .00000026  00000+0  40950-4 0  9997
2 30762  98.8999 266.6081 0196882 189.7423 199.7314 13.98451334998055
FENGYUN 1C DEB          
1 30763U 99025ATZ 26279.99207368  .00014361  00000+0  22426-2 0  9996
2 30763  98.8865  21.5516 0016957  76.4465 344.3336 14.72866682 15164
FENGYUN 1C DEB          
1 30764U 99025AUA 26280.08116463  .00079229  00000+0  90942-3 0  9997
2 30764  98.7714 317.1462 0036512 205.6014 154.3432 15.60965442 58251
FENGYUN 1C DEB          
1 30765U 99025AUB 26280.08788440  .00000767  00000+0  40552-3 0  9991
2 30765  98.7591 326.1576 0068215  79.1575 311.1426 14.15454091 10191
FENGYUN 1C DEB          
1 30766U 99025AUC 26277.77301410  .00000588  00000+0  34590-3 0  9998
2 30766  98.6852 272.7023 0081714 315.5768 221.4706 14.10161635669686
FENGYUN 1C DEB          
1 30768U 99025AUE 26280.26453399  .00003685  00000+0  92773-3 0  9990
2 30768  98.6169  21.6720 0023026 268.4532 118.7805 14.51636447 21987
FENGYUN 1C DEB          
1 30770U 99025AUG 26280.01056892  .00000301  00000+0  17405-3 0  9994
2 30770  98.6582 282.5787 0014184 145.8553 275.9794 14.15992648 11199
FENGYUN 1C DEB          
1 30771U 99025AUH 26279.95599788  .00004073  00000+0  11247-2 0  9999
2 30771  98.9176 274.9762 0022343 122.4785 237.8570 14.47198834 13689
FENGYUN 1C DEB          
1 30802U 99025AUL 26280.22000811  .00002410  00000+0  86455-3 0  9997
2 30802  98.8342  18.2385 0018593 236.7599 181.7898 14.34764527 14788
FENGYUN 1C DEB          
1 30803U 99025AUM 26280.08931843  .00001088  00000+0  58305-3 0  9993
2 30803  99.2247 327.0720 0105252  87.6720 303.1306 14.12458860  1562
FENGYUN 1C DEB          
1 30804U 99025AUN 26280.22911199  .00000680  00000+0  13604-3 0  9992
2 30804  98.8713   9.4201 0182707   4.6760  21.1326 14.55635557 38133
FENGYUN 1C DEB          
1 30805U 99025AUP 26279.34145311  .00000310  00000+0  21975-3 0  9999
2 30805  98.7931 317.4584 0072888 173.2366 202.1211 14.03432374  1346
FENGYUN 1C DEB          
1 30806U 99025AUQ 26280.26708512  .00000624  00000+0  57587-3 0  9997
2 30806  99.0181 294.0011 0268334  64.6309 355.6282 13.70953028977853
FENGYUN 1C DEB          
1 30809U 99025AUT 26280.22374331  .00001972  00000+0  75283-3 0  9994
2 30809  98.7863  17.1999 0048460  20.8091 339.5050 14.31276849 13498
FENGYUN 1C DEB          
1 30810U 99025AUU 26279.90622366  .00004148  00000+0  21446-2 0  9992
2 30810  98.6785  84.4629 0173884 292.6894  65.5974 14.08021150985742
FENGYUN 1C DEB          
1 30811U 99025AUV 26278.98670245  .00000955  00000+0  98719-3 0  9999
2 30811  98.7604 293.9127 0276530 349.2598  10.2717 13.62661323969145
FENGYUN 1C DEB          
1 30814U 99025AUY 26279.99425891  .00007400  00000+0  13157-2 0  9993
2 30814  99.0912 292.1705 0029177  41.5497 348.6151 14.67196873 21070
FENGYUN 1C DEB          
1 30815U 99025AUZ 26279.57227870  .00013349  00000+0  14773-2 0  9999
2 30815  99.2946 128.0987 0002726   6.2129  54.0784 14.87511097 21554
FENGYUN 1C DEB          
1 30816U 99025AVA 26280.17418734  .00002022  00000+0  96695-3 0  9999
2 30816  98.8967 356.9270 0050605 279.2112 109.8585 14.19604882  6251
FENGYUN 1C DEB          
1 30817U 99025AVB 26279.79273854  .00000017  00000+0  38606-4 0  9999
2 30817  98.7893 263.6491 0058492 133.3132 227.2932 14.00877287   719
FENGYUN 1C DEB          
1 30820U 99025AVE 26279.99016008  .00002145  00000+0  95205-3 0  9992
2 30820  98.6761  16.6566 0049291  45.8076   8.8236 14.23410513  6622
FENGYUN 1C DEB          
1 30821U 99025AVF 26278.95701527  .00000969  00000+0  24747-3 0  9990
2 30821  99.1361  91.1115 0085627  37.6750 114.4757 14.50978078 30976
FENGYUN 1C DEB          
1 30822U 99025AVG 26280.05342032  .00000297  00000+0  18164-3 0  9997
2 30822  98.7092 304.7545 0074435 157.2870 229.7590 14.11656838  9065
FENGYUN 1C DEB          
1 30823U 99025AVH 26280.33493618  .00000145  00000+0  11286-3 0  9996
2 30823  98.8047  55.8497 0132481 330.2789  58.3130 14.02852837  2117
FENGYUN 1C DEB          
1 30826U 99025AVL 26279.47040659  .00002529  00000+0  25770-3 0  9996
2 30826  98.8353 151.9555 0139660 129.4247 352.9521 14.84803709 47015
FENGYUN 1C DEB          
1 30827U 99025AVM 26278.97035385  .00004908  00000+0  14968-2 0  9990
2 30827  99.0159 284.9221 0043523  24.2280 336.0942 14.41878650  8153
FENGYUN 1C DEB          
1 30828U 99025AVN 26280.29583390  .00004502  00000+0  41100-3 0  9992
2 30828  98.3971  45.7151 0189844 301.3866  56.8896 14.82898306 30592
FENGYUN 1C DEB          
1 30829U 99025AVP 26276.19339293  .00000432  00000+0  27300-3 0  9992
2 30829  98.7978 266.4540 0034710 221.1563 138.6989 14.09011252  5750
FENGYUN 1C DEB          
1 30830U 99025AVQ 26279.76474830  .00000258  00000+0  16201-3 0  9991
2 30830  98.7558 265.9066 0032019  63.9433  61.0396 14.12486968  8030
FENGYUN 1C DEB          
1 30831U 99025AVR 26279.71901040  .00000336  00000+0  14290-3 0  9998
2 30831  99.3553  99.9389 0054021 255.1929 104.3263 14.31648809695130
FENGYUN 1C DEB          
1 30833U 99025AVT 26279.77579909  .00000383  00000+0  17784-3 0  9994
2 30833  99.8679 108.4450 0033195  63.8212 296.6372 14.27279844686623
FENGYUN 1C DEB          
1 30836U 99025AVW 26278.87151588  .00000363  00000+0  21952-3 0  9996
2 30836  98.7150 308.7129 0027349 120.5267 239.8609 14.12255687661977
FENGYUN 1C DEB          
1 30837U 99025AVX 26279.95039203  .00000322  00000+0  18799-3 0  9996
2 30837  98.7076 263.4079 0032673   4.7572  18.6446 14.14847114 10271
FENGYUN 1C DEB          
1 30838U 99025AVY 26280.27974144  .00005252  00000+0  12950-2 0  9995
2 30838  99.0442 221.0279 0034825 348.2373  11.8003 14.52259254 16376
FENGYUN 1C DEB          
1 30840U 99025AWA 26279.99703483  .00001467  00000+0  21363-3 0  9994
2 30840  98.0182 287.9896 0211812 150.8559 210.4662 14.63234585774901
FENGYUN 1C DEB          
1 30843U 99025AWD 26280.21589945  .00000264  00000+0  68565-4 0  9999
2 30843  98.8234  12.4778 0146125 296.0229  62.5980 14.52895216 36240
FENGYUN 1C DEB          
1 30845U 99025AWF 26276.39793449  .00000154  00000+0  16841-3 0  9998
2 30845  98.4050 247.6200 0192175 192.2452 321.8975 13.77051194982988
FENGYUN 1C DEB          
1 30846U 99025AWG 26280.26279568  .00001207  00000+0  37097-3 0  9997
2 30846  99.3165 126.0214 0052341 179.9699 242.3745 14.42859098 22244
FENGYUN 1C DEB          
1 30847U 99025AWH 26279.14123659  .00001862  00000+0  89777-3 0  9991
2 30847  98.7598  79.8618 0063489 194.5654 227.7143 14.18836876  2700
FENGYUN 1C DEB          
1 30848U 99025AWJ 26279.57004866  .00001396  00000+0  49228-3 0  9996
2 30848  99.0367 133.9469 0041441 183.0696 177.0240 14.36006383 15800
FENGYUN 1C DEB          
1 30849U 99025AWK 26278.42963286  .00001605  00000+0  76389-3 0  9991
2 30849  99.0267 349.4673 0048469 238.0175 182.4452 14.20243129  5764
FENGYUN 1C DEB          
1 30850U 99025AWL 26280.07171234  .00002395  00000+0  11153-2 0  9995
2 30850  98.3818 134.0475 0110375  52.9353  99.4082 14.18189644   225
FENGYUN 1C DEB          
1 30852U 99025AWN 26279.99983249  .00000420  00000+0  25447-3 0  9992
2 30852  98.7203 294.0756 0057458 109.2623 251.4776 14.10722478  5793
FENGYUN 1C DEB          
1 30856U 99025AWS 26279.46329532  .00008833  00000+0  19945-2 0  9998
2 30856  98.2020 101.9135 0077442  42.3978  21.6523 14.54640462  8331
FENGYUN 1C DEB          
1 30857U 99025AWT 26279.01290889  .00011382  00000+0  23254-2 0  9993
2 30857  98.9712 296.3091 0036759 113.5941 246.9124 14.60624258 10529
FENGYUN 1C DEB          
1 30858U 99025AWU 26280.13175493  .00000367  00000+0  19908-3 0  9995
2 30858  98.7644 339.4539 0028861 336.1206  52.1502 14.18167254 12092
FENGYUN 1C DEB          
1 30859U 99025AWV 26280.18946480  .00006319  00000+0  14832-2 0  9996
2 30859  98.9154 353.6994 0030521 205.7782 154.1893 14.54558379 13639
FENGYUN 1C DEB          
1 30860U 99025AWW 26280.19603241  .00001593  00000+0  66675-3 0  9996
2 30860  98.8912   3.3837 0037253  47.5945 312.8377 14.27152804  7714
FENGYUN 1C DEB          
1 30862U 99025AWY 26280.27200171  .00004723  00000+0  12607-2 0  9995
2 30862  98.9577  32.6873 0044825 350.7732  38.8495 14.48308816 10073
FENGYUN 1C DEB          
1 30863U 99025AWZ 26279.60621878  .00000966  00000+0  19451-2 0  9991
2 30863  99.1504  45.8342 0865626 342.1452  27.2075 12.41255673634350
FENGYUN 1C DEB          
1 30867U 99025AXD 26280.16736484  .00002040  00000+0  79017-3 0  9998
2 30867  97.8611 163.3308 0048002 180.0034 333.5342 14.30321252  8017
FENGYUN 1C DEB          
1 30868U 99025AXE 26278.37330368  .00000146  00000+0  93015-4 0  9990
2 30868  98.2208 137.3651 0136912  79.6123  94.1177 14.11248966  8933
FENGYUN 1C DEB          
1 30872U 99025AXJ 26280.17816183  .00001599  00000+0  50952-3 0  9995
2 30872  99.1631 358.8285 0041396 231.1716 158.4260 14.40852368 20171
FENGYUN 1C DEB          
1 30873U 99025AXK 26279.94711035  .00000179  00000+0  99329-4 0  9994
2 30873  98.6238 277.1885 0109013 147.4115 213.3851 14.19356402 14232
FENGYUN 1C DEB          
1 30874U 99025AXL 26280.04296992  .00000485  00000+0  24514-3 0  9991
2 30874  98.4643 303.0976 0040253 253.6680 133.6552 14.20122707 12509
FENGYUN 1C DEB          
1 30876U 99025AXN 26279.91827093 -.00000128  00000+0 -57744-4 0  9997
2 30876  98.8415 259.2212 0067807 169.6206 218.0327 13.99379801998809
FENGYUN 1C DEB          
1 30878U 99025AXQ 26278.94831035  .00000507  00000+0  29601-3 0  9991
2 30878  98.7299 277.5142 0040503 167.0994 224.5242 14.12397514  5517
FENGYUN 1C DEB          
1 30879U 99025AXR 26279.47521120  .00013661  00000+0  13940-2 0  9995
2 30879  99.3280 187.0099 0164926  78.9177 283.0527 14.81163236663299
FENGYUN 1C DEB          
1 30880U 99025AXS 26279.93461818  .00001519  00000+0  64005-3 0  9993
2 30880  98.7766 357.7090 0019694 318.2095  41.7581 14.27102808  9639
FENGYUN 1C DEB          
1 30882U 99025AXU 26278.94230935  .00008601  00000+0  69820-3 0  9998
2 30882  97.9053 340.0263 0139063 140.5803 220.5636 14.92536041 40752
FENGYUN 1C DEB          
1 30883U 99025AXV 26278.86891294  .00000187  00000+0  11034-3 0  9996
2 30883  98.3315 301.7199 0113271  76.9795  46.5812 14.14734484 11032
FENGYUN 1C DEB          
1 30884U 99025AXW 26279.34657854  .00006541  00000+0  86029-3 0  9999
2 30884  98.8853 308.2300 0061025 119.9136 240.8152 14.79280110 30273
FENGYUN 1C DEB          
1 30885U 99025AXX 26279.46214270  .00005282  00000+0  12543-2 0  9994
2 30885  99.0104 146.8077 0052514  41.9460  79.1500 14.53544605 12702
FENGYUN 1C DEB          
1 30886U 99025AXY 26280.19838532  .00001975  00000+0  86946-3 0  9994
2 30886  99.1948 191.9024 0032661 267.5360  92.2078 14.24422965  6395
FENGYUN 1C DEB          
1 30887U 99025AXZ 26279.67771194  .00001629  00000+0  30598-3 0  9994
2 30887  98.3304 336.2081 0260800 102.1424 260.9112 14.46442754 24264
FENGYUN 1C DEB          
1 30888U 99025AYA 26280.08737027  .00007806  00000+0  58041-3 0  9995
2 30888  99.4689 327.7086 0069803 274.9601  84.3652 15.01421906 43848
FENGYUN 1C DEB          
1 30891U 99025AYD 26280.07862274  .00000515  00000+0  33237-3 0  9991
2 30891  98.7488 323.1975 0056700  71.2333 319.8706 14.06375254  1657
FENGYUN 1C DEB          
1 30892U 99025AYE 26279.18697561  .00000441  00000+0  23294-3 0  9997
2 30892  99.6979 254.6117 0039140  79.5956 280.9624 14.19359506685224
FENGYUN 1C DEB          
1 30893U 99025AYF 26277.26737057  .00000926  00000+0  48652-3 0  9993
2 30893  98.2453 278.5370 0306486 344.6129  26.4500 13.94818883990046
FENGYUN 1C DEB          
1 30895U 99025AYH 26279.44026712  .00000389  00000+0  12761-3 0  9991
2 30895  98.6878 353.9522 0214914 328.9735  88.6907 14.32098537 20473
FENGYUN 1C DEB          
1 30899U 99025AYM 26278.58390137  .00003598  00000+0  12580-2 0  9997
2 30899  99.1678 199.2572 0030635 144.1911 341.9400 14.35602991  8474
FENGYUN 1C DEB          
1 30902U 99025AYQ 26274.28976639  .00001430  00000+0  54698-3 0  9992
2 30902 100.2598 303.0017 0091136 186.2977 173.7061 14.30402344756744
FENGYUN 1C DEB          
1 30903U 99025AYR 26279.93619359  .00000291  00000+0  22959-3 0  9992
2 30903  99.3346 176.0341 0096400   2.2837 357.8747 13.97721212728704
FENGYUN 1C DEB          
1 30905U 99025AYT 26280.02006322  .00001552  00000+0  74758-3 0  9991
2 30905  98.8781   0.8682 0052808 309.1585  50.4905 14.19495921  2996
FENGYUN 1C DEB          
1 30906U 99025AYU 26279.21486165  .00000972  00000+0  47275-3 0  9997
2 30906  99.1795 279.5923 0076645 127.1704 233.6501 14.19133483682965
FENGYUN 1C DEB          
1 30907U 99025AYV 26276.95283096  .00000886  00000+0  46976-3 0  9995
2 30907  99.9276 335.6131 0056472  47.6377 312.9555 14.15923095 57262
FENGYUN 1C DEB          
1 30912U 99025AZA 26277.50191554  .00008341  00000+0  71842-3 0  9994
2 30912  98.9636 165.7630 0048884 227.1083 132.6026 14.96736899 38161
FENGYUN 1C DEB          
1 30913U 99025AZB 26280.02859839  .00000387  00000+0  26130-3 0  9995
2 30913  98.7232 300.9865 0049025  64.9532 295.6714 14.05450483   951
FENGYUN 1C DEB          
1 30914U 99025AZC 26278.43421970  .00001534  00000+0  23915-2 0  9991
2 30914  99.9818 148.7919 0510528  31.7282 331.3553 13.09683222629585
FENGYUN 1C DEB          
1 30915U 99025AZD 26279.95269112  .00001640  00000+0  68538-3 0  9997
2 30915  98.9318   6.9971 0050187  26.1043 334.2651 14.26893882  7492
FENGYUN 1C DEB          
1 30916U 99025AZE 26280.15685244  .00000889  00000+0  52115-3 0  9998
2 30916  98.9706 344.7632 0064947 142.3888 245.9099 14.09733618   159
FENGYUN 1C DEB          
1 30918U 99025AZG 26279.73606446  .00000652  00000+0  44214-3 0  9998
2 30918  98.4230  12.2055 0155310  11.2544 139.7915 13.97639630992143
FENGYUN 1C DEB          
1 30920U 99025AZJ 26280.20882432  .00003814  00000+0  17185-2 0  9995
2 30920  98.9141  68.0172 0105880 324.8652  34.5572 14.19898213993254
FENGYUN 1C DEB          
1 30921U 99025AZK 26280.26573771  .00002494  00000+0  88869-3 0  9996
2 30921  98.8400  19.3190 0017854 232.5992 153.1239 14.35087509 10913
FENGYUN 1C DEB          
1 30922U 99025AZL 26279.83959812  .00000687  00000+0  35519-3 0  9998
2 30922  98.6295 292.4265 0012696 273.3525 211.8201 14.18110141  7888
FENGYUN 1C DEB          
1 30925U 99025AZP 26275.67642310  .00003092  00000+0  85453-3 0  9996
2 30925  98.8968  66.2587 0031333  81.7834 291.9341 14.47206199 13148
FENGYUN 1C DEB          
1 30926U 99025AZQ 26279.91101666  .00002127  00000+0  17059-3 0  9997
2 30926  98.8384 260.6214 0158490 140.9789 220.2989 14.92102858 52108
FENGYUN 1C DEB          
1 30927U 99025AZR 26280.13877223  .00001924  00000+0  10604-2 0  9995
2 30927  99.1675 351.3199 0097528 250.4206 108.6414 14.10420403998886
FENGYUN 1C DEB          
1 30928U 99025AZS 26280.07965355  .00000382  00000+0  58012-3 0  9996
2 30928  98.8650 330.5192 0450675  24.5874   4.7065 13.22752914942924
FENGYUN 1C DEB          
1 30930U 99025AZU 26278.30081314  .00000620  00000+0  20569-3 0  9997
2 30930  98.1915 298.1479 0106451 294.3361 127.0995 14.38000034 25840
FENGYUN 1C DEB          
1 30931U 99025AZV 26280.14048009  .00000515  00000+0  35452-3 0  9997
2 30931  99.1407 343.7824 0091591 296.8020 119.8467 14.02066740   995
FENGYUN 1C DEB          
1 30932U 99025AZW 26279.06005744  .00003046  00000+0  11865-2 0  9999
2 30932  98.9125 223.2193 0053928 145.7135 214.7546 14.29695305  6265
FENGYUN 1C DEB          
1 30933U 99025AZX 26279.98976424  .00006284  00000+0  18404-2 0  9996
2 30933  99.0571 284.6004 0067378 161.1204 227.2799 14.42966061  1638
FENGYUN 1C DEB          
1 30934U 99025AZY 26280.23483865  .00000959  00000+0  11373-2 0  9990
2 30934  98.7397 125.5978 0341304  40.2549 322.3332 13.47545662957271
FENGYUN 1C DEB          
1 30936U 99025BAA 26280.02450145  .00000562  00000+0  26050-3 0  9993
2 30936  98.5533 308.0924 0047437 141.5319 248.8863 14.23922088 13777
FENGYUN 1C DEB          
1 30937U 99025BAB 26280.09903765  .00000051  00000+0  68536-4 0  9991
2 30937  99.0467 332.6358 0074295 316.5524  72.4110 13.95655824998786
FENGYUN 1C DEB          
1 30938U 99025BAC 26279.55849755  .00000341  00000+0  17768-3 0  9991
2 30938  98.5839 289.2742 0045502 199.9078 285.7284 14.20193470 13461
FENGYUN 1C DEB          
1 30940U 99025BAE 26279.92696071  .00000449  00000+0  28324-3 0  9995
2 30940  98.6377 272.4502 0039653 236.8213 153.2786 14.08682723  2400
FENGYUN 1C DEB          
1 30941U 99025BAF 26278.56921922  .00002663  00000+0  97704-3 0  9999
2 30941  98.5292 135.9374 0030592 154.9561 205.3116 14.33339035  8714
FENGYUN 1C DEB          
1 30942U 99025BAG 26280.24652959  .00000289  00000+0  15686-3 0  9990
2 30942  98.6945 275.7264 0136184 333.0677  90.8553 14.15109614  8219
FENGYUN 1C DEB          
1 30943U 99025BAH 26278.73731692  .00000417  00000+0  28388-3 0  9990
2 30943  98.7901 288.3698 0049073 313.9741  45.7384 14.04718440999113
FENGYUN 1C DEB          
1 30944U 99025BAJ 26280.18876872  .00000281  00000+0  72229-4 0  9996
2 30944  98.8153 356.5492 0146340 276.9192 109.7139 14.52819438 33858
FENGYUN 1C DEB          
1 30945U 99025BAK 26279.61351311  .00001876  00000+0  71868-3 0  9997
2 30945  99.3783 316.8117 0028847 260.0072 231.5179 14.31725996  6747
FENGYUN 1C DEB          
1 30946U 99025BAL 26280.33726870  .00000920  00000+0  24319-3 0  9993
2 30946  99.0735  62.0389 0087459  21.7881   8.1936 14.49339181 26597
FENGYUN 1C DEB          
1 30947U 99025BAM 26279.51908037  .00000407  00000+0  14080-3 0  9993
2 30947  98.7784 181.3291 0097356  85.9225 275.3082 14.38470941 27696
FENGYUN 1C DEB          
1 30949U 99025BAP 26279.94262741  .00000181  00000+0  10977-3 0  9997
2 30949  98.7174 271.8057 0116596 177.7231 212.0226 14.14277646  7294
FENGYUN 1C DEB          
1 30954U 99025BAU 26280.22163390  .00000861  00000+0  42438-3 0  9998
2 30954  98.7165  18.6584 0126417  54.4691 336.2664 14.15909230  6090
FENGYUN 1C DEB          
1 30956U 99025BAW 26280.03555788  .00000770  00000+0  41477-3 0  9996
2 30956  98.7345 313.0092 0049875 209.6082 180.1730 14.15069616  5261
FENGYUN 1C DEB          
1 30959U 99025BAZ 26279.25551539  .00003740  00000+0  11560-2 0  9990
2 30959  99.7085 271.7865 0050224  68.5084 292.1445 14.41270699646675
FENGYUN 1C DEB          
1 30960U 99025BBA 26275.64499208  .00002124  00000+0  27569-3 0  9997
2 30960  99.0307  67.0784 0182809 332.7749  26.3960 14.71091752 29917
FENGYUN 1C DEB          
1 30964U 99025BBE 26279.85177789  .00000940  00000+0  59574-3 0  9990
2 30964  98.6855 237.5426 0137723 123.1819 267.1279 14.01599022995709
FENGYUN 1C DEB          
1 30967U 99025BBH 26278.86984207  .00002178  00000+0  44690-3 0  9992
2 30967  98.7968 246.6635 0094177  50.9977 309.9560 14.59049971 33367
FENGYUN 1C DEB          
1 30971U 99025BBM 26279.71890248  .00001426  00000+0  18838-3 0  9993
2 30971  99.1795   7.6160 0158166 349.9718 162.5319 14.73746150 41022
FENGYUN 1C DEB          
1 30978U 99025BBU 26279.37352058  .00002029  00000+0  66011-3 0  9990
2 30978  98.2279 314.6911 0039652  45.5996 314.8427 14.39329960 27198
FENGYUN 1C DEB          
1 30979U 99025BBV 26279.47757329  .00008238  00000+0  76049-3 0  9992
2 30979  97.8009 175.9267 0178281 350.8450 184.4531 14.83522089 35301
FENGYUN 1C DEB          
1 30982U 99025BBY 26279.93052933  .00000485  00000+0  10843-3 0  9992
2 30982  98.2410 269.0468 0180744 114.9214 277.4004 14.51590061753796
FENGYUN 1C DEB          
1 30984U 99025BCA 26278.34957699  .00001624  00000+0  37367-3 0  9997
2 30984  98.2345 314.1967 0124914 175.7760 184.4521 14.52060426994661
FENGYUN 1C DEB          
1 30985U 99025BCB 26280.08584584  .00003622  00000+0  12498-2 0  9998
2 30985  99.2311 221.7623 0039294 226.8086 198.2722 14.36096113658457
FENGYUN 1C DEB          
1 30989U 99025BCF 26279.65371456  .00001249  00000+0  64294-3 0  9990
2 30989  99.0386   2.0771 0086866 335.9915  23.7219 14.15202064  1675
FENGYUN 1C DEB          
1 30993U 99025BCK 26280.26422235  .00002975  00000+0  99345-3 0  9998
2 30993  98.8482  25.9254 0017998 209.2006 180.5432 14.38167300 12082
FENGYUN 1C DEB          
1 30994U 99025BCL 26279.26202585  .00000107  00000+0  81685-4 0  9995
2 30994  98.7007 283.7891 0018664  53.9298 306.3599 14.11918733  7838
FENGYUN 1C DEB          
1 30996U 99025BCN 26278.73364729  .00001015  00000+0  35634-3 0  9998
2 30996  98.9355 199.6815 0049670 136.5409 254.1001 14.36580603 18245
FENGYUN 1C DEB          
1 30998U 99025BCQ 26280.25108667  .00004515  00000+0  11155-2 0  9996
2 30998  98.8256  23.0350 0010153  17.2068  12.2093 14.52556124 15037
FENGYUN 1C DEB          
1 30999U 99025BCR 26279.31810144  .00001330  00000+0  26632-3 0  9991
2 30999  99.0854 126.4024 0110420 153.5298 207.1598 14.59976757 31575
FENGYUN 1C DEB          
1 31000U 99025BCS 26275.20830042  .00000603  00000+0  31856-3 0  9994
2 31000  97.5636 262.3369 0162287 288.0577 132.1332 14.10222005740920
FENGYUN 1C DEB          
1 31001U 99025BCT 26280.17844633  .00001099  00000+0  29999-3 0  9993
2 31001  99.2386 183.8542 0145638 354.6425   5.3197 14.43629738 24908
FENGYUN 1C DEB          
1 31002U 99025BCU 26279.96317862  .00000590  00000+0  41759-3 0  9991
2 31002  98.8822 288.0314 0097509 240.9495 148.0338 13.99458185997762
FENGYUN 1C DEB          
1 31003U 99025BCV 26280.21283189  .00001635  00000+0  69304-3 0  9993
2 31003  98.8312   4.2911 0040047  71.6438 288.9091 14.26363319  7575
FENGYUN 1C DEB          
1 31005U 99025BCX 26280.28690432  .00001188  00000+0  97031-3 0  9996
2 31005  98.6334  34.6231 0180840 232.3904 154.9695 13.84201129984109
FENGYUN 1C DEB          
1 31007U 99025BCZ 26279.69664793  .00004468  00000+0  84141-3 0  9994
2 31007  98.1045 270.3668 0059207 180.9108 179.1996 14.63935584 24390
FENGYUN 1C DEB          
1 31009U 99025BDB 26279.95432177 -.00000106  00000+0 -42062-4 0  9998
2 31009  98.9145 273.2115 0056327 129.1144 260.7144 14.00565042   299
FENGYUN 1C DEB          
1 31010U 99025BDC 26279.91249467  .00004348  00000+0  16084-2 0  9997
2 31010 101.7175 173.3359 0105513 296.9504  62.0920 14.30104444998864
FENGYUN 1C DEB          
1 31012U 99025BDE 26280.23207047  .00000199  00000+0  94657-4 0  9998
2 31012  98.8892 189.0387 0083048 104.8692  46.2165 14.28090752 19880
FENGYUN 1C DEB          
1 31014U 99025BDG 26279.85643014  .00000439  00000+0  32411-3 0  9990
2 31014  98.9050 251.2981 0089696  89.3210 300.7146 13.98584957    45
FENGYUN 1C DEB          
1 31016U 99025BDJ 26279.29036190  .00000353  00000+0  14034-3 0  9997
2 31016  98.4260 291.1821 0113682 114.2404 259.6812 14.30862899 17251
FENGYUN 1C DEB          
1 31017U 99025BDK 26280.18900759  .00000339  00000+0  20790-3 0  9999
2 31017  98.7100 260.9292 0111638 224.3988 198.7887 14.09146109  4989
FENGYUN 1C DEB          
1 31018U 99025BDL 26279.75305314  .00001607  00000+0  78635-3 0  9997
2 31018  99.0211  16.1728 0055845 357.5844   2.5053 14.18573903  2788
FENGYUN 1C DEB          
1 31019U 99025BDM 26279.26907294 -.00000553  00000+0 -14652-2 0  9998
2 31019  98.7312  21.1666 1106334  69.6297 357.8367 11.83627145587002
FENGYUN 1C DEB          
1 31021U 99025BDP 26280.15610477  .00002791  00000+0  22115-3 0  9993
2 31021  98.3775  46.9711 0255977   8.2654 352.2652 14.79200461778399
FENGYUN 1C DEB          
1 31022U 99025BDQ 26279.46181798  .00000304  00000+0  26681-3 0  9995
2 31022  99.4839 174.7408 0110809  44.9797 316.0271 13.90732645661465
FENGYUN 1C DEB          
1 31023U 99025BDR 26275.17609413  .00000313  00000+0  20681-3 0  9993
2 31023  98.8428 258.6429 0083281 116.9307 244.0401 14.06829323736273
FENGYUN 1C DEB          
1 31024U 99025BDS 26280.01343285  .00000334  00000+0  17045-3 0  9998
2 31024  99.0425 205.3469 0074552 353.7120   6.3114 14.21191718  9384
FENGYUN 1C DEB          
1 31025U 99025BDT 26277.25266551  .00000462  00000+0  20134-3 0  9996
2 31025  98.6050 264.5286 0170080 236.2504 122.2369 14.21236481685626
FENGYUN 1C DEB          
1 31026U 99025BDU 26279.57513410  .00000123  00000+0  13672-3 0  9996
2 31026  98.7916 200.7473 0135397  97.0553  77.4761 13.83514787721441
FENGYUN 1C DEB          
1 31028U 99025BDW 26276.01108404  .00000102  00000+0  10497-3 0  9996
2 31028  98.7121 194.0093 0164066 208.1531 151.0685 13.89249602660892
FENGYUN 1C DEB          
1 31029U 99025BDX 26278.71313566  .00000425  00000+0  15952-3 0  9992
2 31029  98.8364 187.7764 0087485 281.5399 106.8798 14.34816017 20482
FENGYUN 1C DEB          
1 31030U 99025BDY 26280.00990833  .00001055  00000+0  47086-3 0  9990
2 31030  98.7404 345.7212 0025710 297.3315 184.3459 14.24697784  9465
FENGYUN 1C DEB          
1 31031U 99025BDZ 26279.77600808  .00000477  00000+0  23846-3 0  9998
2 31031  99.0775 210.0138 0029350  56.9503 331.9745 14.21448852 10832
FENGYUN 1C DEB          
1 31032U 99025BEA 26280.03386458  .00001130  00000+0  69097-3 0  9997
2 31032  99.3894 303.4084 0138394  97.9557 292.2752 14.03387543991641
FENGYUN 1C DEB          
1 31033U 99025BEB 26280.18885627  .00000342  00000+0  13890-3 0  9990
2 31033  98.4741 254.0544 0151654 313.5895 110.9814 14.27793363 15998
FENGYUN 1C DEB          
1 31035U 99025BED 26274.60214503  .00001903  00000+0  38564-3 0  9990
2 31035  98.6575  39.6479 0173997  56.7427   7.7969 14.53380420 14686
FENGYUN 1C DEB          
1 31036U 99025BEE 26280.30847910  .00000352  00000+0  94086-4 0  9998
2 31036  98.9441  49.1131 0138643  88.0253 303.6605 14.49543608616325
FENGYUN 1C DEB          
1 31038U 99025BEG 26280.25842712  .00000910  00000+0  25431-3 0  9996
2 31038  99.0135  27.9538 0083800  59.5755 301.3682 14.46805552 25463
FENGYUN 1C DEB          
1 31040U 99025BEJ 26278.92481088  .00000359  00000+0  19222-3 0  9993
2 31040  98.6827 266.7886 0063468  61.1568 329.0493 14.18013039  9152
FENGYUN 1C DEB          
1 31041U 99025BEK 26280.09530198  .00002294  00000+0  10600-2 0  9992
2 31041  99.1913 324.8238 0086914 194.3982 165.4715 14.19984370997210
FENGYUN 1C DEB          
1 31043U 99025BEM 26279.84162243  .00000475  00000+0  29761-3 0  9995
2 31043  98.7509 294.0805 0040257 240.3623 245.5270 14.08838537  1842
FENGYUN 1C DEB          
1 31046U 99025BEQ 26279.39174961  .00020794  00000+0  27810-2 0  9996
2 31046  98.9616  74.3632 0035429 254.9952 171.3013 14.79076232 10164
FENGYUN 1C DEB          
1 31047U 99025BER 26275.74586715  .00000359  00000+0  20969-3 0  9990
2 31047  98.7153 270.6759 0026692  62.0935 114.7837 14.14243783  4716
FENGYUN 1C DEB          
1 31049U 99025BET 26274.26854736  .00000018  00000+0  37463-4 0  9999
2 31049  98.8033 280.9955 0051480  31.9411 328.4860 14.04508431652212
FENGYUN 1C DEB          
1 31051U 99025BEV 26266.85784110  .00000556  00000+0  37922-3 0  9992
2 31051  98.7915 293.1393 0053173  60.2558 300.3885 14.03192081678171
FENGYUN 1C DEB          
1 31053U 99025BEX 26280.24396707  .00001039  00000+0  77545-3 0  9996
2 31053  98.8179  26.0043 0304908  16.0653 344.9914 13.77007812975838
FENGYUN 1C DEB          
1 31054U 99025BEY 26280.25839414  .00000151  00000+0  10509-3 0  9996
2 31054  98.6842 289.0966 0009740   0.3354  60.0506 14.12321507  9605
FENGYUN 1C DEB          
1 31055U 99025BEZ 26280.02208174  .00000371  00000+0  23106-3 0  9996
2 31055  98.7305 308.1305 0025588 145.4224 244.6447 14.10674759  3253
FENGYUN 1C DEB          
1 31056U 99025BFA 26280.19259575  .00000327  00000+0  19166-3 0  9998
2 31056  98.6994 259.5578 0024876 205.9317 218.0590 14.14646986 10338
FENGYUN 1C DEB          
1 31057U 99025BFB 26277.49718615  .00003078  00000+0  33244-3 0  9992
2 31057  99.2283   7.0609 0129740  46.3187 314.8687 14.83301880663328
FENGYUN 1C DEB          
1 31058U 99025BFC 26276.86038425  .00002548  00000+0  31940-3 0  9999
2 31058  99.5884 287.2261 0085778 276.1989  82.9452 14.80885027 38562
FENGYUN 1C DEB          
1 31062U 99025BFG 26278.96218964  .00000066  00000+0  10068-3 0  9996
2 31062  99.0155  90.2239 0170895 248.9455 265.8883 13.75811183983205
FENGYUN 1C DEB          
1 31064U 99025BFJ 26279.81430854  .00000237  00000+0  95593-4 0  9994
2 31064  98.6061 260.2787 0239342 215.0639 265.1839 14.22558937 14888
FENGYUN 1C DEB          
1 31065U 99025BFK 26279.31000612  .00001076  00000+0  43757-3 0  9991
2 31065  98.4514 294.4378 0033321 232.3792 127.4364 14.29233580688270
FENGYUN 1C DEB          
1 31068U 99025BFN 26278.72443978  .00000274  00000+0  16022-3 0  9998
2 31068  98.6636 254.1957 0164515 356.1850   3.8055 14.09406196  3476
FENGYUN 1C DEB          
1 31069U 99025BFP 26279.75515986  .00001621  00000+0  33501-3 0  9990
2 31069  99.1120 113.3866 0099992 254.7973 104.2149 14.58925212 30256
FENGYUN 1C DEB          
1 31071U 99025BFR 26275.10824083  .00002089  00000+0  48955-3 0  9997
2 31071  99.0356  20.8403 0055315 118.0381 242.6423 14.54826163697571
FENGYUN 1C DEB          
1 31072U 99025BFS 26279.03232245  .00000736  00000+0  26292-3 0  9994
2 31072  99.3189 308.7377 0206510 328.4093  30.4822 14.26459965  8662
FENGYUN 1C DEB          
1 31073U 99025BFT 26279.83894009  .00001340  00000+0  57401-3 0  9993
2 31073  99.1910 149.4209 0044063 149.9368 210.4353 14.26151927 13304
FENGYUN 1C DEB          
1 31074U 99025BFU 26280.22994291  .00002198  00000+0  10918-2 0  9996
2 31074  98.9549 201.6189 0084613 135.0851 225.7209 14.16296076998020
FENGYUN 1C DEB          
1 31078U 99025BFY 26279.00092684  .00000501  00000+0  22800-3 0  9999
2 31078  98.8345 345.6545 0115201  13.4270 109.3265 14.22651113 10684
FENGYUN 1C DEB          
1 31080U 99025BGA 26252.21710589  .00001812  00000+0  76443-3 0  9995
2 31080  99.1168  48.3740 0067280  40.6550 319.9624 14.25769786668062
FENGYUN 1C DEB          
1 31081U 99025BGB 26280.00493023 -.00000185  00000+0 -85696-4 0  9990
2 31081  98.7590 291.9834 0049187 112.4868 277.3577 14.06348734  6440
FENGYUN 1C DEB          
1 31082U 99025BGC 26278.82013227  .00000766  00000+0  41574-3 0  9991
2 31082  98.6737 282.3492 0069941  72.7530 288.1282 14.13968289  4476
FENGYUN 1C DEB          
1 31083U 99025BGD 26280.11060022  .00008251  00000+0  14005-2 0  9997
2 31083  98.6615  58.5554 0028383 102.6824 316.4408 14.69207846 20747
FENGYUN 1C DEB          
1 31085U 99025BGF 26280.15059475  .00000104  00000+0  55731-4 0  9995
2 31085  98.9547 135.3108 0085889 229.5036 261.7009 14.30456989 19821
FENGYUN 1C DEB          
1 31087U 99025BGH 26279.30748190  .00002539  00000+0  41794-3 0  9998
2 31087  98.0845 298.4802 0169193  77.4763 296.9561 14.62327559 31175
FENGYUN 1C DEB          
1 31088U 99025BGJ 26278.72600979  .00002451  00000+0  95351-3 0  9997
2 31088  99.3955   7.3407 0026790 285.1035 227.8583 14.30647851  7800
FENGYUN 1C DEB          
1 31089U 99025BGK 26279.88699633  .00000320  00000+0  25287-3 0  9995
2 31089  98.9864  55.7372 0205655 122.2055  29.4937 13.88744426721973
FENGYUN 1C DEB          
1 31091U 99025BGM 26279.13495075  .00000138  00000+0  20411-3 0  9991
2 31091  99.2566 242.2520 0287532 293.4577  63.6579 13.54494098656655
FENGYUN 1C DEB          
1 31092U 99025BGN 26280.27303292  .00000776  00000+0  96733-3 0  9996
2 31092  99.7401  33.0671 0328448 119.3867 244.0483 13.47088101959002
FENGYUN 1C DEB          
1 31093U 99025BGP 26280.30083558  .00000292  00000+0  26444-3 0  9996
2 31093  98.5960  97.6535 0208919 133.9542 227.9060 13.80878374986273
FENGYUN 1C DEB          
1 31094U 99025BGQ 26280.10130583  .00001122  00000+0  71315-3 0  9996
2 31094  98.8379 144.6414 0104627 297.0920  61.9603 14.03191841998021
FENGYUN 1C DEB          
1 31095U 99025BGR 26279.70452662  .00000439  00000+0  77590-3 0  9997
2 31095  98.5879   8.3774 0499495 198.6255 159.5987 13.06765013933394
FENGYUN 1C DEB          
1 31097U 99025BGT 26279.91076912  .00004906  00000+0  12200-2 0  9991
2 31097  98.8691  63.1019 0014181  96.2502  34.5042 14.52178850 13588
FENGYUN 1C DEB          
1 31098U 99025BGU 26280.06418612  .00006757  00000+0  14774-2 0  9991
2 31098  98.8793  61.4487 0011957  72.8262 287.4243 14.58068500 12973
FENGYUN 1C DEB          
1 31099U 99025BGV 26280.20216764  .00000317  00000+0  14231-3 0  9997
2 31099  98.9108 184.2653 0063659 134.3405  19.4092 14.28261305 17248
FENGYUN 1C DEB          
1 31146U 99025BGY 26278.08199533  .00001117  00000+0  36694-3 0  9993
2 31146  99.0655 224.9566 0211651  30.4017 330.9241 14.28525319  9861
FENGYUN 1C DEB          
1 31148U 99025BHA 26279.45740563  .00001603  00000+0  42785-3 0  9990
2 31148  98.8393 182.2795 0131046 242.3373 116.4466 14.44958558 17775
FENGYUN 1C DEB          
1 31150U 99025BHC 26279.98718924  .00000124  00000+0  89673-4 0  9992
2 31150  98.6861 284.6910 0015593  36.8706  20.1216 14.12883986  5055
FENGYUN 1C DEB          
1 31151U 99025BHD 26279.01690939  .00002704  00000+0  10845-2 0  9991
2 31151  99.1269 302.5671 0053444 247.7186 111.8321 14.28378780  2151
FENGYUN 1C DEB          
1 31152U 99025BHE 26280.22988755  .00000087  00000+0  41814-4 0  9997
2 31152  98.4431 265.3132 0128283 222.4551 207.7070 14.36018167 23331
FENGYUN 1C DEB          
1 31155U 99025BHH 26277.70233001  .00001476  00000+0  84011-3 0  9994
2 31155  99.0235 352.2430 0088148 252.5680 106.5838 14.09478999997557
FENGYUN 1C DEB          
1 31157U 99025BHK 26277.17589986  .00000225  00000+0  11285-3 0  9997
2 31157  98.5097 255.2032 0099620 184.8463 175.1760 14.22874514 11733
FENGYUN 1C DEB          
1 31158U 99025BHL 26278.46471744  .00002426  00000+0  84863-3 0  9990
2 31158  98.7687   6.6375 0045919 238.2699 121.4006 14.35528016687346
FENGYUN 1C DEB          
1 31160U 99025BHN 26279.41982188 -.00000235  00000+0 -12888-3 0  9994
2 31160  99.0427 337.7089 0058510 155.6861 204.7084 13.99672255737632
FENGYUN 1C DEB          
1 31161U 99025BHP 26278.27105968  .00000380  00000+0  23690-3 0  9993
2 31161  98.7303 296.1064 0067539 229.8877 129.6362 14.09544514  2744
FENGYUN 1C DEB          
1 31163U 99025BHR 26277.52089610  .00000694  00000+0  26761-3 0  9997
2 31163  98.9419 160.0768 0054468 109.7358 250.9711 14.32726498689761
FENGYUN 1C DEB          
1 31165U 99025BHT 26280.12184209  .00002457  00000+0  36369-3 0  9993
2 31165  98.8634  12.4169 0065030  23.6708  93.5523 14.74826221 31388
FENGYUN 1C DEB          
1 31168U 99025BHW 26279.19915025  .00003239  00000+0  51024-3 0  9993
2 31168  98.9282  82.0106 0103526 221.2456 138.0894 14.69754825 34646
FENGYUN 1C DEB          
1 31169U 99025BHX 26278.07922805  .00002843  00000+0  11279-2 0  9991
2 31169  99.1391 323.2668 0055749 241.8633 117.6907 14.28808238613332
FENGYUN 1C DEB          
1 31171U 99025BHZ 26279.17448255  .00005114  00000+0  14434-2 0  9998
2 31171  98.0332 254.4764 0142955 135.4601 239.3710 14.40233896  1026
FENGYUN 1C DEB          
1 31172U 99025BJA 26279.95157951  .00000184  00000+0  75602-4 0  9993
2 31172  98.4312 280.8688 0149936 105.2022 256.5797 14.31732640 18851
FENGYUN 1C DEB          
1 31173U 99025BJB 26252.43688324  .00001563  00000+0  76908-3 0  9992
2 31173  98.2100 323.3964 0063495  12.5262 347.7475 14.17851999678330
FENGYUN 1C DEB          
1 31175U 99025BJD 26280.26430868  .00014547  00000+0  21635-2 0  9996
2 31175  98.3941 292.9969 0056448 309.5439  50.0788 14.73974062700186
FENGYUN 1C DEB          
1 31177U 99025BJF 26280.18495317  .00001823  00000+0  17283-2 0  9996
2 31177  98.7578 169.3231 0297944 252.6248 263.7571 13.64130572702781
FENGYUN 1C DEB          
1 31178U 99025BJG 26277.82032473  .00001918  00000+0  78917-3 0  9991
2 31178  99.5051 308.8347 0123512 197.8736 161.8078 14.24196517   224
FENGYUN 1C DEB          
1 31179U 99025BJH 26280.27439536  .00000754  00000+0  51359-3 0  9994
2 31179  99.0032 297.2260 0213029 265.7134  91.9659 13.92669734660954
FENGYUN 1C DEB          
1 31180U 99025BJJ 26279.60779137  .00000151  00000+0  93413-4 0  9994
2 31180  99.2589  45.8280 0496217 358.8879  61.9051 13.70700500681472
FENGYUN 1C DEB          
1 31181U 99025BJK 26279.02806509  .00000850  00000+0  47700-3 0  9998
2 31181  98.7513 309.9790 0045712 308.4552  80.9742 14.12733995999643
FENGYUN 1C DEB          
1 31182U 99025BJL 26278.92264590  .00000349  00000+0  20225-3 0  9991
2 31182  98.7075 265.1056 0023370  12.2127  17.8784 14.14904184  2584
FENGYUN 1C DEB          
1 31183U 99025BJM 26279.83271010  .00002465  00000+0  60375-3 0  9999
2 31183  99.0481 291.3070 0044275 293.7511 192.0403 14.52920010 17956
FENGYUN 1C DEB          
1 31185U 99025BJP 26279.19920529  .00000413  00000+0  29104-3 0  9992
2 31185  98.8504 272.2092 0040451 357.6065   2.4902 14.03162772665089
FENGYUN 1C DEB          
1 31186U 99025BJQ 26279.04199369  .00000481  00000+0  28062-3 0  9994
2 31186  99.1823 206.9504 0024935 310.0733 112.5074 14.13343343  2550
FENGYUN 1C DEB          
1 31187U 99025BJR 26277.99737756  .00021372  00000+0  27457-2 0  9993
2 31187  99.2150 182.3808 0197058  40.0885 321.4670 14.68457478734363
FENGYUN 1C DEB          
1 31188U 99025BJS 26279.84695809  .00001655  00000+0  70631-3 0  9997
2 31188  98.7289 351.1860 0059568 106.7834 321.9902 14.25430557  5661
FENGYUN 1C DEB          
1 31190U 99025BJU 26279.80342921  .00000790  00000+0  51411-3 0  9994
2 31190  98.8135 288.6204 0068288 145.1820 215.3844 14.04178244997291
FENGYUN 1C DEB          
1 31191U 99025BJV 26280.18982755  .00000728  00000+0  22793-3 0  9995
2 31191  98.7663 193.9879 0092894  27.1884 333.4124 14.41401746 22910
FENGYUN 1C DEB          
1 31192U 99025BJW 26278.72856504  .00000837  00000+0  28997-3 0  9998
2 31192  98.5844 259.0707 0256048 321.8711  36.4589 14.21638668  9294
FENGYUN 1C DEB          
1 31194U 99025BJY 26278.69950449  .00001343  00000+0  45123-3 0  9992
2 31194  98.9416 184.8900 0056995 122.8880 237.7808 14.37958325 13624
FENGYUN 1C DEB          
1 31195U 99025BJZ 26279.03258337  .00000137  00000+0  91408-4 0  9997
2 31195  98.7466 308.8338 0172492  62.7418 299.1205 14.08111807  2503
FENGYUN 1C DEB          
1 31196U 99025BKA 26275.76533227  .00000540  00000+0  23919-3 0  9997
2 31196  98.5198 285.9080 0059087  73.4204 287.3455 14.26065200676855
FENGYUN 1C DEB          
1 31198U 99025BKC 26279.07471060  .00000033  00000+0  64699-4 0  9991
2 31198  98.6075 359.5159 0202927 273.0834  84.7117 13.75586601668410
FENGYUN 1C DEB          
1 31199U 99025BKD 26275.18862362  .00000154  00000+0  10866-3 0  9999
2 31199  98.7453 254.3636 0064512 147.2113 277.2038 14.10164650  2905
FENGYUN 1C DEB          
1 31201U 99025BKF 26278.46182932  .00000988  00000+0  31851-3 0  9997
2 31201  98.9680 156.9808 0138851 200.4229 287.3090 14.36333281 15066
FENGYUN 1C DEB          
1 31202U 99025BKG 26279.25544501  .00007209  00000+0  74555-3 0  9991
2 31202  96.5551 277.7935 0060881 251.0469 120.7911 14.88941811 34970
FENGYUN 1C DEB          
1 31205U 99025BKK 26279.54679822  .00000083  00000+0  50267-4 0  9999
2 31205  99.2398  32.5964 0162528  67.4317 294.3967 14.24125419 14507
FENGYUN 1C DEB          
1 31206U 99025BKL 26280.25699188  .00000891  00000+0  27970-3 0  9998
2 31206  98.8387 203.3573 0075009 193.8023 166.1115 14.41528169 21293
FENGYUN 1C DEB          
1 31208U 99025BKN 26275.33713112  .00004783  00000+0  83381-3 0  9999
2 31208  99.2561 100.7367 0013350  86.6046  36.2543 14.68521224747808
FENGYUN 1C DEB          
1 31209U 99025BKP 26279.54897793  .00005370  00000+0  14522-2 0  9998
2 31209  98.8874  33.7273 0023136 173.8704 186.2775 14.48042889691124
FENGYUN 1C DEB          
1 31210U 99025BKQ 26278.24371622  .00000351  00000+0  21338-3 0  9992
2 31210  98.7296 276.3325 0017604  37.7141  27.4133 14.12324147  1537
FENGYUN 1C DEB          
1 31211U 99025BKR 26279.88522591  .00001124  00000+0  53135-3 0  9996
2 31211  98.6489 314.7510 0048589 307.6497  52.0277 14.21111228675267
FENGYUN 1C DEB          
1 31212U 99025BKS 26278.06989887  .00001389  00000+0  73108-3 0  9996
2 31212  99.1950 323.2564 0073716  60.4983 300.3515 14.14372653998462
FENGYUN 1C DEB          
1 31215U 99025BKV 26272.40197473  .00001291  00000+0  45791-3 0  9992
2 31215  99.0407 135.5079 0066986 195.1739 164.7436 14.35068604  5893
FENGYUN 1C DEB          
1 31217U 99025BKX 26279.23596366  .00000777  00000+0  37991-3 0  9997
2 31217  98.6410 284.1916 0098978  25.1279 335.4666 14.18220461  5324
FENGYUN 1C DEB          
1 31218U 99025BKY 26279.15760207  .00036177  00000+0  34442-2 0  9996
2 31218  98.8391  65.7978 0009561 182.8803 177.2360 14.93263881 14060
FENGYUN 1C DEB          
1 31219U 99025BKZ 26277.01575235  .00001339  00000+0  69322-3 0  9993
2 31219  99.2693 303.2967 0078609  69.5771 291.3821 14.15143886997441
FENGYUN 1C DEB          
1 31222U 99025BLC 26280.27549895  .00008842  00000+0  51189-3 0  9990
2 31222  98.5933  26.8921 0150188 166.1605 194.3806 15.03389949 44612
FENGYUN 1C DEB          
1 31223U 99025BLD 26280.09903023  .00003363  00000+0  26288-2 0  9992
2 31223  99.0414 157.2478 0247907 326.4556  32.1107 13.79464182968398
FENGYUN 1C DEB          
1 31224U 99025BLE 26278.75766669  .00000714  00000+0  26005-3 0  9991
2 31224  98.3939 264.4623 0156897   6.3532 170.3653 14.29490609734932
FENGYUN 1C DEB          
1 31225U 99025BLF 26280.20814705  .00001769  00000+0  83134-3 0  9997
2 31225  98.9757   2.2153 0087759 219.1803 167.9753 14.19358363   543
FENGYUN 1C DEB          
1 31226U 99025BLG 26272.21954851  .00000371  00000+0  15506-3 0  9993
2 31226  98.3654 264.1872 0128168  61.2856 300.1137 14.27096935661964
FENGYUN 1C DEB          
1 31228U 99025BLJ 26280.08269992  .00000746  00000+0  25529-3 0  9996
2 31228  98.8688 206.1710 0076512 286.8051 203.9651 14.37732148 18525
FENGYUN 1C DEB          
1 31229U 99025BLK 26280.21101492  .00001522  00000+0  67981-3 0  9993
2 31229  98.8544   2.1937 0053771 158.9253 201.4157 14.23417639  3222
FENGYUN 1C DEB          
1 31231U 99025BLM 26275.77376335  .00011154  00000+0  10714-2 0  9994
2 31231  98.8654 111.7872 0116202 253.7600 105.0803 14.88253739673782
FENGYUN 1C DEB          
1 31234U 99025BLQ 26279.26174961  .00000389  00000+0  24640-3 0  9998
2 31234  98.8046 270.7275 0074633 108.2710 252.6599 14.08262660769074
FENGYUN 1C DEB          
1 31235U 99025BLR 26280.20644405  .00005888  00000+0  22340-2 0  9993
2 31235  98.4453  61.4214 0168216 229.7212 128.9160 14.23921188674087
FENGYUN 1C DEB          
1 31236U 99025BLS 26280.03972352  .00003572  00000+0  20486-2 0  9997
2 31236  98.5417 215.5606 0304872 307.8336  49.5586 13.89149288651620
FENGYUN 1C DEB          
1 31237U 99025BLT 26279.77437346  .00000581  00000+0  22245-3 0  9999
2 31237  98.4666 276.1857 0087736 185.6469 174.3734 14.32102512 15267
FENGYUN 1C DEB          
1 31239U 99025BLV 26279.52932075  .00000310  00000+0  19674-3 0  9995
2 31239  98.7769 271.9307 0050726  76.4729  49.7476 14.10197820  2068
FENGYUN 1C DEB          
1 31240U 99025BLW 26264.79975256  .00000496  00000+0  30313-3 0  9996
2 31240  98.7566 266.4975 0044359 297.0707 236.8606 14.09942952260856
FENGYUN 1C DEB          
1 31241U 99025BLX 26279.94391031  .00000628  00000+0  21227-3 0  9994
2 31241  99.2664  95.1276 0066199  30.4440 330.0563 14.39512227 19584
FENGYUN 1C DEB          
1 31243U 99025BLZ 26279.05643232  .00000551  00000+0  34343-3 0  9999
2 31243  98.7239 314.5544 0065511  51.1270 309.5720 14.07798369734906
FENGYUN 1C DEB          
1 31244U 99025BMA 26277.42788799  .00000156  00000+0  11472-3 0  9996
2 31244  99.0019 344.9191 0102029  70.0935 291.1192 14.06604997617963
FENGYUN 1C DEB          
1 31246U 99025BMC 26275.78769277  .00002014  00000+0  10814-2 0  9998
2 31246  98.7915 120.8771 0142660 235.5350 123.2273 14.09003805658914
FENGYUN 1C DEB          
1 31247U 99025BMD 26280.24374620  .00000375  00000+0  25544-3 0  9995
2 31247  99.3400 182.8345 0059343 324.0038 188.1651 14.05690416997145
FENGYUN 1C DEB          
1 31248U 99025BME 26279.39964396  .00000627  00000+0  49061-3 0  9995
2 31248  99.2318 341.5608 0110173 224.1040 195.7463 13.93175972989687
FENGYUN 1C DEB          
1 31250U 99025BMG 26279.96745312  .00001305  00000+0  78805-3 0  9998
2 31250  98.3714 111.8465 0131483 172.8045 187.5052 14.03920546997016
FENGYUN 1C DEB          
1 31252U 99025BMJ 26279.29756426  .00000972  00000+0  24450-3 0  9990
2 31252  98.3018 294.8858 0211060 355.2021   4.7142 14.41028542 14921
FENGYUN 1C DEB          
1 31253U 99025BMK 26277.46335805  .00000135  00000+0  80567-4 0  9995
2 31253  99.0409 346.8499 0288888 348.7694  10.7115 14.03908911731476
FENGYUN 1C DEB          
1 31254U 99025BML 26279.38424862  .00000664  00000+0  21010-3 0  9995
2 31254  98.4236 328.4472 0150398  34.4020  29.9518 14.37087905 16711
FENGYUN 1C DEB          
1 31255U 99025BMM 26279.99021773  .00000419  00000+0  19051-3 0  9997
2 31255  99.3119 112.9272 0268715 232.3414 125.3103 14.10197653  9407
FENGYUN 1C DEB          
1 31256U 99025BMN 26277.83109334  .00003698  00000+0  14907-2 0  9995
2 31256  98.6585 118.0987 0301886 359.5854   0.5022 14.06654375691409
FENGYUN 1C DEB          
1 31259U 99025BMR 26280.19145735  .00001495  00000+0  75771-3 0  9996
2 31259  98.9998   7.4762 0062887  71.5190 319.0346 14.16576617997931
FENGYUN 1C DEB          
1 31260U 99025BMS 26280.23701822  .00001324  00000+0  45003-3 0  9994
2 31260  98.9413 194.1133 0046430 131.1410  21.4289 14.37750665 14777
FENGYUN 1C DEB          
1 31261U 99025BMT 26278.86415804  .00001449  00000+0  45298-3 0  9997
2 31261  99.0446 253.8409 0051310  75.0503 285.6357 14.41629891 16253
FENGYUN 1C DEB          
1 31262U 99025BMU 26279.72450382  .00001874  00000+0  89237-3 0  9997
2 31262  98.9958  12.6738 0052128 326.8162 189.5486 14.19895077999354
FENGYUN 1C DEB          
1 31264U 99025BMW 26279.49931700  .00000594  00000+0  30624-3 0  9995
2 31264  99.0958 189.4870 0001203  55.1292 120.6496 14.19166492  6293
FENGYUN 1C DEB          
1 31266U 99025BMY 26278.98986057  .00000256  00000+0  12465-3 0  9993
2 31266  99.2767 282.3982 0130150 157.9771 230.1743 14.22674323 14099
FENGYUN 1C DEB          
1 31268U 99025BNA 26274.32825304  .00000697  00000+0  43800-3 0  9992
2 31268  98.7313 311.7151 0048976  81.2705 279.4007 14.06973820661461
FENGYUN 1C DEB          
1 31269U 99025BNB 26279.11710885  .00004278  00000+0  84644-3 0  9992
2 31269  98.1469 151.4121 0231789  86.9198  66.1587 14.47136274  7746
FENGYUN 1C DEB          
1 31272U 99025BNE 26280.15723350  .00000680  00000+0  30195-3 0  9998
2 31272  99.0544 166.2190 0105940 338.8484  20.8329 14.23518428 12252
FENGYUN 1C DEB          
1 31274U 99025BNG 26277.32248462  .00000419  00000+0  31928-3 0  9996
2 31274  99.0224  90.8549 0239599  31.6516 329.8798 13.86156068983010
FENGYUN 1C DEB          
1 31275U 99025BNH 26278.37865761  .00000744  00000+0  48407-3 0  9991
2 31275  98.9175 321.0401 0102595 246.8437 112.1894 14.03092738996452
FENGYUN 1C DEB          
1 31279U 99025BNM 26280.25374402  .00000701  00000+0  29749-3 0  9993
2 31279  98.5171 285.5571 0073576  24.8513 335.6183 14.26945962 14630
FENGYUN 1C DEB          
1 31281U 99025BNP 26279.45984493  .00052359  00000+0  11223-2 0  9996
2 31281  98.4046  98.0445 0066438 142.0439 218.5515 15.42198527 42511
FENGYUN 1C DEB          
1 31282U 99025BNQ 26278.68352654  .00000281  00000+0  89550-4 0  9996
2 31282  99.2346 225.6672 0127820 130.3618 230.8814 14.43856936 13956
FENGYUN 1C DEB          
1 31284U 99025BNS 26280.11961256  .00000711  00000+0  48863-3 0  9992
2 31284  99.7336  37.2223 0141493 335.4155  24.0305 13.98445935993325
FENGYUN 1C DEB          
1 31285U 99025BNT 26279.88359222  .00000446  00000+0  16582-3 0  9997
2 31285  98.5534 257.9945 0199775  34.5753 355.6263 14.26407399 15338
FENGYUN 1C DEB          
1 31286U 99025BNU 26278.85936360  .00003434  00000+0  14246-2 0  9992
2 31286 100.8590 243.9987 0073756 196.4807 163.3966 14.25949572682503
FENGYUN 1C DEB          
1 31287U 99025BNV 26278.68778877  .00001876  00000+0  74559-3 0  9993
2 31287  99.3902   2.5515 0026325 287.8511  71.9798 14.29880628  9236
FENGYUN 1C DEB          
1 31293U 99025BPB 26279.29044392  .00000083  00000+0  43788-4 0  9996
2 31293  98.4246 282.9650 0127512  85.0379 276.5347 14.30922534694999
FENGYUN 1C DEB          
1 31294U 99025BPC 26275.77680742  .00000351  00000+0  19133-3 0  9995
2 31294  98.5630 264.5655 0098361 215.1647 144.3011 14.15756985 10138
FENGYUN 1C DEB          
1 31295U 99025BPD 26279.64780053 -.00000018  00000+0  13679-4 0  9993
2 31295  98.3401  81.6082 0078559 135.7535 224.9947 13.96920767996624
FENGYUN 1C DEB          
1 31296U 99025BPE 26280.11576277  .00034293  00000+0  32427-2 0  9990
2 31296  99.0566 239.5326 0018009   7.1155 353.0313 14.93462061 17669
FENGYUN 1C DEB          
1 31297U 99025BPF 26279.23628488  .00000627  00000+0  13248-3 0  9999
2 31297  98.9741  83.6326 0136163 298.5083 237.8552 14.57973942 36344
FENGYUN 1C DEB          
1 31300U 99025BPJ 26279.22632176  .00001671  00000+0  85141-3 0  9993
2 31300  99.5390  24.3140 0058696 308.5770 117.8792 14.16425121  3614
FENGYUN 1C DEB          
1 31302U 99025BPL 26279.14404566  .00001779  00000+0  71800-3 0  9992
2 31302  99.3954 349.0541 0025783 282.8527 107.1126 14.29197987  5656
FENGYUN 1C DEB          
1 31303U 99025BPM 26279.31440159  .00000130  00000+0  95573-4 0  9994
2 31303  98.6938 291.1904 0011757  36.3774 323.8195 14.11134545  5096
FENGYUN 1C DEB          
1 31311U 99025BPP 26280.20740628  .00002206  00000+0  84032-3 0  9990
2 31311  98.8443  11.8244 0017145 285.2475 104.5602 14.31854973  4870
FENGYUN 1C DEB          
1 31312U 99025BPQ 26280.18955156  .00000600  00000+0  42127-3 0  9997
2 31312  98.8824 262.4490 0059666 125.6439 297.2197 14.01187338993251
FENGYUN 1C DEB          
1 31313U 99025BPR 26278.71010776  .00000342  00000+0  17176-3 0  9993
2 31313  99.0017 194.1257 0045923  51.3567 309.1707 14.22608371 12596
FENGYUN 1C DEB          
1 31314U 99025BPS 26278.24711812  .00000238  00000+0  16965-3 0  9990
2 31314  98.8423 269.4851 0077284 246.1020 113.2037 14.05166489649781
FENGYUN 1C DEB          
1 31319U 99025BPX 26280.15413389  .00000065  00000+0  97205-4 0  9991
2 31319  98.7938 161.9034 0170184  10.7923 140.6486 13.75916747977912
FENGYUN 1C DEB          
1 31320U 99025BPY 26274.22642550  .00001980  00000+0  85360-3 0  9993
2 31320  98.3142  75.7648 0097540 329.3737  30.1770 14.23048805645147
FENGYUN 1C DEB          
1 31321U 99025BPZ 26279.47818888  .00000099  00000+0  74463-4 0  9998
2 31321  98.7085 356.0508 0030468  52.1816 308.2108 14.13963312615917
FENGYUN 1C DEB          
1 31322U 99025BQA 26278.34939041  .00000118  00000+0  13860-3 0  9994
2 31322  98.5338 315.8998 0237423 295.5644 124.7726 13.73119983663467
FENGYUN 1C DEB          
1 31323U 99025BQB 26280.13506168  .00001850  00000+0  74294-3 0  9997
2 31323  99.4001 346.8108 0029395 303.7460  56.0919 14.29336099682415
FENGYUN 1C DEB          
1 31324U 99025BQC 26277.08640800  .00000112  00000+0  81223-4 0  9991
2 31324  99.1349 210.2190 0049435 189.5506 170.4731 14.14849646  5436
FENGYUN 1C DEB          
1 31325U 99025BQD 26269.03651368  .00002661  00000+0  12713-2 0  9996
2 31325  98.9930  11.7384 0070806 124.2016 236.5897 14.18721687638490
FENGYUN 1C DEB          
1 31327U 99025BQF 26279.12554537  .00027443  00000+0  10099-2 0  9999
2 31327  98.9556 340.8323 0062747  94.6937 266.1466 15.25966683 46133
FENGYUN 1C DEB          
1 31328U 99025BQG 26278.87396422  .00000106  00000+0  55133-4 0  9995
2 31328  98.5222 250.3700 0105229  63.0696 298.1190 14.29065617 16753
FENGYUN 1C DEB          
1 31329U 99025BQH 26277.84693847  .00004449  00000+0  71219-3 0  9999
2 31329  98.9054 295.7393 0049793 246.6116 112.9846 14.71529831 69659
FENGYUN 1C DEB          
1 31331U 99025BQK 26278.29958291 -.00000011  00000+0  20811-4 0  9994
2 31331  98.8608 300.5150 0054395  80.8167 279.9146 14.00778520680086
FENGYUN 1C DEB          
1 31332U 99025BQL 26280.25549590  .00000838  00000+0  47035-3 0  9994
2 31332  98.7039 287.0353 0047949 254.9819 240.5545 14.12645920  1818
FENGYUN 1C DEB          
1 31333U 99025BQM 26276.75868779  .00000699  00000+0  28800-3 0  9992
2 31333  98.4214 285.5297 0096069 238.5851 120.5909 14.27393429  7785
FENGYUN 1C DEB          
1 31336U 99025BQQ 26279.43776576  .00000421  00000+0  14370-3 0  9996
2 31336  98.4263 335.0858 0091208 307.6027  64.1802 14.39194701 20582
FENGYUN 1C DEB          
1 31338U 99025BQS 26278.36541631  .00003524  00000+0  15283-2 0  9991
2 31338  98.6996 119.9065 0072519 333.3713  26.3749 14.23442534678740
FENGYUN 1C DEB          
1 31339U 99025BQT 26279.81786831  .00000881  00000+0  48284-3 0  9997
2 31339  98.7023 293.2089 0073847 195.4467 164.4452 14.13007417998862
FENGYUN 1C DEB          
1 31341U 99025BQV 26280.05937966  .00003371  00000+0  76440-3 0  9997
2 31341  99.5342   8.1711 0052398 179.5022 304.7348 14.56051804 19561
FENGYUN 1C DEB          
1 31342U 99025BQW 26279.70784611  .00000208  00000+0  80965-4 0  9999
2 31342  98.9753 253.0133 0112804  63.7246 297.5478 14.37004566 21637
FENGYUN 1C DEB          
1 31345U 99025BQZ 26276.74655750  .00001784  00000+0  94605-3 0  9999
2 31345  98.0962 267.3619 0067277 309.4380  50.0853 14.13583332996684
FENGYUN 1C DEB          
1 31346U 99025BRA 26279.31438456  .00013500  00000+0  54601-3 0  9999
2 31346  98.8761 301.7273 0091215  99.4217 261.7340 15.21058583 39969
FENGYUN 1C DEB          
1 31348U 99025BRC 26278.68598727  .00001724  00000+0  60904-3 0  9996
2 31348  99.1520 251.8220 0032381 281.4451 254.9415 14.35821071  5006
FENGYUN 1C DEB          
1 31349U 99025BRD 26278.91195764  .00001259  00000+0  78167-3 0  9990
2 31349  99.2513 319.8593 0070473 141.6906 218.9297 14.05773027671117
FENGYUN 1C DEB          
1 31350U 99025BRE 26279.32912061  .00000645  00000+0  23474-3 0  9994
2 31350  98.9706 107.9549 0065584 334.1374  25.6536 14.35571989745220
FENGYUN 1C DEB          
1 31351U 99025BRF 26279.90298007  .00000287  00000+0  19015-3 0  9994
2 31351  98.8238 264.1340 0091622 293.0384  66.1143 14.07227123655682
FENGYUN 1C DEB          
1 31353U 99025BRH 26275.64300406  .00000705  00000+0  22107-3 0  9991
2 31353  99.0082 216.2588 0224882 293.0712  64.6904 14.30740935  6244
FENGYUN 1C DEB          
1 31356U 99025BRL 26276.23608139  .00011168  00000+0  13196-2 0  9996
2 31356  98.6561  63.8716 0025476  50.3889 309.9566 14.84624439694780
FENGYUN 1C DEB          
1 31357U 99025BRM 26280.02354699 -.00000023  00000+0  92322-5 0  9998
2 31357  98.5806 306.8035 0050535 150.8007 239.6770 14.18558921  9222
FENGYUN 1C DEB          
1 31359U 99025BRP 26278.05057189  .00004436  00000+0  18892-2 0  9992
2 31359  99.0787  30.6270 0072570 163.7792 196.5732 14.24265706 28175
FENGYUN 1C DEB          
1 31360U 99025BRQ 26279.75793548  .00002907  00000+0  14378-2 0  9994
2 31360  97.9770 111.7629 0102343  81.1422 280.1326 14.15268692674117
FENGYUN 1C DEB          
1 31361U 99025BRR 26277.17658739  .00000117  00000+0  77289-4 0  9994
2 31361  98.5886 247.1885 0044046 299.6639  60.0154 14.17884405  7316
FENGYUN 1C DEB          
1 31362U 99025BRS 26280.21758503  .00000160  00000+0  10007-3 0  9996
2 31362  98.6725 272.0759 0017537 321.8006  38.1926 14.17551261  7941
FENGYUN 1C DEB          
1 31364U 99025BRU 26280.19937808  .00002625  00000+0  12713-2 0  9995
2 31364  99.2697  56.8520 0087929  28.0847 332.5029 14.17359873991013
FENGYUN 1C DEB          
1 31365U 99025BRV 26279.53117837  .00003145  00000+0  90741-3 0  9990
2 31365  98.6690  14.9969 0038866  51.3130 309.1527 14.44925723  9153
FENGYUN 1C DEB          
1 31367U 99025BRX 26278.01702963  .00000801  00000+0  21455-3 0  9996
2 31367  98.7236 187.1969 0096269 202.4916 171.0735 14.48489483 27347
FENGYUN 1C DEB          
1 31368U 99025BRY 26271.34034743  .00000864  00000+0  38278-3 0  9990
2 31368  99.1274 112.1622 0044668 179.2783 180.8467 14.25347975685870
FENGYUN 1C DEB          
1 31369U 99025BRZ 26279.23291375  .00000234  00000+0  12879-3 0  9993
2 31369  98.6517 258.1531 0055346 159.1603 216.4665 14.19685447685483
FENGYUN 1C DEB          
1 31370U 99025BSA 26277.27044154  .00000325  00000+0  20736-3 0  9990
2 31370  98.7657 274.4466 0033722 178.8943 181.2308 14.10022502  4305
FENGYUN 1C DEB          
1 31371U 99025BSB 26279.05888651  .00000670  00000+0  42901-3 0  9998
2 31371  98.7399 306.5351 0078856 132.3864 228.4014 14.05133866999214
FENGYUN 1C DEB          
1 31372U 99025BSC 26278.00191615  .00001691  00000+0  69198-3 0  9991
2 31372  99.3780 295.5710 0030952 309.2790  50.5644 14.28456182   726
FENGYUN 1C DEB          
1 31374U 99025BSE 26279.26177176  .00006132  00000+0  18410-2 0  9993
2 31374  99.6423  90.6695 0136184 209.4240 149.9228 14.37887942  2451
FENGYUN 1C DEB          
1 31376U 99025BSG 26280.30394011  .00005469  00000+0  97208-3 0  9996
2 31376  98.8406 223.4134 0047673  65.2691 295.3462 14.66869275 25105
FENGYUN 1C DEB          
1 31378U 99025BSJ 26280.26829834  .00000499  00000+0  47554-3 0  9996
2 31378 100.7479 214.7030 0166824 165.9325 194.6552 13.80553018983429
FENGYUN 1C DEB          
1 31381U 99025BSM 26278.51283488  .00000766  00000+0  21720-3 0  9998
2 31381  98.4760   3.1659 0195078 225.1321 133.3882 14.37963229 16610
FENGYUN 1C DEB          
1 31383U 99025BSP 26278.41491006  .00001014  00000+0  60932-3 0  9991
2 31383  99.0399 345.2345 0108222 210.5565 209.7420 14.06294664995384
FENGYUN 1C DEB          
1 31384U 99025BSQ 26280.33760203  .00002633  00000+0  10596-2 0  9992
2 31384  98.4778 224.7050 0429533 298.1495 217.9998 13.88670215971652
FENGYUN 1C DEB          
1 31385U 99025BSR 26277.53834582  .00000287  00000+0  89654-4 0  9999
2 31385  98.9605  28.2126 0132176 254.8608 164.6119 14.44335392 28852
FENGYUN 1C DEB          
1 31386U 99025BSS 26279.94023376  .00001417  00000+0  10625-2 0  9994
2 31386  98.4431 271.0087 0194753 184.2966 175.6529 13.87383468979957
FENGYUN 1C DEB          
1 31387U 99025BST 26279.49527061  .00000314  00000+0  14444-3 0  9994
2 31387  99.1282 170.1783 0241938  52.8656 309.4353 14.13865201  4957
FENGYUN 1C DEB          
1 31388U 99025BSU 26280.21564910  .00000042  00000+0  49840-4 0  9998
2 31388  98.8325 266.0754 0047988  82.3999 342.8584 14.07558909  6341
FENGYUN 1C DEB          
1 31389U 99025BSV 26279.52662479  .00013022  00000+0  20167-2 0  9991
2 31389  99.0359 120.8392 0026435 349.0693  65.4785 14.73122943  8582
FENGYUN 1C DEB          
1 31410U 99025BSW 26277.00026946  .00001144  00000+0  31058-3 0  9994
2 31410  98.8596  96.1950 0109392 122.8525  27.2328 14.46174265 20135
FENGYUN 1C DEB          
1 31411U 99025BSX 26279.42023299  .00000487  00000+0  20005-3 0  9990
2 31411  98.6336 343.0399 0102299 104.0356 320.0426 14.28515000987298
FENGYUN 1C DEB          
1 31412U 99025BSY 26274.76663168  .00001298  00000+0  72100-3 0  9992
2 31412  98.5616 209.7123 0079221 220.3763 139.1511 14.11212497651236
FENGYUN 1C DEB          
1 31415U 99025BTB 26256.17948472  .00001949  00000+0  72711-3 0  9995
2 31415  99.6686 243.7066 0062332  13.5582 346.7255 14.32213099667575
FENGYUN 1C DEB          
1 31416U 99025BTC 26279.45388499  .00000528  00000+0  16178-3 0  9996
2 31416  99.0156 351.3805 0133594  92.0307 269.6185 14.41186182698071
FENGYUN 1C DEB          
1 31419U 99025BTF 26272.81873999  .00004365  00000+0  63159-3 0  9990
2 31419  98.7810 115.2088 0037931   6.9232 353.2491 14.76242533693151
FENGYUN 1C DEB          
1 31420U 99025BTG 26278.87662100  .00000725  00000+0  21020-3 0  9991
2 31420  97.5222 147.2785 0135285 132.2107 290.3001 14.41632440692745
FENGYUN 1C DEB          
1 31422U 99025BTJ 26276.92984100  .00000344  00000+0  21862-3 0  9995
2 31422  98.7763 271.2944 0034051 183.0191 208.1512 14.09935595998217
FENGYUN 1C DEB          
1 31423U 99025BTK 26278.22965081  .00000163  00000+0  90566-4 0  9995
2 31423  98.6170 257.2035 0037412  55.2391 305.2301 14.23143614 11254
FENGYUN 1C DEB          
1 31424U 99025BTL 26276.80219374  .00000242  00000+0  15834-3 0  9997
2 31424  98.4466 307.6908 0092844 345.9929  13.8669 14.08560918673241
FENGYUN 1C DEB          
1 31426U 99025BTN 26280.33602010  .00001471  00000+0  78197-3 0  9991
2 31426  98.6076  61.2856 0320259  82.0653 310.7822 13.91678077977248
FENGYUN 1C DEB          
1 31427U 99025BTP 26277.82071724  .00009896  00000+0  18367-2 0  9995
2 31427  98.6866  46.6682 0028936 183.3201 176.7813 14.65161312 12095
FENGYUN 1C DEB          
1 31428U 99025BTQ 26277.74132873  .00001318  00000+0  39602-3 0  9997
2 31428  99.0634 272.3914 0062758 359.5390 175.5973 14.43409336 17395
FENGYUN 1C DEB          
1 31429U 99025BTR 26280.10778297  .00001073  00000+0  48984-3 0  9999
2 31429  98.6594 329.6457 0012953 276.3249 114.6650 14.23603203  1863
FENGYUN 1C DEB          
1 31430U 99025BTS 26277.96514159  .00001192  00000+0  50905-3 0  9994
2 31430  98.7195 345.0107 0026082 256.0549 278.7431 14.26754347  3403
FENGYUN 1C DEB          
1 31431U 99025BTT 26270.08902761  .00001661  00000+0  98986-3 0  9993
2 31431  98.5193 145.7151 0134054   3.4672 356.7394 14.04189932985776
FENGYUN 1C DEB          
1 31433U 99025BTV 26280.21790425  .00002469  00000+0  96348-3 0  9990
2 31433  98.3938 177.1257 0092630 232.7126 280.0295 14.28180599998097
FENGYUN 1C DEB          
1 31435U 99025BTX 26280.00157763  .00000301  00000+0  74819-4 0  9994
2 31435  99.0377 120.5311 0148160   1.7105 358.4566 14.53894803 26460
FENGYUN 1C DEB          
1 31437U 99025BTZ 26280.23085870  .00003596  00000+0  10162-2 0  9998
2 31437  98.8587  18.8394 0014395  89.1592 271.1248 14.46235027  8067
FENGYUN 1C DEB          
1 31439U 99025BUB 26280.24768582  .00000797  00000+0  56360-3 0  9990
2 31439  98.9210 281.8938 0138066  60.6607   2.2392 13.96139401673976
FENGYUN 1C DEB          
1 31440U 99025BUC 26275.23094104  .00002407  00000+0  78285-3 0  9997
2 31440  98.7413  13.4050 0039282 190.4892 169.5480 14.39284282  4837
FENGYUN 1C DEB          
1 31441U 99025BUD 26274.55762258  .00035493  00000+0  24149-2 0  9994
2 31441  99.2793 193.4812 0059854 123.4392 237.2572 15.04749147684500
FENGYUN 1C DEB          
1 31442U 99025BUE 26277.99274579  .00000566  00000+0  20915-3 0  9991
2 31442  98.5178   4.8314 0078149 212.8172 146.8147 14.34498704 16075
FENGYUN 1C DEB          
1 31443U 99025BUF 26279.63231827  .00002826  00000+0  57838-3 0  9999
2 31443  99.2300  52.2983 0182502 289.3982  68.7565 14.51808966712609
FENGYUN 1C DEB          
1 31444U 99025BUG 26279.20031401  .00009098  00000+0  12114-2 0  9994
2 31444  98.9429 257.0012 0048794 220.9707 138.7831 14.79110171 18041
FENGYUN 1C DEB          
1 31447U 99025BUK 26278.38099237  .00000511  00000+0  18583-3 0  9994
2 31447  98.9556 331.1296 0229317 220.0787 138.3278 14.24329991690740
FENGYUN 1C DEB          
1 31448U 99025BUL 26277.31772988  .00000821  00000+0  33676-3 0  9992
2 31448  98.4956 285.8061 0059738  56.9930 303.6973 14.28676399685237
FENGYUN 1C DEB          
1 31449U 99025BUM 26280.00771692  .00000256  00000+0  95823-4 0  9999
2 31449  98.5146 339.6420 0145763 104.9121 256.8256 14.34032376 18878
FENGYUN 1C DEB          
1 31451U 99025BUP 26279.40477992  .00000344  00000+0  20303-3 0  9998
2 31451  98.7294 320.0050 0032304  86.0493 287.0129 14.13956447  1472
FENGYUN 1C DEB          
1 31452U 99025BUQ 26278.73944845  .00000357  00000+0  20288-3 0  9996
2 31452  98.6864 262.5741 0040367   0.6003 359.5213 14.15539475  4055
FENGYUN 1C DEB          
1 31455U 99025BUT 26279.75009343  .00000252  00000+0  13117-3 0  9994
2 31455  98.6042 260.5495 0215931 280.7014  76.9913 14.11733749  3056
FENGYUN 1C DEB          
1 31456U 99025BUU 26280.08640838  .00001429  00000+0  42115-3 0  9990
2 31456  98.5899  29.6146 0068039 137.9346 222.7096 14.43844002 17620
FENGYUN 1C DEB          
1 31459U 99025BUX 26279.95231265  .00002895  00000+0  77235-3 0  9996
2 31459  98.1572 182.1678 0090626 304.4741  54.7914 14.46741888688660
FENGYUN 1C DEB          
1 31462U 99025BVA 26279.84601942  .00000334  00000+0  19938-3 0  9993
2 31462  98.6759 294.3697 0033352  76.5570  49.7010 14.13321999   416
FENGYUN 1C DEB          
1 31463U 99025BVB 26279.81289177  .00000505  00000+0  14585-3 0  9996
2 31463  99.0997 283.7230 0209793 245.3417 112.5792 14.37752071690024
FENGYUN 1C DEB          
1 31464U 99025BVC 26278.39380350  .00000262  00000+0  16283-3 0  9991
2 31464  98.7568 324.1260 0044844 119.9245 253.6459 14.12745956988683
FENGYUN 1C DEB          
1 31466U 99025BVE 26277.57048837  .00000086  00000+0  43803-4 0  9996
2 31466  99.1109 220.6580 0298713 186.6018 173.1183 14.18793397  4699
FENGYUN 1C DEB          
1 31467U 99025BVF 26278.38035602  .00001998  00000+0  12258-2 0  9994
2 31467  98.5762 133.8523 0150106 251.6852 106.7936 14.01372949 39001
FENGYUN 1C DEB          
1 31468U 99025BVG 26276.71563921  .00001057  00000+0  25429-3 0  9991
2 31468  98.1864 267.9903 0163849 345.4684  14.1827 14.47593922716385
FENGYUN 1C DEB          
1 31471U 99025BVK 26278.41563452  .00001972  00000+0  90339-3 0  9991
2 31471  97.9540 136.1878 0143827 209.6443 149.6527 14.16992451681763
FENGYUN 1C DEB          
1 31473U 99025BVM 26279.36038863  .00001912  00000+0  71923-3 0  9993
2 31473  98.5214 311.9295 0063521 215.9398 156.1141 14.31543502737771
FENGYUN 1C DEB          
1 31474U 99025BVN 26277.88855758  .00001334  00000+0  73923-3 0  9999
2 31474  99.1305 333.9232 0070475  97.9480 262.9696 14.11788353991474
FENGYUN 1C DEB          
1 31475U 99025BVP 26271.97127328  .00001668  00000+0  42873-3 0  9999
2 31475  98.9129 177.6859 0207161 330.0304  28.9152 14.39672844  1807
FENGYUN 1C DEB          
1 31476U 99025BVQ 26279.93453065  .00001418  00000+0  63439-3 0  9998
2 31476  98.8831   1.1774 0049747  34.7562 325.6849 14.23570177999403
FENGYUN 1C DEB          
1 31477U 99025BVR 26279.22566554  .00000009  00000+0  32484-4 0  9991
2 31477  98.9118 267.3561 0108213 280.0115  78.8854 14.03108884995754
FENGYUN 1C DEB          
1 31480U 99025BVU 26279.97683208  .00002807  00000+0  13788-2 0  9995
2 31480  98.3295 106.5180 0337339 110.6377 253.1301 13.92644779975433
FENGYUN 1C DEB          
1 31482U 99025BVW 26279.81474830  .00000931  00000+0  31599-3 0  9996
2 31482  98.3887 280.7522 0089595 111.4572  12.3462 14.36668804 14016
FENGYUN 1C DEB          
1 31483U 99025BVX 26279.71000807  .00003785  00000+0  17224-2 0  9993
2 31483 102.5138 355.0707 0121459 198.7612 313.1399 14.18870469989287
FENGYUN 1C DEB          
1 31484U 99025BVY 26279.12177127  .00013434  00000+0  25835-2 0  9998
2 31484 101.8062 343.7552 0065831  60.8270 299.9484 14.62436929685702
FENGYUN 1C DEB          
1 31485U 99025BVZ 26280.22005523  .00003163  00000+0  32054-2 0  9991
2 31485 102.7030 189.1122 0447203  32.7293 330.0712 13.41478735944451
FENGYUN 1C DEB          
1 31487U 99025BWB 26280.27130149  .00000949  00000+0  66940-3 0  9992
2 31487 102.4012 197.7558 0118065 306.0851 205.7628 13.98763018985841
FENGYUN 1C DEB          
1 31491U 99025BWE 26277.02851413  .00001551  00000+0  75839-3 0  9997
2 31491  99.3007 204.7001 0049061 151.0614 209.3297 14.18896616679138
FENGYUN 1C DEB          
1 31492U 99025BWF 26280.01723691  .00012827  00000+0  15468-2 0  9996
2 31492  98.8544 120.5572 0048528 148.4898 211.9236 14.83127818  8904
FENGYUN 1C DEB          
1 31493U 99025BWG 26280.16762055  .00000807  00000+0  61708-3 0  9994
2 31493 100.1599 259.7311 0117988 109.7084 251.6846 13.93588465640226
FENGYUN 1C DEB          
1 31495U 99025BWJ 26277.50745679  .00001549  00000+0  60773-3 0  9998
2 31495  99.0940 169.3529 0027666  41.4270 318.9002 14.30725150676184
FENGYUN 1C DEB          
1 31497U 99025BWL 26275.73521735  .00000156  00000+0  55614-4 0  9990
2 31497  98.4010 258.1182 0167098 179.3758 355.7788 14.39590374 17204
FENGYUN 1C DEB          
1 31498U 99025BWM 26279.80548103  .00001485  00000+0  12620-2 0  9995
2 31498  98.5014 225.0364 0219866  58.9828 303.2717 13.78181790968380
FENGYUN 1C DEB          
1 31499U 99025BWN 26280.16449347  .00002279  00000+0  10905-2 0  9993
2 31499  97.6576  47.2330 0250619  51.0331 311.2881 14.04690849665559
FENGYUN 1C DEB          
1 31502U 99025BWR 26279.74661459  .00001930  00000+0  97609-3 0  9990
2 31502  99.0835  20.5581 0070632 109.7221 251.1589 14.16095908647908
FENGYUN 1C DEB          
1 31503U 99025BWS 26279.50185324  .00001164  00000+0  52792-3 0  9990
2 31503 100.0786 193.7270 0050308  79.6833 281.0008 14.23616563684821
FENGYUN 1C DEB          
1 31507U 99025BWW 26280.06197396  .00000789  00000+0  18607-3 0  9998
2 31507  98.1640 309.9300 0113950 237.2344 180.1598 14.53181853 23493
FENGYUN 1C DEB          
1 31508U 99025BWX 26280.32840767  .00008546  00000+0  14061-2 0  9993
2 31508  98.6432  49.7161 0029464 117.5927 242.8275 14.70541092 12945
FENGYUN 1C DEB          
1 31509U 99025BWY 26278.59398101  .00001869  00000+0  11860-2 0  9995
2 31509  99.0394  37.0734 0192664 125.2283 236.7083 13.96343157981031
FENGYUN 1C DEB          
1 31510U 99025BWZ 26278.77763649  .00000531  00000+0  24301-3 0  9990
2 31510  98.5655 275.6057 0036978 181.9024 353.5586 14.25141674  6354
FENGYUN 1C DEB          
1 31511U 99025BXA 26278.78012143  .00000812  00000+0  31839-3 0  9994
2 31511  99.0801 104.4085 0107269  86.9733 274.3716 14.29133138   154
FENGYUN 1C DEB          
1 31512U 99025BXB 26279.56045433  .00001203  00000+0  31970-3 0  9991
2 31512  98.7828 190.1858 0141837 337.0076 146.4685 14.44844198698013
FENGYUN 1C DEB          
1 31513U 99025BXC 26275.56127241  .00002116  00000+0  75304-3 0  9999
2 31513  98.8649  24.5178 0024958 344.8919  15.1517 14.35248596770801
FENGYUN 1C DEB          
1 31514U 99025BXD 26278.72321964  .00002280  00000+0  10246-2 0  9994
2 31514  99.2385 198.5846 0055317 354.4477   5.6079 14.22633379735459
FENGYUN 1C DEB          
1 31515U 99025BXE 26277.48179608  .00000716  00000+0  41474-3 0  9993
2 31515  98.8890   6.1204 0053722  30.0276 330.3958 14.11338675625349
FENGYUN 1C DEB          
1 31516U 99025BXF 26278.59238606  .00000402  00000+0  16715-3 0  9993
2 31516  98.8630  42.2429 0148994  98.7902 327.2962 14.25918463  6960
FENGYUN 1C DEB          
1 31519U 99025BXJ 26277.22163599  .00000450  00000+0  21190-3 0  9999
2 31519  98.5896 271.6179 0053409 102.8746 257.8406 14.23898419689697
FENGYUN 1C DEB          
1 31522U 99025BXM 26279.29929299  .00000415  00000+0  28396-3 0  9995
2 31522  98.6969 290.0245 0044308  85.9883 274.6348 14.04439506991722
FENGYUN 1C DEB          
1 31523U 99025BXN 26278.95728218 -.00000023  00000+0  10623-4 0  9997
2 31523  98.7143 324.7118 0038016 345.0663 137.0624 14.13884142  1852
FENGYUN 1C DEB          
1 31524U 99025BXP 26269.57626368  .00000713  00000+0  31695-3 0  9995
2 31524  99.2446 162.8626 0277814  43.2144  71.3257 14.07640080672009
FENGYUN 1C DEB          
1 31527U 99025BXS 26279.15328878  .00000443  00000+0  66480-3 0  9998
2 31527  98.9318  47.5172 0447937 294.7647  60.7497 13.23642882941249
FENGYUN 1C DEB          
1 31531U 99025BXW 26275.85234236  .00001231  00000+0  30730-3 0  9995
2 31531  98.3503 317.5519 0241639 108.4302 254.3317 14.37172483681579
FENGYUN 1C DEB          
1 31533U 99025BXY 26273.95682243  .00000330  00000+0  14850-3 0  9995
2 31533  98.9338 178.2004 0063895 221.5825 138.0487 14.28071358702936
FENGYUN 1C DEB          
1 31535U 99025BYA 26258.79680097  .00000914  00000+0  35999-3 0  9992
2 31535  98.0197  91.8140 0088198  58.3933 302.5821 14.29125973758870
FENGYUN 1C DEB          
1 31536U 99025BYB 26279.46600491  .00006788  00000+0  84741-3 0  9994
2 31536  98.2189 188.7457 0276555 300.3780  57.0343 14.59252592  5874
FENGYUN 1C DEB          
1 31537U 99025BYC 26278.70959769  .00010813  00000+0  25482-2 0  9996
2 31537  99.3155  94.8134 0328068 196.6560 162.3638 14.26433990975081
FENGYUN 1C DEB          
1 31540U 99025BYF 26279.32136687  .00003074  00000+0  43538-3 0  9999
2 31540  99.0662 115.3424 0170118 104.7559 257.2562 14.68461264 26500
FENGYUN 1C DEB          
1 31541U 99025BYG 26279.22509756  .00002443  00000+0  38210-3 0  9990
2 31541  99.0070  97.3118 0074709  38.1278 322.5178 14.72024161 27887
FENGYUN 1C DEB          
1 31542U 99025BYH 26280.11995557  .00001374  00000+0  60901-3 0  9993
2 31542  98.7069 336.4413 0046487  65.1285 295.4717 14.24135673  1862
FENGYUN 1C DEB          
1 31544U 99025BYK 26279.42114573  .00000699  00000+0  38172-3 0  9992
2 31544  98.7987 331.8747 0033350 142.0624 218.2908 14.14995985999667
FENGYUN 1C DEB          
1 31546U 99025BYM 26280.09731937  .00001343  00000+0  65285-3 0  9990
2 31546  98.2233 331.3208 0140512 353.9735   5.9744 14.14733193990054
FENGYUN 1C DEB          
1 31547U 99025BYN 26275.10850125  .00001523  00000+0  66533-3 0  9995
2 31547  99.0681 333.3187 0053783 132.3315 228.2438 14.24622674681920
FENGYUN 1C DEB          
1 31550U 99025BYR 26278.92890028  .00001018  00000+0  26590-3 0  9996
2 31550  98.3238 275.4975 0189645  96.1745 266.1085 14.41350879697342
FENGYUN 1C DEB          
1 31552U 99025BYT 26252.10421689  .00008118  00000+0  19523-2 0  9998
2 31552  98.6255  24.9037 0078417 281.8050  77.4356 14.51730318997920
FENGYUN 1C DEB          
1 31553U 99025BYU 26279.68451788  .00001941  00000+0  73286-3 0  9998
2 31553  98.9873 349.9542 0027410 309.6020 202.4185 14.32346775   940
FENGYUN 1C DEB          
1 31554U 99025BYV 26278.89324731  .00008907  00000+0  19269-2 0  9997
2 31554  98.9171  77.6580 0034855 199.2059 160.7826 14.58123389691794
FENGYUN 1C DEB          
1 31555U 99025BYW 26277.19891898  .00003984  00000+0  95219-3 0  9993
2 31555  99.1279 258.5612 0149313  38.8526 322.3286 14.47663122  8336
FENGYUN 1C DEB          
1 31557U 99025BYY 26279.71550954  .00000570  00000+0  15970-3 0  9994
2 31557  98.3188 259.3732 0171181  92.5756 269.5042 14.41511882653911
FENGYUN 1C DEB          
1 31558U 99025BYZ 26279.69020253  .00000376  00000+0  10675-3 0  9997
2 31558  98.7665 187.2788 0211601  97.8983 294.7350 14.39168236 17192
FENGYUN 1C DEB          
1 31559U 99025BZA 26280.20266384  .00003365  00000+0  59347-3 0  9994
2 31559  98.8858 263.2402 0052789 354.6393  69.4256 14.67373661 19268
FENGYUN 1C DEB          
1 31560U 99025BZB 26279.91167696  .00000035  00000+0  32615-4 0  9999
2 31560  98.5537 312.3442 0121103 163.1021 197.4245 14.21293188  8532
FENGYUN 1C DEB          
1 31561U 99025BZC 26279.23480311  .00000179  00000+0  13984-3 0  9993
2 31561  98.7369 268.0062 0057850  70.6618 302.7302 14.03102289993500
FENGYUN 1C DEB          
1 31562U 99025BZD 26279.96547351  .00001338  00000+0  40280-3 0  9999
2 31562  99.2819 102.5459 0056597 125.9076 234.7383 14.43530056 12740
FENGYUN 1C DEB          
1 31563U 99025BZE 26279.97048857  .00002012  00000+0  33786-3 0  9991
2 31563  98.9743 105.9431 0109109 239.3413 119.6998 14.67160622 28994
FENGYUN 1C DEB          
1 31565U 99025BZG 26279.61593662  .00006135  00000+0  17768-2 0  9994
2 31565 100.7140 232.0514 0049550 276.2417  83.3123 14.44241681686469
FENGYUN 1C DEB          
1 31566U 99025BZH 26279.86356023  .00003179  00000+0  10125-2 0  9995
2 31566  98.9350 356.3473 0025600 193.2363 234.5639 14.40370460  6768
FENGYUN 1C DEB          
1 31567U 99025BZJ 26279.77411376  .00002875  00000+0  19040-2 0  9996
2 31567 102.3191 249.6021 0180797 310.9563  47.6060 13.95148531715628
FENGYUN 1C DEB          
1 31568U 99025BZK 26278.78103046  .00001124  00000+0  68497-3 0  9996
2 31568 102.0470 262.0186 0123552 101.5398 259.9660 14.05552550987507
FENGYUN 1C DEB          
1 31569U 99025BZL 26280.25365940  .00002705  00000+0  17295-2 0  9990
2 31569 102.6066 192.0201 0176303  14.2425 135.7326 13.97519590978460
FENGYUN 1C DEB          
1 31570U 99025BZM 26278.19877451  .00007834  00000+0  27807-2 0  9995
2 31570 102.5732  90.5823 0140136 199.2372 160.3472 14.29526952675975
FENGYUN 1C DEB          
1 31608U 99025BZN 26277.20225770  .00006515  00000+0  56872-3 0  9999
2 31608  98.4125  57.8150 0135341 158.0994 202.6083 14.90344761 30090
FENGYUN 1C DEB          
1 31609U 99025BZP 26280.06287377  .00002936  00000+0  14020-2 0  9990
2 31609  99.1957 323.8641 0093948 195.4641 195.7494 14.17707607703099
FENGYUN 1C DEB          
1 31613U 99025BZT 26275.65129713  .00000687  00000+0  60583-3 0  9990
2 31613  98.4509  69.4829 0342017  47.5933 315.3620 13.64293787957682
FENGYUN 1C DEB          
1 31615U 99025BZV 26279.67830532  .00006920  00000+0  18718-2 0  9994
2 31615  99.1436 355.4985 0156102 163.4815 197.1541 14.41094919695620
FENGYUN 1C DEB          
1 31618U 99025BZY 26276.74976278  .00000448  00000+0  20186-3 0  9992
2 31618  99.4797  85.7522 0156284 213.1080 146.0238 14.21485746744557
FENGYUN 1C DEB          
1 31619U 99025BZZ 26279.44673695  .00221891  00000+0  66949-2 0  9993
2 31619  99.0327 168.8303 0037626  45.4552 314.9747 15.32683648679698
FENGYUN 1C DEB          
1 31620U 99025CAA 26277.55262345  .00003570  00000+0  11316-2 0  9991
2 31620  98.8820  17.1417 0020375 240.0324 119.8841 14.40598608700994
FENGYUN 1C DEB          
1 31622U 99025CAC 26280.27140913  .00003219  00000+0  10325-2 0  9991
2 31622  98.8205  28.1923 0016698 176.6464 212.0922 14.40114835   590
FENGYUN 1C DEB          
1 31623U 99025CAD 26277.19920781  .00000250  00000+0  22520-3 0  9991
2 31623  97.6349  78.0888 0192797 261.4596  96.4674 13.82830826620030
FENGYUN 1C DEB          
1 31625U 99025CAF 26280.26379025  .00000641  00000+0  13764-3 0  9998
2 31625  98.8074  27.4857 0147941 185.7821 204.2294 14.55905614 27086
FENGYUN 1C DEB          
1 31627U 99025CAH 26274.94301902  .00001358  00000+0  46527-3 0  9996
2 31627  98.5046 324.5353 0049193   3.2599 356.8899 14.37120193689767
FENGYUN 1C DEB          
1 31628U 99025CAJ 26278.62682660  .00001213  00000+0  96631-3 0  9990
2 31628 102.2677 230.4206 0163986 230.8197 127.8285 13.88093944974177
FENGYUN 1C DEB          
1 31629U 99025CAK 26278.66688696  .00002746  00000+0  13266-2 0  9994
2 31629 102.1333  75.8448 0101716 358.7254   1.3635 14.17246163986491
FENGYUN 1C DEB          
1 31630U 99025CAL 26279.27443416  .00014306  00000+0  55163-3 0  9991
2 31630  98.0970 110.1794 0134531  64.5857 296.9229 15.18323251 30758
FENGYUN 1C DEB          
1 31631U 99025CAM 26266.13626842  .00145447  00000+0  47146-2 0  9991
2 31631  99.3014 235.5089 0029029 119.6130 240.8003 15.30982185682215
FENGYUN 1C DEB          
1 31633U 99025CAP 26268.24606579  .00000969  00000+0  59273-3 0  9996
2 31633  98.7072 276.8953 0067167  85.9877 274.8967 14.07024617611128
FENGYUN 1C DEB          
1 31634U 99025CAQ 26273.87806312  .00000379  00000+0  30500-3 0  9996
2 31634  99.3305 329.0893 0092124  86.7320 274.4375 13.94891359605966
FENGYUN 1C DEB          
1 31639U 99025CAV 26280.05237477  .00000095  00000+0  10663-3 0  9992
2 31639  98.7691 211.4924 0161944  55.4400   7.1157 13.85270102978183
FENGYUN 1C DEB          
1 31642U 99025CAY 26280.18730112  .00000416  00000+0  15242-3 0  9999
2 31642  98.4853   1.9780 0120265  91.8312 269.6651 14.33897392 12625
FENGYUN 1C DEB          
1 31644U 99025CBA 26279.57666845  .00004848  00000+0  67438-3 0  9990
2 31644  98.6476 192.5457 0146818 332.5428 149.5419 14.71146281754192
FENGYUN 1C DEB          
1 31646U 99025CBC 26280.27080098  .00000490  00000+0  27554-3 0  9995
2 31646  98.6701 299.8750 0034397  82.9358 277.5725 14.14597279674117
FENGYUN 1C DEB          
1 31647U 99025CBD 26276.34310730  .00005882  00000+0  12445-2 0  9990
2 31647  98.0491 319.3464 0086888 248.8767 110.3128 14.57282412128681
FENGYUN 1C DEB          
1 31648U 99025CBE 26276.10027234  .00003776  00000+0  18515-2 0  9993
2 31648 102.7903 231.5992 0039949 164.7355 195.5020 14.18414732760675
FENGYUN 1C DEB          
1 31655U 99025CBM 26278.05419189  .00002794  00000+0  25968-2 0  9990
2 31655  99.2754 216.4325 0288452  90.8285 330.2745 13.65834330637626
FENGYUN 1C DEB          
1 31656U 99025CBN 26278.01793248  .00004040  00000+0  10388-2 0  9994
2 31656  99.1961 298.3261 0019382 248.0402 141.5972 14.50685171  7264
FENGYUN 1C DEB          
1 31657U 99025CBP 26277.26180903  .00000831  00000+0  56766-3 0  9994
2 31657 102.2116 283.5349 0145610  56.3294 305.1648 13.99188020669950
FENGYUN 1C DEB          
1 31658U 99025CBQ 26279.94471805  .00003580  00000+0  19824-2 0  9993
2 31658  98.1457 101.9171 0212198 197.2118 162.1778 14.01061096739897
FENGYUN 1C DEB          
1 31660U 99025CBS 26279.83464118  .00000867  00000+0  34743-3 0  9996
2 31660  98.5157 278.4719 0101631  27.0459 333.5967 14.27913002121694
FENGYUN 1C DEB          
1 31661U 99025CBT 26280.20769332  .00001903  00000+0  78415-3 0  9992
2 31661  98.8493   7.5544 0057151  82.6058 307.3003 14.27166027999686
FENGYUN 1C DEB          
1 31663U 99025CBV 26277.10066458  .00001939  00000+0  20946-3 0  9993
2 31663  98.8459 218.2859 0187499  27.8120 333.2961 14.77775465 36343
FENGYUN 1C DEB          
1 31664U 99025CBW 26279.23909779  .00000423  00000+0  24255-3 0  9996
2 31664  98.7752 268.3889 0125096  36.2371 324.7194 14.10681851  1780
FENGYUN 1C DEB          
1 31665U 99025CBX 26278.01717521  .00001085  00000+0  85534-3 0  9996
2 31665  98.4309 296.6358 0188159  94.4235 267.8445 13.85560425972939
FENGYUN 1C DEB          
1 31666U 99025CBY 26278.94793754  .00034861  00000+0  25272-2 0  9991
2 31666  98.6582 103.2112 0016247 265.9500  93.9865 15.03746992 16776
FENGYUN 1C DEB          
1 31667U 99025CBZ 26279.47318510  .00000272  00000+0  13789-3 0  9994
2 31667  99.0480 145.6788 0050357 315.0035  44.7068 14.23794757602298
FENGYUN 1C DEB          
1 31670U 99025CCC 26278.34652487  .00001266  00000+0  11428-2 0  9998
2 31670  98.4117 122.6880 0242915 223.0776 135.1138 13.72976901663817
FENGYUN 1C DEB          
1 31672U 99025CCE 26277.84561890  .00003912  00000+0  87138-3 0  9993
2 31672  98.9395 130.4330 0100226 167.3119 193.0633 14.54456251691713
FENGYUN 1C DEB          
1 31673U 99025CCF 26277.90671016  .00000300  00000+0  12066-3 0  9999
2 31673  99.3452 140.8499 0123587 275.6371  83.0728 14.32292697691308
FENGYUN 1C DEB          
1 31674U 99025CCG 26273.44217988  .00004316  00000+0  95962-3 0  9996
2 31674  98.9169 334.2532 0024307 125.4712 234.8757 14.57374748688564
FENGYUN 1C DEB          
1 31678U 99025CCL 26279.59303979  .00007005  00000+0  10303-2 0  9991
2 31678  98.8255  50.4083 0245887 200.0248 159.1170 14.57273343 11515
FENGYUN 1C DEB          
1 31680U 99025CCN 26279.35228296  .00054338  00000+0  90256-3 0  9993
2 31680  99.8402 132.3774 0041245  13.5716 346.6627 15.50941722 47458
FENGYUN 1C DEB          
1 31685U 99025CCT 26280.02733459 -.00000021  00000+0  12384-4 0  9994
2 31685  98.7088 299.9184 0017705 102.9882 257.3267 14.09747465992927
FENGYUN 1C DEB          
1 31686U 99025CCU 26279.49124638  .00007455  00000+0  59688-3 0  9991
2 31686  98.1228 357.8259 0265989 215.6466 156.1157 14.76661121 21996
FENGYUN 1C DEB          
1 31688U 99025CCW 26279.41933588 -.00000002  00000+0  26015-4 0  9998
2 31688  98.9240 332.9810 0075214  35.5393 325.0750 14.02425798994504
FENGYUN 1C DEB          
1 31691U 99025CCZ 26277.49492084  .00002541  00000+0  10108-2 0  9992
2 31691  98.8773  13.5457 0059281 103.7002 257.0788 14.28609714683317
FENGYUN 1C DEB          
1 31692U 99025CDA 26275.26973595  .00002772  00000+0  12481-2 0  9999
2 31692  99.1781 287.6455 0083937 329.4526  30.1776 14.21295599623750
FENGYUN 1C DEB          
1 31695U 99025CDD 26280.07477137  .00004187  00000+0  46055-3 0  9995
2 31695  98.2559  16.4061 0159827 354.3472   5.5929 14.79288478703752
FENGYUN 1C DEB          
1 31715U 99025CDN 26279.84605750  .00002377  00000+0  46350-3 0  9992
2 31715  99.2674 145.8591 0180941 308.4365  50.0705 14.54282500660472
FENGYUN 1C DEB          
1 31716U 99025CDP 26267.15947454  .00001431  00000+0  85175-3 0  9992
2 31716  98.5346 154.4633 0130440   7.5877 145.1734 14.04722494981254
FENGYUN 1C DEB          
1 31717U 99025CDQ 26271.45791725  .00003251  00000+0  14134-2 0  9997
2 31717  96.9295 353.2125 0157249 226.8649 131.9294 14.18157979987530
FENGYUN 1C DEB          
1 31720U 99025CDT 26275.59049527  .00002813  00000+0  39893-3 0  9999
2 31720  99.0596 226.3677 0092727 290.8649  68.2647 14.75092586 25480
FENGYUN 1C DEB          
1 31721U 99025CDU 26280.21760481  .00000312  00000+0  26355-3 0  9995
2 31721  99.8085 272.6912 0317249 132.5738 294.2587 13.74136201714859
FENGYUN 1C DEB          
1 31724U 99025CDX 26279.93462945  .00009771  00000+0  19580-2 0  9998
2 31724  97.8586 272.2617 0139845  35.2787 325.7569 14.55874149688222
FENGYUN 1C DEB          
1 31725U 99025CDY 26278.75551869  .00000645  00000+0  10937-2 0  9990
2 31725  99.1804  87.5522 0686916  27.0178 336.5005 12.79890710902806
FENGYUN 1C DEB          
1 31726U 99025CDZ 26279.34565118  .00000621  00000+0  27510-3 0  9999
2 31726  98.6859 298.6856 0231649 227.5475 145.6978 14.13422120682496
FENGYUN 1C DEB          
1 31727U 99025CEA 26278.82528462  .00003675  00000+0  11651-2 0  9993
2 31727  98.8771  45.9191 0032328 180.6446 332.8820 14.40382001759413
FENGYUN 1C DEB          
1 31731U 99025CEE 26276.17137211  .00002293  00000+0  70070-3 0  9998
2 31731  99.2913 355.3569 0009804 310.8555  49.1782 14.42926424   733
FENGYUN 1C DEB          
1 31732U 99025CEF 26276.92449302  .00000296  00000+0  18094-3 0  9998
2 31732  98.5436 303.4348 0041325 121.9565 238.5636 14.12558759684976
FENGYUN 1C DEB          
1 31734U 99025CEH 26278.70349266  .00000398  00000+0  16326-3 0  9995
2 31734  98.5177 268.8542 0101877 212.4211 147.0686 14.29559623  6519
FENGYUN 1C DEB          
1 31735U 99025CEJ 26277.57095028  .00001360  00000+0  40254-3 0  9991
2 31735  98.5923  28.1990 0059732 115.7296 245.0076 14.43997563  9254
FENGYUN 1C DEB          
1 31736U 99025CEK 26279.26215026  .00000135  00000+0  93002-4 0  9991
2 31736  98.6884 277.8510 0012969 110.8470 249.4094 14.14335338682703
FENGYUN 1C DEB          
1 31737U 99025CEL 26278.04388529  .00001849  00000+0  26565-3 0  9998
2 31737  97.8871 307.2846 0144721 148.1785 244.5238 14.70690630 25535
FENGYUN 1C DEB          
1 31738U 99025CEM 26280.05850518  .00000827  00000+0  52636-3 0  9998
2 31738  99.3403 352.0752 0303283  22.8547 338.5784 13.86166367663890
FENGYUN 1C DEB          
1 31739U 99025CEN 26279.43531479  .00000060  00000+0  45996-4 0  9992
2 31739  98.7059 335.3447 0126242 301.8668  57.0273 14.19333746997090
FENGYUN 1C DEB          
1 31740U 99025CEP 26277.87875403  .00001888  00000+0  56555-3 0  9999
2 31740  99.8095 139.1887 0023873 296.4320  76.7578 14.44116310693477
FENGYUN 1C DEB          
1 31741U 99025CEQ 26276.07357637  .00001533  00000+0  49564-3 0  9994
2 31741  99.0786 219.9557 0172205 295.4459  62.8991 14.32633384 64327
FENGYUN 1C DEB          
1 31742U 99025CER 26279.10090689  .00000838  00000+0  26820-3 0  9990
2 31742  98.8819 155.8481 0075061 167.4336 192.8745 14.40736601  9257
FENGYUN 1C DEB          
1 31743U 99025CES 26279.09727060  .00002906  00000+0  10568-2 0  9998
2 31743  99.1567 228.4100 0038941  73.7481 348.1996 14.33637440998987
FENGYUN 1C DEB          
1 31744U 99025CET 26279.62460965  .00004049  00000+0  11999-2 0  9995
2 31744  99.3245  51.0837 0302715 281.5494  75.1844 14.20658589988392
FENGYUN 1C DEB          
1 31746U 99025CEV 26275.38639388  .00014234  00000+0  13785-2 0  9995
2 31746  98.6038  66.1409 0016908 339.7380  20.3163 14.92748766 12169
FENGYUN 1C DEB          
1 31752U 99025CFB 26277.41923208  .00001494  00000+0  68851-3 0  9994
2 31752  98.9559 347.1365 0351682 241.8057 114.7173 13.94646885977108
FENGYUN 1C DEB          
1 31753U 99025CFC 26280.32607934  .00000255  00000+0  12568-3 0  9992
2 31753  98.6008 310.1518 0158866  33.2854  28.5121 14.18950565  2421
FENGYUN 1C DEB          
1 31754U 99025CFD 26278.70726125  .00001640  00000+0  48749-3 0  9995
2 31754  99.0655 267.5007 0050187  58.9132 301.6968 14.43949117 12393
FENGYUN 1C DEB          
1 31755U 99025CFE 26273.80798906  .00000220  00000+0  13096-3 0  9998
2 31755  98.8054 263.6902 0187188 277.8439 206.2375 14.08652642677832
FENGYUN 1C DEB          
1 31756U 99025CFF 26279.25384311  .00004245  00000+0  10739-2 0  9996
2 31756  99.3679  90.5985 0038918 358.2793   1.8258 14.51102574650217
FENGYUN 1C DEB          
1 31757U 99025CFG 26273.76222844  .00000236  00000+0  13250-3 0  9997
2 31757  98.7497 292.4278 0216024 339.7602  19.5100 14.08159907679910
FENGYUN 1C DEB          
1 31758U 99025CFH 26272.94526997  .00004685  00000+0  72182-3 0  9994
2 31758  98.0621 273.2148 0290589 277.1255  79.6986 14.49332660984094
FENGYUN 1C DEB          
1 31760U 99025CFK 26279.79988745  .00000769  00000+0  30638-3 0  9999
2 31760  99.2707  41.6008 0052201  59.6233 301.0094 14.31035223  3767
FENGYUN 1C DEB          
1 31761U 99025CFL 26278.32815465  .00004135  00000+0  95099-3 0  9999
2 31761  98.6003 133.8163 0461345 143.6146 219.7341 14.06418249622768
FENGYUN 1C DEB          
1 31763U 99025CFN 26277.17339263  .00000215  00000+0  15278-3 0  9996
2 31763  98.5141 349.7948 0544027  23.6585   4.8431 13.50974187949945
FENGYUN 1C DEB          
1 31766U 99025CFR 26280.21159386  .00000330  00000+0  22434-3 0  9994
2 31766  98.8316 275.0824 0074330 173.4252 186.7909 14.05412826682783
FENGYUN 1C DEB          
1 31767U 99025CFS 26278.30288373  .00000358  00000+0  24719-3 0  9999
2 31767  98.7932 304.3538 0040104 319.2653 100.1363 14.05097942989908
FENGYUN 1C DEB          
1 31768U 99025CFT 26280.27893047  .00014468  00000+0  16084-2 0  9991
2 31768  99.0368  36.3250 0022298 122.3881 268.2203 14.87115201 12869
FENGYUN 1C DEB          
1 31769U 99025CFU 26270.25225442  .00006826  00000+0  20536-2 0  9993
2 31769  98.4362 276.9660 0063235 311.3114  48.2642 14.41761118682847
FENGYUN 1C DEB          
1 31772U 99025CFX 26280.18371981  .00001286  00000+0  65364-3 0  9994
2 31772  98.4646 186.5075 0136463 340.0331  19.5532 14.12826302750969
FENGYUN 1C DEB          
1 31773U 99025CFY 26279.35605740  .00008196  00000+0  10771-2 0  9993
2 31773  98.9462 307.6263 0033340 328.3990  31.5216 14.80144950695683
FENGYUN 1C DEB          
1 31774U 99025CFZ 26275.95166928  .00001318  00000+0  60687-3 0  9997
2 31774  98.7479 322.5565 0058821  84.8049 275.9837 14.21863788671848
FENGYUN 1C DEB          
1 31776U 99025CGB 26277.48402007  .00001378  00000+0  66038-3 0  9992
2 31776  99.0551 349.0029 0054533 211.0389 163.2542 14.19952127990761
FENGYUN 1C DEB          
1 31779U 99025CGE 26279.15478071  .00001133  00000+0  27591-3 0  9995
2 31779  99.3196 231.0802 0212038  30.4939 330.8380 14.42388153 12429
FENGYUN 1C DEB          
1 31780U 99025CGF 26278.01222129  .00001594  00000+0  23133-3 0  9991
2 31780  99.2994 116.9885 0146242 223.0876 135.8805 14.70853719 28395
FENGYUN 1C DEB          
1 31781U 99025CGG 26279.33944727  .00004189  00000+0  17803-2 0  9992
2 31781  99.4997 114.7009 0190769 162.6210 198.1613 14.16537613725573
FENGYUN 1C DEB          
1 31782U 99025CGH 26277.97680124  .00000677  00000+0  23685-3 0  9993
2 31782  98.9302  94.7000 0078368 204.2163 308.4154 14.36871949  9235
FENGYUN 1C DEB          
1 31783U 99025CGJ 26276.75167038  .00000462  00000+0  27592-3 0  9996
2 31783  98.6080 277.2724 0101756 292.3657 244.9120 14.09318052933752
FENGYUN 1C DEB          
1 31788U 99025CGP 26279.84151801  .00001561  00000+0  14205-2 0  9992
2 31788 102.5514 143.2411 0458096 149.5934 279.5480 13.46531616946156
FENGYUN 1C DEB          
1 31804U 99025CGS 26262.65991053  .00001526  00000+0  75637-3 0  9991
2 31804  98.3038  55.8153 0136738  55.1843 306.2107 14.13758610676295
FENGYUN 1C DEB          
1 31805U 99025CGT 26278.75719668  .00007314  00000+0  18611-2 0  9999
2 31805  98.3909 246.4864 0432829  32.9147 329.8197 14.06966011665353
FENGYUN 1C DEB          
1 31807U 99025CGV 26279.68817351  .00001101  00000+0  25879-3 0  9995
2 31807  99.1122  80.6990 0102204 347.8651  12.0082 14.53652155696326
FENGYUN 1C DEB          
1 31808U 99025CGW 26279.42582410  .00015009  00000+0  25416-2 0  9991
2 31808  99.1979 145.9023 0035045 317.4443  42.4043 14.69003892619581
FENGYUN 1C DEB          
1 31810U 99025CGY 26277.82832730  .00001569  00000+0  33783-3 0  9992
2 31810  98.2578 291.2204 0208538 317.7966  40.7333 14.47322364686959
FENGYUN 1C DEB          
1 31813U 99025CHB 26277.55451934  .00001444  00000+0  33923-3 0  9996
2 31813  99.4322  37.1316 0134780 176.9931 183.2101 14.50928143 15387
FENGYUN 1C DEB          
1 31814U 99025CHC 26277.41905903  .00000256  00000+0  30043-3 0  9992
2 31814  99.5381 328.6620 0230012 175.9989 184.3065 13.66746834658382
FENGYUN 1C DEB          
1 31815U 99025CHD 26279.22853251  .00000029  00000+0  40362-4 0  9996
2 31815  98.7978 263.6662 0057713 259.4459 100.0207 14.10333557997322
FENGYUN 1C DEB          
1 31816U 99025CHE 26280.29187375  .00000446  00000+0  34252-3 0  9996
2 31816  99.0006  31.8746 0119325  57.9380 329.8326 13.94884830978552
FENGYUN 1C DEB          
1 31817U 99025CHF 26279.33744930  .00003237  00000+0  54626-3 0  9994
2 31817  98.9140 307.0791 0057161 234.1998 125.3885 14.69201843757713
FENGYUN 1C DEB          
1 31819U 99025CHH 26278.23251587  .00000409  00000+0  16579-3 0  9998
2 31819  98.4969 267.3592 0086961 164.3283 196.0623 14.30654700  9163
FENGYUN 1C DEB          
1 31820U 99025CHJ 26280.07369918  .00008134  00000+0  54155-3 0  9998
2 31820  98.9324 139.2364 0135535 125.4484 235.9477 15.00151725 26797
FENGYUN 1C DEB          
1 31821U 99025CHK 26279.89556129  .00010567  00000+0  21047-2 0  9995
2 31821  98.1465 159.3138 0186231 180.8164 179.2756 14.51738128979742
FENGYUN 1C DEB          
1 31823U 99025CHM 26279.14231173  .00004503  00000+0  72977-3 0  9996
2 31823  99.5180  58.7118 0035111  32.7419 327.5949 14.71457292 10820
FENGYUN 1C DEB          
1 31825U 99025CHP 26280.16589559  .00000509  00000+0  21674-3 0  9996
2 31825  98.6028 277.4037 0164246 191.6686 168.0666 14.22317969998636
FENGYUN 1C DEB          
1 31826U 99025CHQ 26279.94561748  .00000523  00000+0  24737-3 0  9990
2 31826  98.6490 268.8318 0124625  49.4724 339.1631 14.19741293   449
FENGYUN 1C DEB          
1 31829U 99025CHT 26277.94947632  .00000241  00000+0  20688-3 0  9999
2 31829  98.8692  78.0594 0169376  77.4446  72.3357 13.88941580982591
FENGYUN 1C DEB          
1 31830U 99025CHU 26280.23836377  .00001481  00000+0  11912-2 0  9996
2 31830  99.1695  23.7409 0184559 235.2258 153.3086 13.84532866968690
FENGYUN 1C DEB          
1 31834U 99025CHY 26279.39482466  .00000258  00000+0  16965-3 0  9996
2 31834  98.3374 120.5454 0160580 314.9395  43.8840 14.03462385678857
FENGYUN 1C DEB          
1 31836U 99025CJA 26278.82222304  .00002960  00000+0  15466-2 0  9994
2 31836  98.6263 237.1676 0113773 352.4598   7.4859 14.11877751655930
FENGYUN 1C DEB          
1 31837U 99025CJB 26277.96182954  .00008140  00000+0  84437-3 0  9996
2 31837  98.0788   3.0875 0085946 132.2916 228.5627 14.87512095 27499
FENGYUN 1C DEB          
1 31838U 99025CJC 26276.40148439  .00000683  00000+0  32778-3 0  9990
2 31838  98.6898 327.9657 0036339 323.7315  48.8469 14.21839974687637
FENGYUN 1C DEB          
1 31841U 99025CJF 26280.28477148  .00002869  00000+0  11783-2 0  9997
2 31841  98.4490  73.5792 0302614 178.1468 305.2345 14.05807791635319
FENGYUN 1C DEB          
1 31843U 99025CJH 26279.56739021  .00004465  00000+0  27529-2 0  9998
2 31843  99.2922 200.4603 0630405 338.0476  19.4702 13.36424687686713
FENGYUN 1C DEB          
1 31844U 99025CJJ 26278.38183338  .00000764  00000+0  36292-3 0  9998
2 31844 100.2965 320.5421 0101371 258.6307 100.3462 14.20629811995436
FENGYUN 1C DEB          
1 31847U 99025CJM 26276.43781603  .00001774  00000+0  90343-3 0  9993
2 31847  99.0174 356.9454 0083210 124.4685 236.4385 14.15295458611288
FENGYUN 1C DEB          
1 31851U 99025CJR 26272.35366662  .00001666  00000+0  13017-2 0  9991
2 31851  98.7782 113.9035 0196048 214.1938 144.6465 13.84922016654886
FENGYUN 1C DEB          
1 31854U 99025CJU 26278.71444029  .00000594  00000+0  39813-3 0  9996
2 31854  98.8555 278.8907 0072568  33.2287 327.3406 14.03397513734372
FENGYUN 1C DEB          
1 31857U 99025CJX 26278.55108615  .00000891  00000+0  85197-3 0  9995
2 31857  96.1909 205.5071 0304603 174.7966 185.6476 13.62888549656712
FENGYUN 1C DEB          
1 31861U 99025CKB 26279.92323480  .00000554  00000+0  66088-3 0  9995
2 31861 102.3275 177.2908 0491057 278.2688  76.3045 13.31402524707343
FENGYUN 1C DEB          
1 31877U 99025CKC 26280.14908184  .00007537  00000+0  43770-3 0  9999
2 31877  99.0042  44.7288 0090039  22.0490 338.4569 15.09077013 35316
FENGYUN 1C DEB          
1 31878U 99025CKD 26277.23037425  .00005964  00000+0  56294-3 0  9994
2 31878  99.4646 262.8956 0076444  28.8829 331.6583 14.92047553 24619
FENGYUN 1C DEB          
1 31879U 99025CKE 26280.05072134  .00000531  00000+0  13680-3 0  9992
2 31879  99.6872 204.7043 0206229 250.4100 107.4719 14.43659071675135
FENGYUN 1C DEB          
1 31880U 99025CKF 26279.34331103  .00000503  00000+0  42127-3 0  9995
2 31880 100.0422 110.3373 0127599  90.2821 271.2957 13.89868064671138
FENGYUN 1C DEB          
1 31882U 99025CKH 26276.57805548  .00000612  00000+0  34607-3 0  9993
2 31882  98.9211 203.1936 0037038 107.9118 252.6098 14.13565778628012
FENGYUN 1C DEB          
1 31883U 99025CKJ 26279.59698405  .00001580  00000+0  24608-3 0  9996
2 31883  99.0458 232.5876 0117780 228.5211 130.5835 14.70197207 23376
FENGYUN 1C DEB          
1 31887U 99025CKN 26278.75976386  .00004815  00000+0  98349-3 0  9991
2 31887  99.5226  19.0534 0022513 192.3757 167.6889 14.61302868  9363
FENGYUN 1C DEB          
1 31888U 99025CKP 26278.59325324  .00003084  00000+0  10609-2 0  9993
2 31888  99.1659 228.1659 0020288  68.2123 292.1217 14.36676426998964
FENGYUN 1C DEB          
1 31890U 99025CKR 26278.87938633  .00000188  00000+0  12645-3 0  9995
2 31890  98.7149 286.2741 0073413 119.9061 240.9429 14.10248286683403
FENGYUN 1C DEB          
1 31891U 99025CKS 26278.97690095  .00000337  00000+0  38419-3 0  9997
2 31891  99.3910 290.4778 0224596 136.0767 225.8476 13.66468271964692
FENGYUN 1C DEB          
1 31892U 99025CKT 26279.30837880  .00001113  00000+0  28115-3 0  9996
2 31892  99.2907 120.5532 0196655 133.0881 228.6953 14.42364496691942
FENGYUN 1C DEB          
1 31893U 99025CKU 26278.75458698  .00000553  00000+0  93698-4 0  9997
2 31893  99.1034 272.8412 0173577 136.6434  37.2073 14.64723362 27396
FENGYUN 1C DEB          
1 31895U 99025CKW 26279.86566329  .00001413  00000+0  12281-2 0  9996
2 31895  99.0755 300.3070 0224704 159.3258 201.7164 13.76733391659978
FENGYUN 1C DEB          
1 31898U 99025CKZ 26276.42786731  .00003329  00000+0  46979-3 0  9999
2 31898  98.6692 165.4840 0138632  18.4313 342.1844 14.71565842700424
FENGYUN 1C DEB          
1 31899U 99025CLA 26280.23237434  .00001544  00000+0  12654-2 0  9994
2 31899 102.0842  72.3518 0183167 160.8351 199.9802 13.84293776716939
FENGYUN 1C DEB          
1 31901U 99025CLC 26278.10104393 -.00000005  00000+0  23900-4 0  9998
2 31901  98.6376 224.6572 0132492  89.4776 272.1567 13.94282886675374
FENGYUN 1C DEB          
1 31902U 99025CLD 26279.87775846  .00000496  00000+0  20076-3 0  9994
2 31902  98.5409 255.6978 0179682   0.7813  28.2186 14.23690357690334
FENGYUN 1C DEB          
1 31903U 99025CLE 26279.33666026  .00001272  00000+0  23778-3 0  9990
2 31903  99.2729 308.8243 0125227 213.5580 145.7641 14.62219656 17263
FENGYUN 1C DEB          
1 31905U 99025CLG 26279.77637359  .00000951  00000+0  29248-3 0  9998
2 31905  99.1746 278.7839 0192552 307.5172  50.8643 14.34179170  8730
FENGYUN 1C DEB          
1 31906U 99025CLH 26278.31642448  .00001567  00000+0  65503-3 0  9991
2 31906  98.7060  54.2980 0051444 335.5120  86.9397 14.26861538993564
FENGYUN 1C DEB          
1 31910U 99025CLM 26273.72490198  .00002288  00000+0  44337-3 0  9992
2 31910  97.6598 273.3317 0220170 328.1098  30.6923 14.49867972685974
FENGYUN 1C DEB          
1 31913U 99025CLQ 26270.01527018  .00001724  00000+0  11598-2 0  9992
2 31913  99.2909 197.0782 0190379 250.4898 107.5613 13.93640552598997
FENGYUN 1C DEB          
1 31914U 99025CLR 26280.15478458  .00000391  00000+0  83357-4 0  9995
2 31914  98.9846 171.9027 0180041 245.1676 113.0703 14.56139374728157
FENGYUN 1C DEB          
1 31915U 99025CLS 26279.97864280  .00000837  00000+0  41559-3 0  9998
2 31915  98.6188 293.7220 0101594 132.7616 228.2162 14.17020627683305
FENGYUN 1C DEB          
1 31916U 99025CLT 26278.07096647  .00001954  00000+0  63585-3 0  9997
2 31916  99.3331  31.3093 0141084 319.0447  40.0205 14.34597431687738
FENGYUN 1C DEB          
1 31917U 99025CLU 26278.23096391  .00000740  00000+0  20936-3 0  9997
2 31917  98.3812 268.6947 0188817 123.8263 304.1910 14.38519446  6193
FENGYUN 1C DEB          
1 31919U 99025CLW 26279.72494278  .00000490  00000+0  14206-3 0  9995
2 31919  99.1379  89.6141 0101896  42.3862  22.3060 14.46486548 13896
FENGYUN 1C DEB          
1 31921U 99025CLY 26277.44913617  .00000814  00000+0  76487-3 0  9997
2 31921  99.3188 168.7467 0199699 208.2578 150.7623 13.75930194963723
FENGYUN 1C DEB          
1 31922U 99025CLZ 26279.50843035  .00001028  00000+0  81827-3 0  9995
2 31922  98.8304 259.2459 0158311 296.8070 192.8753 13.87675032971451
FENGYUN 1C DEB          
1 31923U 99025CMA 26276.12357220  .00000676  00000+0  77349-3 0  9999
2 31923  98.4217 332.5214 0298137 255.9774 100.8058 13.55461446676224
FENGYUN 1C DEB          
1 31924U 99025CMB 26280.32609048  .00000648  00000+0  66243-3 0  9995
2 31924  98.4213  43.1185 0268719  25.7040 335.7185 13.64817946955393
FENGYUN 1C DEB          
1 31926U 99025CMD 26280.25764360  .00003200  00000+0  11621-2 0  9994
2 31926  98.9601  30.2442 0038216 108.3834 252.1510 14.33608599995016
FENGYUN 1C DEB          
1 31929U 99025CME 26279.13732826  .00000749  00000+0  26780-3 0  9992
2 31929  98.8302  59.6773 0072045 258.4106 100.8985 14.35668774749122
FENGYUN 1C DEB          
1 31931U 99025CMG 26277.91795775  .00000163  00000+0  20075-3 0  9992
2 31931  97.8109 167.9516 0420857 219.3631 137.6214 13.42981840691975
FENGYUN 1C DEB          
1 31937U 99025CMN 26277.12778619  .00004190  00000+0  43330-3 0  9992
2 31937  99.2745  57.0521 0152775  94.2238 267.6446 14.82510125704405
FENGYUN 1C DEB          
1 31938U 99025CMP 26279.98720054  .00004856  00000+0  33171-3 0  9990
2 31938  98.8983 358.0939 0142915 178.2011 181.9752 14.98766124 35920
FENGYUN 1C DEB          
1 31944U 99025CMV 26275.27198096  .00000553  00000+0  29309-3 0  9998
2 31944  99.2377  76.1956 0150118 261.6467 221.4806 14.12461562670538
FENGYUN 1C DEB          
1 31945U 99025CMW 26278.69301644  .00001697  00000+0  76659-3 0  9993
2 31945  98.9514   4.4134 0061018 156.5251 203.8733 14.22471315994151
FENGYUN 1C DEB          
1 31946U 99025CMX 26277.42000079  .00001396  00000+0  68448-3 0  9995
2 31946  98.8842 342.6345 0080774 284.2310  74.9903 14.17771345681969
FENGYUN 1C DEB          
1 31948U 99025CMZ 26278.72147094  .00002212  00000+0  87355-3 0  9996
2 31948  99.3787   6.7285 0023130 245.6024 267.7048 14.30056433992700
FENGYUN 1C DEB          
1 31949U 99025CNA 26279.22985318  .00000401  00000+0  20189-3 0  9992
2 31949  98.5758 258.7910 0127072  75.7935 285.7318 14.17296813997187
FENGYUN 1C DEB          
1 31952U 99025CND 26278.84472567  .00001207  00000+0  27114-3 0  9990
2 31952  98.9916  62.2058 0113493 114.2811 247.0288 14.54687101 15167
FENGYUN 1C DEB          
1 31955U 99025CNG 26280.25971869  .00006126  00000+0  10517-2 0  9993
2 31955  99.2625 200.5834 0042935 351.8328 160.1487 14.68528283  9332
FENGYUN 1C DEB          
1 31959U 99025CNL 26278.38074369  .00006565  00000+0  16568-2 0  9996
2 31959  98.4970 156.8651 0028591 339.8419  20.1644 14.51145850686506
FENGYUN 1C DEB          
1 31964U 99025CNR 26279.86177796  .00007588  00000+0  14241-2 0  9996
2 31964  98.7159  64.4087 0027634 190.7974 169.2638 14.64779573718668
FENGYUN 1C DEB          
1 31966U 99025CNT 26276.78425752  .00002526  00000+0  40106-3 0  9991
2 31966  99.0360 105.4554 0082389  82.3242 278.7308 14.70937841700768
FENGYUN 1C DEB          
1 31972U 99025CNZ 26280.10019400  .00000087  00000+0  77176-4 0  9996
2 31972  99.1718 331.9079 0075561 281.3535 106.8813 14.07652544991589
FENGYUN 1C DEB          
1 31974U 99025CPB 26278.95911400  .00002587  00000+0  94961-3 0  9996
2 31974  98.3766 284.4725 0070125 140.1152 220.5215 14.32192814736734
FENGYUN 1C DEB          
1 31977U 99025CPE 26270.17124005  .00002112  00000+0  14552-2 0  9993
2 31977  98.2129  41.8982 0272193 151.8084 209.8118 13.83807218662007
FENGYUN 1C DEB          
1 31978U 99025CPF 26276.27714811  .00000596  00000+0  63190-3 0  9998
2 31978  98.4057  36.3176 0261828 350.2445   9.3674 13.63791961956048
FENGYUN 1C DEB          
1 31979U 99025CPG 26277.98668641  .00002269  00000+0  20274-2 0  9991
2 31979  99.3753   8.3866 0264085 230.7149 127.0307 13.70888994619697
FENGYUN 1C DEB          
1 31980U 99025CPH 26267.27039311  .00000327  00000+0  43227-3 0  9997
2 31980  97.5839 284.2315 0428574  99.7723 265.2070 13.32390214934721
FENGYUN 1C DEB          
1 31984U 99025CPM 26277.23128576  .00000394  00000+0  18831-3 0  9997
2 31984  98.5660 278.4970 0064082  88.2875 272.5643 14.23374524985765
FENGYUN 1C DEB          
1 31985U 99025CPN 26277.91229410  .00000355  00000+0  15422-3 0  9992
2 31985  98.1866 164.3147 0152146  96.3389 265.5144 14.23342693998234
FENGYUN 1C DEB          
1 31986U 99025CPP 26272.15469388  .00000409  00000+0  22054-3 0  9993
2 31986  99.7505 242.9371 0124291  75.6459 285.8473 14.14999427706850
FENGYUN 1C DEB          
1 31987U 99025CPQ 26279.87546508  .00001747  00000+0  48940-3 0  9998
2 31987  99.0593 278.3647 0050471 353.0675 124.8535 14.46750224  6726
FENGYUN 1C DEB          
1 31988U 99025CPR 26274.39658542  .00001647  00000+0  74483-3 0  9993
2 31988  98.1145 325.5024 0061634 149.7822 210.6935 14.22242627683109
FENGYUN 1C DEB          
1 31989U 99025CPS 26277.98085854  .00000520  00000+0  40471-3 0  9991
2 31989  99.1773 342.5495 0115597 213.3379 273.7809 13.93970540978445
FENGYUN 1C DEB          
1 31990U 99025CPT 26278.78944888  .00000132  00000+0  19200-3 0  9998
2 31990  99.1482 286.0121 0260317 143.6112  31.6164 13.57333977668014
FENGYUN 1C DEB          
1 31991U 99025CPU 26279.40419383  .00000062  00000+0  12014-3 0  9994
2 31991 100.4637 135.1130 0244730  39.7494 322.1297 13.61356498661371
FENGYUN 1C DEB          
1 31992U 99025CPV 26278.02277518  .00000608  00000+0  69421-3 0  9994
2 31992  99.1906 208.7886 0542107  31.8254 331.4454 13.23369792577931
FENGYUN 1C DEB          
1 31993U 99025CPW 26279.59291495  .00001543  00000+0  21407-2 0  9998
2 31993  99.2253 225.6913 0420273 129.7814 234.1118 13.28235301928967
FENGYUN 1C DEB          
1 31994U 99025CPX 26277.70054710 -.00000047  00000+0 -48367-5 0  9994
2 31994  98.5665 255.8847 0162403  43.3070 318.0727 13.95872752609258
FENGYUN 1C DEB          
1 31996U 99025CPZ 26279.03148620  .00001951  00000+0  19975-2 0  9991
2 31996  99.2892 202.3675 0296379  80.6038 282.8477 13.59939737587278
FENGYUN 1C DEB          
1 31997U 99025CQA 26275.56854967  .00001138  00000+0  12017-2 0  9991
2 31997 102.5089  45.6918 0284180 329.3745  29.1059 13.61666522656815
FENGYUN 1C DEB          
1 32086U 99025CQC 26278.94576313  .00001064  00000+0  92123-3 0  9997
2 32086  99.2627 328.0406 0296608  80.6395 282.8155 13.70049722658499
FENGYUN 1C DEB          
1 32088U 99025CQE 26278.55900940  .00003419  00000+0  43313-2 0  9995
2 32088 102.4003 207.3259 0471172  79.4482 285.9336 13.26039982637776
FENGYUN 1C DEB          
1 32089U 99025CQF 26280.23147434  .00000706  00000+0  36664-3 0  9993
2 32089  98.6607 281.7242 0110919 351.2400   8.6836 14.14692377674352
FENGYUN 1C DEB          
1 32093U 99025CQK 26279.40173748  .00000546  00000+0  18902-3 0  9999
2 32093  98.8832 148.0284 0077778 194.3035 165.5949 14.38224977  6816
FENGYUN 1C DEB          
1 32094U 99025CQL 26277.91451541  .00000352  00000+0  21827-3 0  9999
2 32094  98.7689 265.8729 0035212 146.9360 213.4023 14.11067448985416
FENGYUN 1C DEB          
1 32095U 99025CQM 26277.83606768  .00000293  00000+0  16466-3 0  9991
2 32095  98.6311 289.5556 0077166 323.1439  36.4446 14.16336331990085
FENGYUN 1C DEB          
1 32096U 99025CQN 26272.82290744  .00000468  00000+0  37826-3 0  9996
2 32096  99.0481 299.5944 0135959  71.4487 290.1387 13.90865618969076
FENGYUN 1C DEB          
1 32098U 99025CQQ 26278.72920649  .00000514  00000+0  21516-3 0  9998
2 32098  98.6342 269.0761 0193765 341.2387  18.1716 14.20720077684446
FENGYUN 1C DEB          
1 32099U 99025CQR 26280.09415689  .00001072  00000+0  53128-3 0  9999
2 32099  98.3059 226.4936 0338907 161.7916 264.2426 13.93079577688405
FENGYUN 1C DEB          
1 32101U 99025CQT 26279.51485852  .00002012  00000+0  12436-2 0  9998
2 32101  99.0208 180.9655 0117892 130.7965 230.3500 14.03060042973563
FENGYUN 1C DEB          
1 32106U 99025CQY 26278.99272558  .00004269  00000+0  15556-2 0  9993
2 32106 101.4658 348.4134 0099709 333.4028  26.2049 14.31159038736399
FENGYUN 1C DEB          
1 32109U 99025CRB 26279.86881479  .00000518  00000+0  15773-3 0  9996
2 32109  98.3191 154.3669 0204807 142.4544 219.1147 14.34649860691621
FENGYUN 1C DEB          
1 32110U 99025CRC 26279.79736291  .00001604  00000+0  62919-3 0  9992
2 32110  99.5432 122.6454 0031493 237.9958 184.3691 14.30758894686481
FENGYUN 1C DEB          
1 32111U 99025CRD 26279.23492193  .00000354  00000+0  13709-3 0  9996
2 32111  98.4560 276.1746 0120577  45.2024  16.9371 14.31875625  2870
FENGYUN 1C DEB          
1 32113U 99025CRF 26278.91319231  .00000421  00000+0  27027-3 0  9996
2 32113  98.9975 312.0577 0237538 132.0216 230.1436 13.95189653670290
FENGYUN 1C DEB          
1 32114U 99025CRG 26279.28599931  .00010174  00000+0  11891-2 0  9992
2 32114  99.9418 112.2086 0039633 154.4332 205.8847 14.84823877701351
FENGYUN 1C DEB          
1 32117U 99025CRK 26279.90372252  .00001180  00000+0  52002-3 0  9996
2 32117  98.5875 324.0187 0025778 302.3309  57.5375 14.25065573990426
FENGYUN 1C DEB          
1 32119U 99025CRM 26277.45391788  .00000505  00000+0  34457-3 0  9995
2 32119  99.8583 169.9227 0086001 335.4415  24.2664 14.03437914978752
FENGYUN 1C DEB          
1 32123U 99025CRR 26279.31776785  .00000581  00000+0  10669-3 0  9994
2 32123  98.9473 116.7244 0159631 101.3832  71.7124 14.62237054757220
FENGYUN 1C DEB          
1 32125U 99025CRT 26280.29058191  .00007104  00000+0  82110-3 0  9997
2 32125  99.0657 301.1113 0155650 113.3846 248.3819 14.77539154749224
FENGYUN 1C DEB          
1 32126U 99025CRU 26278.39001783  .00000428  00000+0  50969-3 0  9990
2 32126  99.0800 137.5701 0278621 214.3536 143.9311 13.57281004657388
FENGYUN 1C DEB          
1 32127U 99025CRV 26278.09474838  .00000920  00000+0  97761-3 0  9991
2 32127  99.2664 222.7661 0281259 312.7902  44.9894 13.60993130644502
FENGYUN 1C DEB          
1 32128U 99025CRW 26277.88720923  .00000211  00000+0  99120-4 0  9992
2 32128  98.9956 322.9643 0396143 129.8130 233.8613 13.94864012671135
FENGYUN 1C DEB          
1 32129U 99025CRX 26277.86687062  .00004135  00000+0  15267-2 0  9994
2 32129  99.0741  53.6811 0065792 253.9519 258.8699 14.31828919984606
FENGYUN 1C DEB          
1 32130U 99025CRY 26278.33099080  .00000739  00000+0  24929-3 0  9998
2 32130  98.9218 100.9433 0081969 174.4072 185.8049 14.38249007  4902
FENGYUN 1C DEB          
1 32132U 99025CSA 26277.96475990  .00003580  00000+0  82814-3 0  9990
2 32132  98.3548 336.8917 0076660  76.1879 284.7833 14.53968230750996
FENGYUN 1C DEB          
1 32133U 99025CSB 26278.23091119  .00000214  00000+0  12350-3 0  9998
2 32133  98.4468 269.8974 0034687 324.6808  35.2070 14.18277350991775
FENGYUN 1C DEB          
1 32134U 99025CSC 26279.98076267  .00000802  00000+0  27022-3 0  9994
2 32134  98.6015 281.1253 0258103 117.3365 274.4195 14.22520078993869
FENGYUN 1C DEB          
1 32136U 99025CSE 26277.23981897  .00000908  00000+0  30107-3 0  9991
2 32136  98.2816 269.7198 0066449   7.1082 353.1033 14.38839934693389
FENGYUN 1C DEB          
1 32137U 99025CSF 26278.67326436  .00009848  00000+0  84405-3 0  9995
2 32137  98.4776  69.0719 0171161 157.2257 203.6667 14.87057438711362
FENGYUN 1C DEB          
1 32141U 99025CSK 26274.21485284  .00000697  00000+0  45601-3 0  9991
2 32141  98.7536 270.6779 0074654 108.1380 252.7936 14.03998033990479
FENGYUN 1C DEB          
1 32143U 99025CSM 26279.17954960  .00000227  00000+0  12471-3 0  9993
2 32143  98.6335 252.4420 0102831 332.8192  26.7623 14.18186005  1439
FENGYUN 1C DEB          
1 32146U 99025CSQ 26278.35203170  .00010121  00000+0  17416-2 0  9992
2 32146  98.9031 113.9047 0054967 244.9875 114.5613 14.67813660994198
FENGYUN 1C DEB          
1 32150U 99025CSU 26278.97138933  .00000424  00000+0  82169-4 0  9993
2 32150  99.1562 338.9560 0168783 244.4278 113.9390 14.61221336 20257
FENGYUN 1C DEB          
1 32152U 99025CSW 26279.73221625  .00003084  00000+0  63879-3 0  9992
2 32152  98.7751 102.4410 0052062   9.8296 350.3908 14.60199864669572
FENGYUN 1C DEB          
1 32153U 99025CSX 26278.35784804  .00000498  00000+0  11106-3 0  9995
2 32153  98.7374 137.6512 0207315  46.2280 315.5860 14.49262603 15156
FENGYUN 1C DEB          
1 32155U 99025CSZ 26279.58051418  .00000689  00000+0  25811-3 0  9991
2 32155  98.9750 224.6692 0070593  89.1987 271.7284 14.33630571744899
FENGYUN 1C DEB          
1 32156U 99025CTA 26272.33647515  .00000357  00000+0  14591-3 0  9992
2 32156  99.3599 109.8113 0080543 300.4036  58.9203 14.32405537689804
FENGYUN 1C DEB          
1 32160U 99025CTE 26278.22620583  .00000902  00000+0  30036-3 0  9995
2 32160  98.9110  90.9161 0080756 202.8987 156.8591 14.38375301   774
FENGYUN 1C DEB          
1 32161U 99025CTF 26276.10574965 -.00000134  00000+0 -55114-4 0  9997
2 32161  98.8403  16.6999 0135263 179.4831 180.6499 14.02107298675548
FENGYUN 1C DEB          
1 32162U 99025CTG 26277.52713209  .00003484  00000+0  64608-3 0  9997
2 32162  99.4368  10.6695 0044274 357.1663   2.9279 14.65447732992466
FENGYUN 1C DEB          
1 32163U 99025CTH 26278.39252153  .00001339  00000+0  39771-3 0  9990
2 32163  99.5273 324.8328 0049377 247.0186 112.5787 14.44515453652572
FENGYUN 1C DEB          
1 32165U 99025CTK 26279.55180736  .00001646  00000+0  95517-3 0  9999
2 32165  98.6222 195.3839 0140063  20.7417 339.9359 14.05248932673141
FENGYUN 1C DEB          
1 32167U 99025CTM 26280.17222781  .00000426  00000+0  15480-3 0  9994
2 32167  98.4942 272.9632 0161006 254.9910 103.3405 14.31552958669440
FENGYUN 1C DEB          
1 32168U 99025CTN 26279.87323119  .00002700  00000+0  18156-2 0  9996
2 32168 101.6561  66.9180 0248825 224.0547 134.0535 13.87979147676135
FENGYUN 1C DEB          
1 32169U 99025CTP 26280.05101052  .00018147  00000+0  22691-2 0  9990
2 32169  98.5368 130.7790 0026477 263.4806  96.3391 14.82123342 10152
FENGYUN 1C DEB          
1 32171U 99025CTR 26279.21439699  .00002027  00000+0  17915-2 0  9993
2 32171 102.8075 262.3239 0479809  80.5418 298.5175 13.44387619646110
FENGYUN 1C DEB          
1 32174U 99025CTU 26277.41578996  .00000175  00000+0  93493-4 0  9999
2 32174  98.5658 334.8893 0151441 113.5677 248.1488 14.18223014682966
FENGYUN 1C DEB          
1 32175U 99025CTV 26278.21339657  .00001697  00000+0  11507-2 0  9992
2 32175  98.8416 259.7294 0144617 225.4838 133.4435 13.96574609639763
FENGYUN 1C DEB          
1 32176U 99025CTW 26270.48646422  .00019346  00000+0  16313-2 0  9995
2 32176  99.3759   0.9284 0023888 198.9599 161.0731 14.98013020657842
FENGYUN 1C DEB          
1 32177U 99025CTX 26277.91506988  .00003254  00000+0  69168-3 0  9991
2 32177  99.0277 317.5862 0047796 224.3280 135.4086 14.59142766753548
FENGYUN 1C DEB          
1 32178U 99025CTY 26277.39570940  .00001096  00000+0  47913-3 0  9999
2 32178 100.2867 333.8693 0093179 228.7739 130.5376 14.24159425682108
FENGYUN 1C DEB          
1 32179U 99025CTZ 26280.09887051 -.00000093  00000+0 -29374-4 0  9995
2 32179  98.8689 327.4049 0146111  77.6939 312.5967 14.03846267699149
FENGYUN 1C DEB          
1 32180U 99025CUA 26279.37116451  .00000001  00000+0  39683-4 0  9996
2 32180  99.5456 328.9271 0137122 146.0868 229.5559 13.82384852983804
FENGYUN 1C DEB          
1 32181U 99025CUB 26279.89511729  .00002514  00000+0  53894-3 0  9991
2 32181  99.4990  69.7755 0070163 274.6730 238.8096 14.58286168 10581
FENGYUN 1C DEB          
1 32183U 99025CUD 26276.83868133  .00000619  00000+0  36744-3 0  9997
2 32183  98.6809 323.3999 0040992 302.7704  56.9521 14.10686686769246
FENGYUN 1C DEB          
1 32186U 99025CUG 26279.45694029  .00000558  00000+0  46186-3 0  9995
2 32186  99.5839 337.8412 0273612 143.4122 233.0580 13.77094835667075
FENGYUN 1C DEB          
1 32187U 99025CUH 26280.17140480  .00000184  00000+0  26529-3 0  9998
2 32187  99.4792 350.7851 0293828 118.1290 273.0073 13.50664207702876
FENGYUN 1C DEB          
1 32191U 99025CUM 26280.00900039  .00001479  00000+0  60232-3 0  9996
2 32191  98.6822 338.8348 0091050  39.3180 321.4564 14.26707124687526
FENGYUN 1C DEB          
1 32192U 99025CUN 26278.56470977  .00000224  00000+0  21141-3 0  9991
2 32192  98.6156 130.0420 0182541  76.8789 285.2668 13.82706785968142
FENGYUN 1C DEB          
1 32195U 99025CUR 26275.21869104  .00000546  00000+0  33296-3 0  9998
2 32195  98.7807 274.8950 0069234 189.8244 170.1576 14.08909590681148
FENGYUN 1C DEB          
1 32197U 99025CUT 26279.54349758  .00000537  00000+0  18423-3 0  9993
2 32197  98.8968 201.8616 0162009  78.1162  95.1812 14.33256363986880
FENGYUN 1C DEB          
1 32198U 99025CUU 26280.14164948  .00001776  00000+0  97616-3 0  9995
2 32198  98.3595  50.7057 0095523 157.8026 202.7324 14.10549998611504
FENGYUN 1C DEB          
1 32200U 99025CUW 26279.09068858  .00001079  00000+0  55725-3 0  9995
2 32200  98.7644 328.8112 0040940 160.2043 200.0731 14.16679265985726
FENGYUN 1C DEB          
1 32203U 99025CUZ 26278.43802410  .00122843  00000+0  79215-3 0  9998
2 32203  96.9652 168.3714 0074348  68.4105 292.5060 15.71905440797080
FENGYUN 1C DEB          
1 32205U 99025CVB 26278.23693466  .00000152  00000+0  10255-3 0  9994
2 32205  98.6854 278.6670 0011309 157.8445 263.0822 14.14075582986887
FENGYUN 1C DEB          
1 32207U 99025CVD 26277.31443213  .00000484  00000+0  16461-3 0  9990
2 32207  99.8798 285.9779 0084466  10.8044   3.1441 14.40181304685613
FENGYUN 1C DEB          
1 32209U 99025CVF 26277.08783739  .00001049  00000+0  12610-2 0  9995
2 32209  99.4325 213.1235 0332730   7.4754 353.1170 13.47931803939541
FENGYUN 1C DEB          
1 32210U 99025CVG 26251.94314257  .00001211  00000+0  66544-3 0  9996
2 32210  98.8485 302.2426 0071895 126.1174 234.6681 14.12265717651999
FENGYUN 1C DEB          
1 32212U 99025CVJ 26279.16526029  .00000835  00000+0  24939-3 0  9997
2 32212  99.5972  56.4052 0134705 295.3698 241.5728 14.41223434  3153
FENGYUN 1C DEB          
1 32214U 99025CVL 26279.32835154  .00001901  00000+0  13208-2 0  9990
2 32214  99.0291 302.4766 0175054 308.2008  64.1902 13.92962144665623
FENGYUN 1C DEB          
1 32218U 99025CVQ 26278.83152985  .00002656  00000+0  57962-3 0  9997
2 32218  98.7874 134.3574 0058888 241.5585 178.9728 14.57719565  5440
FENGYUN 1C DEB          
1 32221U 99025CVT 26280.28218022  .00000504  00000+0  10321-3 0  9996
2 32221  98.6034  85.4248 0143498 306.1485  52.6506 14.59481074 15417
FENGYUN 1C DEB          
1 32222U 99025CVU 26277.71435458  .00031162  00000+0  39759-2 0  9994
2 32222  99.1000 266.5272 0037783  30.5172 329.8224 14.80887356689135
FENGYUN 1C DEB          
1 32223U 99025CVV 26280.19076580  .00001732  00000+0  78725-3 0  9995
2 32223  98.8273   4.5124 0047873 178.2631 211.8558 14.22486821684651
FENGYUN 1C DEB          
1 32224U 99025CVW 26279.87089211  .00000367  00000+0  14292-3 0  9996
2 32224  99.0219 248.1906 0074549 275.0679  84.1998 14.34481898999972
FENGYUN 1C DEB          
1 32225U 99025CVX 26278.38790835  .00000174  00000+0  11385-3 0  9999
2 32225  99.0534 336.0381 0072788  91.3815 269.5697 14.13251495723066
FENGYUN 1C DEB          
1 32230U 99025CWC 26278.95062318  .00008283  00000+0  16128-2 0  9994
2 32230  98.8903  94.4584 0045877 258.1961 260.0289 14.62668079650069
FENGYUN 1C DEB          
1 32234U 99025CWG 26274.51362700  .00000878  00000+0  63267-3 0  9993
2 32234  98.5139 107.0990 0134270 242.6855 116.0584 13.95024029972903
FENGYUN 1C DEB          
1 32241U 99025CWP 26277.87070571  .00002551  00000+0  88908-3 0  9994
2 32241  99.0558 324.4699 0142861  86.1701 275.5800 14.30690592980555
FENGYUN 1C DEB          
1 32242U 99025CWQ 26279.35317498  .00000932  00000+0  75432-3 0  9991
2 32242  97.2534 127.6472 0158692 199.0462 160.4724 13.86211401670448
FENGYUN 1C DEB          
1 32243U 99025CWR 26279.95966856  .00002436  00000+0  10885-2 0  9997
2 32243  98.2559 283.7506 0264112 352.8103   6.9311 14.06617068977780
FENGYUN 1C DEB          
1 32245U 99025CWT 26279.35548972  .00004989  00000+0  60066-3 0  9990
2 32245  98.6287 142.9356 0090093 114.7959 246.2656 14.81508453705074
FENGYUN 1C DEB          
1 32303U 99025CWU 26272.15873698  .00003765  00000+0  15018-2 0  9999
2 32303  97.8120  39.9922 0088902 168.9294 191.3872 14.26870222663730
FENGYUN 1C DEB          
1 32304U 99025CWV 26276.74047811  .00002137  00000+0  52189-3 0  9992
2 32304  99.4223 271.6281 0050037  70.7151 289.9444 14.53105778605547
FENGYUN 1C DEB          
1 32308U 99025CWZ 26279.83655013  .00001389  00000+0  81528-3 0  9995
2 32308  97.7589 295.6009 0105315 277.5416  81.3803 14.06752863696018
FENGYUN 1C DEB          
1 32311U 99025CXC 26279.64181404  .00000562  00000+0  78771-3 0  9994
2 32311 101.7233 211.4866 0399690 146.6781 216.0194 13.34220249113093
FENGYUN 1C DEB          
1 32314U 99025CXF 26277.13636003  .00003920  00000+0  40040-3 0  9998
2 32314  98.8899  59.3606 0134834 301.0316  57.7713 14.84784318 17671
FENGYUN 1C DEB          
1 32315U 99025CXG 26275.29850361  .00000029  00000+0  82487-4 0  9998
2 32315 100.8370  97.7796 0228841 114.4792 248.0398 13.66250593650974
FENGYUN 1C DEB          
1 32316U 99025CXH 26279.71188541  .00002529  00000+0  60531-3 0  9996
2 32316  99.5069 351.2635 0028584 162.7516 349.5173 14.54375725   965
FENGYUN 1C DEB          
1 32320U 99025CXM 26278.51581824  .00001496  00000+0  51116-3 0  9990
2 32320 100.3520 200.5787 0054485 297.5763  61.9890 14.37475470664356
FENGYUN 1C DEB          
1 32322U 99025CXP 26277.37480646  .00000379  00000+0  49523-3 0  9993
2 32322  98.3425 111.2978 0419082  71.0464 293.5593 13.34570346643229
FENGYUN 1C DEB          
1 32323U 99025CXQ 26275.60699407  .00001482  00000+0  95965-3 0  9992
2 32323  98.5840  44.6091 0152034 111.1453 250.6037 13.98640334643753
FENGYUN 1C DEB          
1 32324U 99025CXR 26279.81155828  .00000393  00000+0  25030-3 0  9990
2 32324  99.5540  44.0517 0049255 280.6296  78.9327 14.09610649681974
FENGYUN 1C DEB          
1 32326U 99025CXT 26279.67351958  .00000544  00000+0  39063-3 0  9997
2 32326  98.4828 179.7250 0386494  63.3360 300.6825 13.69697644672603
FENGYUN 1C DEB          
1 32331U 99025CXY 26278.00265630  .00055051  00000+0  49704-2 0  9995
2 32331  99.1693 294.7851 0008904 271.0363  88.9833 14.95230782650135
FENGYUN 1C DEB          
1 32332U 99025CXZ 26278.41332078  .00001168  00000+0  60244-3 0  9995
2 32332  99.1096 335.9335 0283637 217.5950 140.5084 13.98392653971815
FENGYUN 1C DEB          
1 32334U 99025CYB 26278.39233542  .00000784  00000+0  53331-3 0  9992
2 32334  99.2191 341.4510 0068645 184.0806 175.9808 14.01978105980968
FENGYUN 1C DEB          
1 32340U 99025CYH 26279.90133551  .00007937  00000+0  98972-3 0  9993
2 32340  98.9649 324.9799 0030396  77.5513 282.9096 14.82421476 15642
FENGYUN 1C DEB          
1 32342U 99025CYK 26280.00545312  .00000075  00000+0  62603-4 0  9999
2 32342  98.6708 284.4538 0007153 205.1356 217.9299 14.13499301979319
FENGYUN 1C DEB          
1 32343U 99025CYL 26278.21148204  .00000538  00000+0  24289-3 0  9990
2 32343  98.6388 262.6201 0150833 351.6210   8.2452 14.20280004689214
FENGYUN 1C DEB          
1 32350U 99025CYT 26278.34097294  .00003378  00000+0  50265-3 0  9992
2 32350  98.1935 322.7382 0261323 101.3814 261.6860 14.55012050 18182
FENGYUN 1C DEB          
1 32352U 99025CYV 26278.55045692  .00000711  00000+0  21303-3 0  9991
2 32352  98.7883 212.0241 0121505   7.8423 352.4628 14.41976809695469
FENGYUN 1C DEB          
1 32353U 99025CYW 26275.75179113  .00001595  00000+0  93800-3 0  9999
2 32353  98.9368  92.6250 0122618  97.1294 264.3835 14.05731931673222
FENGYUN 1C DEB          
1 32356U 99025CYZ 26279.21123116  .00002506  00000+0  14886-2 0  9998
2 32356 102.4973 256.9281 0124550  13.4612 346.9816 14.05214206725639
FENGYUN 1C DEB          
1 32357U 99025CZA 26279.31275674  .00003099  00000+0  15270-2 0  9993
2 32357  98.8343 300.8019 0483113 118.4824 314.1850 13.70928543708623
FENGYUN 1C DEB          
1 32361U 99025CZE 26279.68171587  .00004559  00000+0  10579-2 0  9995
2 32361  98.8412   0.1213 0043802 219.1833 140.6188 14.54953873  6700
FENGYUN 1C DEB          
1 32362U 99025CZF 26278.19991566  .00001555  00000+0  15132-2 0  9991
2 32362  99.8559 259.4383 0266053 251.9609 105.2382 13.66600688951775
FENGYUN 1C DEB          
1 32366U 99025CZK 26277.90174108  .00001440  00000+0  69222-3 0  9991
2 32366  96.7716 334.3154 0132860  98.5083 263.1179 14.15272349973910
FENGYUN 1C DEB          
1 32372U 99025CZR 26275.65456153  .00000635  00000+0  71480-3 0  9995
2 32372  97.3074  79.4607 0454310 355.2647   4.4261 13.36151291640640
FENGYUN 1C DEB          
1 32409U 99025CZV 26275.89149569  .00004223  00000+0  50810-3 0  9993
2 32409  99.5554 141.1714 0034847 327.2908  45.0150 14.84214979631939
FENGYUN 1C DEB          
1 32411U 99025CZX 26280.20269127  .00000124  00000+0  86779-4 0  9990
2 32411  98.4166 184.4421 0121934 243.0986 115.7683 14.10183078700206
FENGYUN 1C DEB          
1 32414U 99025DAA 26277.48113178  .00001321  00000+0  63847-3 0  9993
2 32414  98.8393 352.6577 0045785 228.4272 131.2975 14.19758989979270
FENGYUN 1C DEB          
1 32416U 99025DAC 26265.56371577  .00000512  00000+0  56889-3 0  9999
2 32416 100.7830  30.5357 0237415 290.1292  67.4448 13.65952861655057
FENGYUN 1C DEB          
1 32418U 99025DAE 26277.35220612  .00002818  00000+0  14435-2 0  9995
2 32418  98.1803 124.4312 0220648 278.8737  78.7511 14.04410228671368
FENGYUN 1C DEB          
1 32419U 99025DAF 26279.45643765  .00000517  00000+0  21756-3 0  9996
2 32419  97.9462 185.8714 0279706 245.4625 111.7158 14.10581647677675
FENGYUN 1C DEB          
1 32422U 99025DAJ 26278.48733146  .00000873  00000+0  43331-3 0  9993
2 32422  97.8629  12.9310 0298881 166.5958 194.3375 13.98411269672807
FENGYUN 1C DEB          
1 32425U 99025DAM 26278.43219650  .00000582  00000+0  23018-3 0  9997
2 32425  96.7234 359.8088 0232838 123.4571 238.9106 14.17408874737379
FENGYUN 1C DEB          
1 32429U 99025DAR 26277.45097845  .00012478  00000+0  23970-2 0  9995
2 32429  99.0789 138.6724 0031815  57.1784 303.2472 14.63501614997822
FENGYUN 1C DEB          
1 32430U 99025DAS 26279.82907005  .00001484  00000+0  10403-2 0  9990
2 32430  98.6847 281.8715 0367359 196.5936 162.2926 13.71750083952885
FENGYUN 1C DEB          
1 32432U 99025DAU 26278.89718289  .00005835  00000+0  11018-2 0  9999
2 32432  98.1457 312.9885 0166382 106.3052 255.6517 14.56243310750157
FENGYUN 1C DEB          
1 32440U 99025DBC 26278.79595493  .00001734  00000+0  15981-2 0  9994
2 32440  99.1305 121.1355 0322892  42.8520 319.7309 13.62865599643309
FENGYUN 1C DEB          
1 32441U 99025DBD 26279.38537103  .00001583  00000+0  67899-3 0  9993
2 32441  97.7718 329.5212 0248514 161.5906 199.4464 14.10667462987728
FENGYUN 1C DEB          
1 32447U 99025DBK 26277.77468382 -.00000011  00000+0  23262-4 0  9995
2 32447  98.9205 289.8314 0078424 306.6700  52.7272 13.96151797720099
FENGYUN 1C DEB          
1 32451U 99025DBP 26279.22839562  .00001848  00000+0  13859-2 0  9991
2 32451  99.9876 284.3483 0183826 134.1747 227.4683 13.88255370658904
FENGYUN 1C DEB          
1 32453U 99025DBR 26278.05140722  .00000534  00000+0  35950-3 0  9994
2 32453  99.3696 201.2017 0097977 112.3678 248.7905 14.02846018975821
FENGYUN 1C DEB          
1 32455U 99025DBT 26278.52972493  .00001762  00000+0  10998-2 0  9994
2 32455 101.7235 194.6831 0231934 129.9918 232.1848 13.94231895685498
FENGYUN 1C DEB          
1 32456U 99025DBU 26264.88156438  .00000742  00000+0  10522-2 0  9992
2 32456 103.6610 145.5530 0378232   7.2573 353.3809 13.36184490643970
FENGYUN 1C DEB          
1 32457U 99025DBV 26275.32894951  .00000531  00000+0  76876-3 0  9994
2 32457 100.0998 314.8832 0415719 351.3705   8.0421 13.29729954578523
FENGYUN 1C DEB          
1 32458U 99025DBW 26276.89046018  .00003308  00000+0  60724-3 0  9991
2 32458  99.0210 330.2788 0038233 186.4099 173.6618 14.66038553721094
FENGYUN 1C DEB          
1 32459U 99025DBX 26280.26219605  .00001400  00000+0  32454-3 0  9992
2 32459  98.2923 292.1375 0210075   2.0052 358.1933 14.44031490988570
FENGYUN 1C DEB          
1 32460U 99025DBY 26279.56611119  .00000520  00000+0  39054-3 0  9996
2 32460  98.0438  29.4566 0183781  12.5939 347.9725 13.90376838693911
FENGYUN 1C DEB          
1 32461U 99025DBZ 26276.00589257  .00000650  00000+0  60542-3 0  9990
2 32461  98.3204  98.3802 0232479  43.7993 104.9612 13.73526862713339
FENGYUN 1C DEB          
1 32464U 99025DCC 26276.80331500  .00008916  00000+0  63230-3 0  9997
2 32464  97.3360 288.6360 0094526 316.3546  43.0229 15.01385601652087
FENGYUN 1C DEB          
1 33502U 99025DCF 26279.83748587  .00003413  00000+0  14338-2 0  9995
2 33502  99.0364 235.5169 0079940  18.3680  11.3036 14.24835699911974
FENGYUN 1C DEB          
1 33599U 99025DCG 26272.35472633  .00029250  00000+0  66553-3 0  9991
2 33599  96.5622 311.6093 0072431 332.3138  27.4261 15.40128036704401
FENGYUN 1C DEB          
1 33601U 99025DCJ 26280.32586904  .00000978  00000+0  52591-3 0  9991
2 33601  98.3449  58.9441 0154869   9.3106 351.0879 14.09033247948833
FENGYUN 1C DEB          
1 33603U 99025DCL 26278.14102163  .00000720  00000+0  69585-4 0  9998
2 33603  98.8407 248.4776 0214638 212.8838 145.8867 14.81254130 32437
FENGYUN 1C DEB          
1 33605U 99025DCN 26279.94962856  .00000406  00000+0  25924-3 0  9991
2 33605  98.7136 273.4290 0055409 313.6104  74.9595 14.08250362640157
FENGYUN 1C DEB          
1 33612U 99025DCV 26279.85200613  .00001231  00000+0  74360-3 0  9990
2 33612  98.6165 238.8753 0111323 349.8057  10.0855 14.05323075608592
FENGYUN 1C DEB          
1 33613U 99025DCW 26277.44180089  .00002435  00000+0  85191-3 0  9999
2 33613  98.6777 355.7716 0027531 291.3385  68.4862 14.35880819687502
FENGYUN 1C DEB          
1 33618U 99025DDB 26279.52057059  .00001884  00000+0  30658-3 0  9990
2 33618  98.5287  22.0837 0156982 294.8295  63.6651 14.64552835 11354
FENGYUN 1C DEB          
1 33619U 99025DDC 26279.65220080  .00001642  00000+0  80014-3 0  9994
2 33619  98.8443 353.2574 0049711 271.7712  87.7770 14.18888719678471
FENGYUN 1C DEB          
1 33621U 99025DDE 26279.31470596  .00000925  00000+0  30167-3 0  9996
2 33621  98.1209 111.5013 0283377 141.2888 220.8977 14.20344147684676
FENGYUN 1C DEB          
1 33623U 99025DDG 26278.07936246  .00008317  00000+0  23606-2 0  9991
2 33623  98.2039  28.1227 0051024 105.5615 255.1217 14.44895199655976
FENGYUN 1C DEB          
1 33625U 99025DDJ 26278.80094801  .00003386  00000+0  46723-3 0  9993
2 33625  98.6471  48.2833 0213724 294.8303  63.0807 14.64415396657344
FENGYUN 1C DEB          
1 33630U 99025DDP 26276.55462729  .00000349  00000+0  17550-3 0  9999
2 33630  98.6287  19.2971 0132811 299.0809  59.7120 14.18146955685893
FENGYUN 1C DEB          
1 33633U 99025DDS 26280.23814523  .00002182  00000+0  98683-3 0  9998
2 33633  99.0609  26.7449 0079030  18.8426  11.2981 14.21489441949498
FENGYUN 1C DEB          
1 33636U 99025DDV 26278.28602266  .00000912  00000+0  35156-3 0  9997
2 33636  98.4533 291.2315 0064551 300.6189 129.2575 14.31501587743095
FENGYUN 1C DEB          
1 33637U 99025DDW 26272.38030566  .00001560  00000+0  50647-3 0  9993
2 33637  98.4664 318.4657 0079640   4.7212 355.4709 14.38471108690147
FENGYUN 1C DEB          
1 33638U 99025DDX 26273.85888192  .00000340  00000+0  33827-3 0  9999
2 33638  98.4414 134.4566 0260785 212.5726 145.9103 13.69924867649149
FENGYUN 1C DEB          
1 33639U 99025DDY 26274.54231447  .00002904  00000+0  85409-3 0  9993
2 33639  98.7135  16.6293 0048999 135.3599 225.1552 14.43799911648031
FENGYUN 1C DEB          
1 33640U 99025DDZ 26280.11024441  .00001204  00000+0  32922-3 0  9993
2 33640  98.8753 241.3265 0089344 347.4010  12.4948 14.46950611966565
FENGYUN 1C DEB          
1 33646U 99025DEF 26275.56277825  .00001332  00000+0  80464-3 0  9994
2 33646  98.5941 180.2877 0112391  54.7597 306.4029 14.05065274761728
FENGYUN 1C DEB          
1 33647U 99025DEG 26278.33277261  .00001415  00000+0  92540-3 0  9997
2 33647  98.1932 103.9945 0243541 349.8381   9.7905 13.90127712669647
FENGYUN 1C DEB          
1 33648U 99025DEH 26280.22018071  .00000120  00000+0  87183-4 0  9991
2 33648  98.7339 275.8657 0069581  47.5187 313.1837 14.11899030685883
FENGYUN 1C DEB          
1 33650U 99025DEK 26278.90455223  .00001156  00000+0  88840-3 0  9990
2 33650  99.0182  79.3075 0149222 350.6876   9.1522 13.90055214729360
FENGYUN 1C DEB          
1 33651U 99025DEL 26279.38765898  .00000149  00000+0  84097-4 0  9998
2 33651  98.6171 323.1058 0115617 273.4383  85.3575 14.20540187684974
FENGYUN 1C DEB          
1 33655U 99025DEQ 26279.76632596  .00026601  00000+0  14268-2 0  9994
2 33655  98.8017  32.0606 0031575  98.8191 261.6615 15.14514146 10371
FENGYUN 1C DEB          
1 33656U 99025DER 26275.23627825  .00000390  00000+0  18458-3 0  9995
2 33656  98.5995 266.1458 0087756 258.1362 100.9965 14.23200165668837
FENGYUN 1C DEB          
1 33658U 99025DET 26279.89289853  .00001471  00000+0  14667-2 0  9996
2 33658  99.5838  73.3273 0280123 140.0799 222.1314 13.63630829622017
FENGYUN 1C DEB          
1 33660U 99025DEV 26276.97883285  .00000038  00000+0  57372-4 0  9994
2 33660  98.6351 173.4644 0110334 152.2574 275.4864 13.92026141951717
FENGYUN 1C DEB          
1 33661U 99025DEW 26278.09222944  .00000940  00000+0  86489-3 0  9991
2 33661  98.3863 134.1893 0231380  76.3673  72.1824 13.73408057685243
FENGYUN 1C DEB          
1 33663U 99025DEY 26279.87250381  .00019308  00000+0  25381-2 0  9997
2 33663  98.8868 303.3421 0059908 163.3664 196.9528 14.78997038685876
FENGYUN 1C DEB          
1 33664U 99025DEZ 26271.33302633  .00000475  00000+0  29004-3 0  9991
2 33664  98.7426  53.6731 0162183 307.0941  51.5495 14.04313110948031
FENGYUN 1C DEB          
1 33665U 99025DFA 26279.56584528  .00000647  00000+0  17600-3 0  9990
2 33665  99.0520  41.8019 0448202 340.6972  17.7676 14.05238130967726
FENGYUN 1C DEB          
1 33673U 99025DFJ 26279.44787196  .00000786  00000+0  57953-3 0  9991
2 33673  99.3145 334.9232 0105664 134.6743 237.8846 13.95940375940558
FENGYUN 1C DEB          
1 33674U 99025DFK 26277.03623394  .00000979  00000+0  86190-3 0  9993
2 33674  98.5911 304.2072 0209985 165.2077 195.5349 13.77845534924308
FENGYUN 1C DEB          
1 33676U 99025DFM 26278.37267298  .00000171  00000+0  63003-4 0  9993
2 33676  99.0625 323.6633 0202473 281.7313  76.1219 14.35810472695671
FENGYUN 1C DEB          
1 33678U 99025DFP 26279.53410272  .00000689  00000+0  15428-3 0  9997
2 33678  99.0214  10.3775 0203225  66.9908 295.2577 14.48380601994058
FENGYUN 1C DEB          
1 33679U 99025DFQ 26280.17975926  .00018294  00000+0  72982-3 0  9991
2 33679  99.3477  57.7856 0107125  43.1894 317.7675 15.20041594986327
FENGYUN 1C DEB          
1 33682U 99025DFT 26279.14202527  .00001956  00000+0  80079-3 0  9993
2 33682  99.4025 353.3556 0025954 311.6347  48.2609 14.28322744959417
FENGYUN 1C DEB          
1 33684U 99025DFV 26278.02116358  .00014459  00000+0  10548-2 0  9992
2 33684  99.0401  14.5891 0266941 133.1660 229.2199 14.79464935973617
FENGYUN 1C DEB          
1 33687U 99025DFY 26276.94556337  .00027764  00000+0  66415-3 0  9997
2 33687  98.9621 348.4399 0076947  53.2877 307.5400 15.38351023760192
FENGYUN 1C DEB          
1 33688U 99025DFZ 26276.65789879  .00004884  00000+0  12383-2 0  9997
2 33688  99.3611  54.4699 0049311 112.4495 248.1929 14.50634329957519
FENGYUN 1C DEB          
1 33689U 99025DGA 26278.38682936  .00001579  00000+0  44467-3 0  9993
2 33689  99.5460 328.1693 0046098   4.7654  60.8186 14.46909437738182
FENGYUN 1C DEB          
1 33690U 99025DGB 26279.53323211  .00004517  00000+0  10352-2 0  9991
2 33690  98.6181  31.4383 0030082 217.0441 142.8679 14.55830517975478
FENGYUN 1C DEB          
1 33691U 99025DGC 26275.80850501  .00002434  00000+0  10226-2 0  9991
2 33691  99.1502 275.1420 0064154 304.5216  54.9916 14.25766205946766
FENGYUN 1C DEB          
1 33693U 99025DGE 26277.93901327  .00000829  00000+0  80530-3 0  9994
2 33693  99.2356  89.5516 0222655 303.5893  54.4177 13.72051571922921
FENGYUN 1C DEB          
1 33697U 99025DGJ 26280.10240817  .00001756  00000+0  90101-3 0  9996
2 33697  99.0150  28.4913 0072081 134.3437 226.3674 14.15359448974312
FENGYUN 1C DEB          
1 33698U 99025DGK 26276.29798334  .00000636  00000+0  13932-3 0  9997
2 33698  99.6458 286.8667 0137184  63.7513 297.7705 14.56500524999235
FENGYUN 1C DEB          
1 33701U 99025DGN 26280.30791825  .00001379  00000+0  83700-3 0  9992
2 33701  98.6780 225.7261 0133123  70.1018 291.4437 14.03540513946925
FENGYUN 1C DEB          
1 33710U 99025DGX 26280.07081070  .00000792  00000+0  44683-3 0  9995
2 33710  98.9856  24.4039 0053747  26.8239 333.5694 14.12537751718677
FENGYUN 1C DEB          
1 33711U 99025DGY 26278.44227602  .00000675  00000+0  45802-3 0  9991
2 33711  99.1610 338.1796 0097008 311.1624  61.2990 14.01479183960877
FENGYUN 1C DEB          
1 33716U 99025DHD 26277.08659805  .00000124  00000+0  59926-4 0  9991
2 33716  98.8916 215.0625 0092487 212.2869 147.2632 14.32889700693874
FENGYUN 1C DEB          
1 33718U 99025DHF 26280.09490658  .00002506  00000+0  13997-2 0  9999
2 33718  99.6642  32.8569 0098775 220.4381 138.9416 14.09420983733879
FENGYUN 1C DEB          
1 33719U 99025DHG 26278.01777872  .00001162  00000+0  51858-3 0  9991
2 33719  98.7476 341.9142 0027910 302.0667 178.2776 14.24483573962302
FENGYUN 1C DEB          
1 33720U 99025DHH 26275.24438092  .00000773  00000+0  23879-3 0  9992
2 33720  98.2541 273.1851 0078344 259.2475  99.9888 14.42322708975851
FENGYUN 1C DEB          
1 33722U 99025DHK 26277.99676544  .00000741  00000+0  31129-3 0  9996
2 33722  98.5653 288.9894 0158685 111.7270 250.0885 14.22085268963571
FENGYUN 1C DEB          
1 33723U 99025DHL 26279.10437709  .00002540  00000+0  12679-2 0  9997
2 33723  99.1470  11.8937 0099137 212.4741 270.7053 14.15267569678279
FENGYUN 1C DEB          
1 33724U 99025DHM 26278.28495552  .00000533  00000+0  26897-3 0  9994
2 33724  98.6010 285.2964 0028249  48.1952  17.6376 14.20129739981708
FENGYUN 1C DEB          
1 33726U 99025DHP 26280.19248928  .00000502  00000+0  23833-3 0  9995
2 33726  98.6723  40.4683 0190541 256.5502 224.1341 14.14789793961510
FENGYUN 1C DEB          
1 33728U 99025DHR 26280.24156830  .00003182  00000+0  24040-3 0  9991
2 33728  98.9601  23.2880 0139091 333.7780  25.6439 14.95930948 27599
FENGYUN 1C DEB          
1 33730U 99025DHT 26280.04365313  .00005911  00000+0  10322-2 0  9999
2 33730  99.0357  12.7161 0037702 173.0960 187.0769 14.67908179    15
FENGYUN 1C DEB          
1 33731U 99025DHU 26280.04335818  .00000628  00000+0  45709-3 0  9995
2 33731  99.4268 314.5087 0127283 326.4762  32.8390 13.96422393946116
FENGYUN 1C DEB          
1 33733U 99025DHW 26278.77368036  .00004784  00000+0  16396-2 0  9998
2 33733  99.0974  24.1168 0071495  25.9527 126.1839 14.35233550947031
FENGYUN 1C DEB          
1 33737U 99025DJA 26280.07253183  .00001156  00000+0  70385-3 0  9993
2 33737  98.3467  94.5207 0127265 156.9215 331.4580 14.03912306929251
FENGYUN 1C DEB          
1 33738U 99025DJB 26280.13610947  .00000482  00000+0  30702-3 0  9996
2 33738  99.1135 344.6699 0190056 279.0261 108.4009 14.00050712934113
FENGYUN 1C DEB          
1 33740U 99025DJD 26278.74774923  .00000135  00000+0  96444-4 0  9999
2 33740  98.6813 287.4831 0002193  56.7743 303.3639 14.12458680943398
FENGYUN 1C DEB          
1 33741U 99025DJE 26280.17756294  .00002263  00000+0  11733-2 0  9991
2 33741  98.5552 184.9522 0126670 319.8298  39.3563 14.11749378610716
FENGYUN 1C DEB          
1 33745U 99025DJJ 26274.94388132  .00001298  00000+0  57884-3 0  9990
2 33745  99.0944 327.0287 0054489 148.7849 211.6583 14.23810002701723
FENGYUN 1C DEB          
1 33747U 99025DJL 26280.26063453  .00002692  00000+0  12496-2 0  9998
2 33747  99.0973  27.4872 0086508  92.3875 268.7208 14.19590795943654
FENGYUN 1C DEB          
1 33748U 99025DJM 26279.37704771  .00001294  00000+0  47994-3 0  9993
2 33748  98.5570 332.3971 0035743  83.3117 277.2133 14.33548013956562
FENGYUN 1C DEB          
1 35088U 99025DJQ 26279.34293961  .00006875  00000+0  24829-2 0  9994
2 35088  94.6267 317.2702 0245968 352.7643   7.0015 14.18201076630109
FENGYUN 1C DEB          
1 35089U 99025DJR 26277.97471267  .00000465  00000+0  23724-3 0  9992
2 35089  98.5591 283.0289 0026216 285.5246  74.3037 14.20160646650796
FENGYUN 1C DEB          
1 35090U 99025DJS 26280.04124717  .00001408  00000+0  68725-3 0  9999
2 35090  99.1831 308.3634 0054396 249.5833 109.9495 14.19007729704792
FENGYUN 1C DEB          
1 35091U 99025DJT 26276.29187556  .00005783  00000+0  98718-3 0  9997
2 35091  98.6065  39.2312 0043175  97.8327 262.7781 14.68742912942428
FENGYUN 1C DEB          
1 35102U 99025DKE 26277.27065158  .00000600  00000+0  24711-3 0  9997
2 35102  98.4766 284.5529 0058428 302.1257  57.4264 14.29515242691341
FENGYUN 1C DEB          
1 35104U 99025DKG 26279.25425557  .00000452  00000+0  22805-3 0  9999
2 35104  98.5986 282.7777 0030721   3.8491   8.6986 14.20765188939918
FENGYUN 1C DEB          
1 35105U 99025DKH 26280.22301769  .00000459  00000+0  13408-3 0  9993
2 35105  98.9647 282.8475 0109686 243.5744 115.4158 14.46022093988061
FENGYUN 1C DEB          
1 35108U 99025DKL 26269.23030025  .00000285  00000+0  18105-3 0  9994
2 35108  98.8157 262.5497 0133224 333.0405  26.3885 14.07207326932812
FENGYUN 1C DEB          
1 35109U 99025DKM 26278.20193577  .00000280  00000+0  13319-3 0  9991
2 35109  98.6415 265.7414 0150800 256.0207 102.4163 14.21205087683709
FENGYUN 1C DEB          
1 35111U 99025DKP 26280.22881663  .00000406  00000+0  25061-3 0  9996
2 35111  99.4572  19.5920 0022903 113.6475 246.7102 14.11367437683543
FENGYUN 1C DEB          
1 35116U 99025DKU 26275.95171666  .00000872  00000+0  37617-3 0  9997
2 35116  98.6349 322.9465 0056663 270.5127  88.9561 14.26194975641521
FENGYUN 1C DEB          
1 35121U 99025DKZ 26278.79184076  .00000193  00000+0  12942-3 0  9997
2 35121  98.2682 121.5019 0156917 332.0026  27.2767 14.04918787652624
FENGYUN 1C DEB          
1 35122U 99025DLA 26279.30009486  .00000305  00000+0  18108-3 0  9992
2 35122  98.6575 293.7798 0025416  31.8155 328.4548 14.14414812680739
FENGYUN 1C DEB          
1 35123U 99025DLB 26280.00530682  .00000504  00000+0  23401-3 0  9992
2 35123  99.1159 119.1496 0048666 303.0754  56.5755 14.24786495653202
FENGYUN 1C DEB          
1 35125U 99025DLD 26274.24467301  .00001421  00000+0  50753-3 0  9999
2 35125  98.2149 275.7653 0052198 137.9193 222.6020 14.34771786354749
FENGYUN 1C DEB          
1 35128U 99025DLG 26273.87542063  .00003872  00000+0  11086-2 0  9996
2 35128  98.3318 148.3236 0080839 183.8913 176.1659 14.43665868671797
FENGYUN 1C DEB          
1 35135U 99025DLP 26276.25587493  .00000514  00000+0  23835-3 0  9991
2 35135  98.5633 281.9623 0082054 147.4528 213.1748 14.23070771920126
FENGYUN 1C DEB          
1 35139U 99025DLT 26278.73194458  .00000376  00000+0  18657-3 0  9997
2 35139  98.5884 280.7935 0068938 155.5330 204.9145 14.21510642683722
FENGYUN 1C DEB          
1 35140U 99025DLU 26280.15950043  .00000149  00000+0  58738-4 0  9991
2 35140  98.4812 254.7742 0290422 176.7744 183.5398 14.21611548915187
FENGYUN 1C DEB          
1 35142U 99025DLW 26275.75303697  .00000053  00000+0  72807-4 0  9997
2 35142  99.0674 265.4494 0108733 135.5124  39.7899 13.90650089897751
FENGYUN 1C DEB          
1 35144U 99025DLY 26279.83685440  .00007053  00000+0  12928-2 0  9994
2 35144  98.7162  56.5551 0025193 163.1468 197.0577 14.65906262695724
FENGYUN 1C DEB          
1 35147U 99025DMB 26279.65170006  .00006031  00000+0  75482-3 0  9994
2 35147  99.4852  50.6079 0025012   6.4935 353.6593 14.82539856787077
FENGYUN 1C DEB          
1 35152U 99025DMG 26277.26662391  .00000465  00000+0  45409-3 0  9999
2 35152  99.8170 114.5399 0193858 330.6010  28.4344 13.76859326662594
FENGYUN 1C DEB          
1 35153U 99025DMH 26279.02799205  .00001331  00000+0  16602-3 0  9997
2 35153  98.8889 204.9996 0164309 232.0774 126.5485 14.75494911 15862
FENGYUN 1C DEB          
1 35154U 99025DMJ 26277.12969679  .00000392  00000+0  18119-3 0  9992
2 35154  99.4599  62.8705 0177162 290.8577  67.3706 14.19394459687677
FENGYUN 1C DEB          
1 35155U 99025DMK 26279.97373323  .00000611  00000+0  30661-3 0  9993
2 35155  98.4998 284.7025 0023477 287.9387  71.9230 14.19929785769451
FENGYUN 1C DEB          
1 35156U 99025DML 26279.91228574  .00000282  00000+0  18025-3 0  9999
2 35156  98.7827 264.1287 0037015  26.4598 333.8453 14.10931568682488
FENGYUN 1C DEB          
1 35159U 99025DMP 26280.21439663  .00003401  00000+0  91258-3 0  9995
2 35159  98.8313  13.3565 0009512 357.8606  32.2155 14.48807473657981
FENGYUN 1C DEB          
1 35160U 99025DMQ 26279.11484853  .00000483  00000+0  15312-3 0  9999
2 35160  99.1903  57.7179 0175894  91.4309 270.7031 14.36611723692005
FENGYUN 1C DEB          
1 35165U 99025DMV 26276.23098673  .00002715  00000+0  94014-3 0  9991
2 35165  98.8782  21.4368 0019801 267.6728  92.2190 14.36431026939458
FENGYUN 1C DEB          
1 35167U 99025DMX 26277.23416510  .00001065  00000+0  31032-3 0  9996
2 35167  98.4694 268.2196 0228346  49.5799 312.5062 14.32121918742482
FENGYUN 1C DEB          
1 35168U 99025DMY 26272.88654485  .00000262  00000+0  14224-3 0  9990
2 35168  98.2375 148.6331 0125346   4.7951 355.4393 14.15805104620438
FENGYUN 1C DEB          
1 35169U 99025DMZ 26270.55717742  .00002741  00000+0  49895-3 0  9995
2 35169  99.1055 187.5890 0147238 311.4952  47.3684 14.60294249699932
FENGYUN 1C DEB          
1 35171U 99025DNB 26278.87666702  .00001391  00000+0  96428-3 0  9994
2 35171  99.0271  69.0072 0136568 223.9043 135.1203 13.96251463927039
FENGYUN 1C DEB          
1 35173U 99025DND 26258.43993967  .00000918  00000+0  91756-3 0  9995
2 35173  99.7768 325.3884 0486095 259.1064  95.5023 13.38194111695296
FENGYUN 1C DEB          
1 35174U 99025DNE 26274.35542335  .00020567  00000+0  81829-3 0  9996
2 35174  98.9572 303.2438 0098399 297.4259  61.6989 15.20880774945820
FENGYUN 1C DEB          
1 35175U 99025DNF 26270.81920781  .00000380  00000+0  18912-3 0  9993
2 35175  98.5747 275.9358 0058141 160.4522 199.8903 14.21692898653420
FENGYUN 1C DEB          
1 35176U 99025DNG 26280.16801110  .00000352  00000+0  19268-3 0  9991
2 35176  98.5847 261.2501 0052251 277.4105  82.1135 14.17358141951553
FENGYUN 1C DEB          
1 35180U 99025DNL 26276.70778152  .00002109  00000+0  90521-3 0  9993
2 35180  99.7429  90.3806 0479581 329.6467  27.7690 13.78282073 40934
FENGYUN 1C DEB          
1 35191U 99025DNX 26279.22824379  .00000200  00000+0  18393-3 0  9995
2 35191  99.0493 258.1676 0103434 119.3852 241.7683 13.91335824920386
FENGYUN 1C DEB          
1 35194U 99025DPA 26274.58033491  .00002063  00000+0  38389-3 0  9995
2 35194  98.9493  26.6980 0108619 258.9321  99.9648 14.62671392696683
FENGYUN 1C DEB          
1 35195U 99025DPB 26277.60211143  .00002073  00000+0  43337-3 0  9994
2 35195  98.9976  40.1615 0098827 249.7126 109.3427 14.58081107952350
FENGYUN 1C DEB          
1 35196U 99025DPC 26278.98762221  .00000769  00000+0  30053-3 0  9996
2 35196  98.5278 288.9492 0212085 195.7073 194.5226 14.20784609933541
FENGYUN 1C DEB          
1 35200U 99025DPG 26279.82412865  .00000237  00000+0  33536-3 0  9991
2 35200  98.9059 227.2649 0353138  29.7643 359.6821 13.42130251699020
FENGYUN 1C DEB          
1 35201U 99025DPH 26278.82349860  .00000126  00000+0  93266-4 0  9999
2 35201  98.7077 283.8478 0007703 123.5170   1.1178 14.11151804912092
FENGYUN 1C DEB          
1 35202U 99025DPJ 26280.07869236  .00000361  00000+0  53590-3 0  9990
2 35202 100.0665 326.4135 0376902  15.1603 346.0460 13.35090352609570
FENGYUN 1C DEB          
1 35203U 99025DPK 26279.35144266  .00001004  00000+0  11459-2 0  9991
2 35203 102.0836 301.3291 0515641 229.4902 126.0197 13.27408664635982
FENGYUN 1C DEB          
1 35204U 99025DPL 26278.57323306  .00004598  00000+0  11250-2 0  9999
2 35204  98.9877 132.8128 0034827 149.1883 268.0778 14.52682992952357
FENGYUN 1C DEB          
1 35207U 99025DPP 26279.77715294  .00004303  00000+0  89216-3 0  9998
2 35207  98.7007  36.4712 0051287  63.5115 297.1331 14.59934173692477
FENGYUN 1C DEB          
1 35208U 99025DPQ 26279.30865155  .00000777  00000+0  52623-3 0  9993
2 35208  98.8799 295.3135 0105776  49.2092 311.8191 14.00429382947276
FENGYUN 1C DEB          
1 35210U 99025DPS 26276.03897100  .00002921  00000+0  99142-3 0  9998
2 35210  99.0914 300.7344 0048927 100.0889 289.1640 14.36816468943454
FENGYUN 1C DEB          
1 35217U 99025DPZ 26278.21403706  .00001493  00000+0  15892-2 0  9994
2 35217 101.8868 260.1486 0299515 329.4016  28.9938 13.58622026652440
FENGYUN 1C DEB          
1 35220U 99025DQC 26280.17397137  .00001989  00000+0  87236-3 0  9998
2 35220  99.0119   2.6293 0045201 170.8265 189.3749 14.24290395674294
FENGYUN 1C DEB          
1 35223U 99025DQF 26280.04003092  .00003979  00000+0  34205-3 0  9990
2 35223  98.9739 308.3806 0122167  90.1400 271.3814 14.92503490983275
FENGYUN 1C DEB          
1 35229U 99025DQM 26279.49822961  .00016323  00000+0  24250-2 0  9992
2 35229  98.4458  13.2349 0033421 359.7734   0.3452 14.74699356688767
FENGYUN 1C DEB          
1 35231U 99025DQP 26279.38685955 -.00000016  00000+0  14121-4 0  9994
2 35231  98.6794 319.8889 0036141 316.2702  43.5610 14.14548358957105
FENGYUN 1C DEB          
1 35233U 99025DQR 26280.27208389  .00003167  00000+0  90763-3 0  9992
2 35233  98.7763  33.4666 0039969  91.1996 299.2910 14.45227167954848
FENGYUN 1C DEB          
1 35234U 99025DQS 26279.03759211  .00003223  00000+0  53218-3 0  9997
2 35234  98.0432 306.7721 0096976  42.4033 318.4613 14.67999168987149
FENGYUN 1C DEB          
1 35236U 99025DQU 26272.64577440  .00001237  00000+0  34166-3 0  9995
2 35236  98.8268 216.3800 0085549  39.7183 321.0231 14.46537876 17656
FENGYUN 1C DEB          
1 35239U 99025DQX 26279.88507642  .00000487  00000+0  50908-3 0  9996
2 35239  99.2984  75.0724 0222056 312.9476  45.3231 13.69907919622124
FENGYUN 1C DEB          
1 35240U 99025DQY 26277.92451601  .00002316  00000+0  99319-3 0  9996
2 35240  99.3655 264.5100 0047479  30.5753 329.8177 14.25294253973817
FENGYUN 1C DEB          
1 35241U 99025DQZ 26279.55291900  .00001761  00000+0  10636-2 0  9999
2 35241  98.6346 198.3152 0136655  91.6630 270.0196 14.03217471917814
FENGYUN 1C DEB          
1 35242U 99025DRA 26279.43220178  .00001084  00000+0  12516-2 0  9993
2 35242  99.9625 338.8224 0308514 170.7704 203.0631 13.53018990621525
FENGYUN 1C DEB          
1 35243U 99025DRB 26279.81077753  .00014732  00000+0  11820-2 0  9996
2 35243  98.8775  41.9071 0049320  15.9139 344.3616 14.99248847954507
FENGYUN 1C DEB          
1 35244U 99025DRC 26279.34095342  .00000491  00000+0  31177-3 0  9994
2 35244  98.8096 317.3733 0071141  42.3933 318.2702 14.07103123700063
FENGYUN 1C DEB          
1 35245U 99025DRD 26280.20580253  .00001843  00000+0  96489-3 0  9991
2 35245  99.0796  15.4175 0059743 149.9971 240.4117 14.14673017919958
FENGYUN 1C DEB          
1 35247U 99025DRF 26265.48533342  .00002008  00000+0  61252-3 0  9997
2 35247  98.6609 354.1777 0047978 285.0570  74.5313 14.42423930 40219
FENGYUN 1C DEB          
1 36142U 99025DRP 26274.53643196  .00000975  00000+0  77997-3 0  9991
2 36142  98.4191 188.5645 0207772 264.6404  93.1019 13.83476914662113
FENGYUN 1C DEB          
1 36147U 99025DRU 26276.84108861  .00000660  00000+0  63505-3 0  9998
2 36147  98.5012 306.9878 0438366 224.1744 132.3604 13.47251555639705
FENGYUN 1C DEB          
1 36148U 99025DRV 26273.75641957  .00001749  00000+0  11306-2 0  9994
2 36148  98.4126 100.7688 0275490 267.4839  89.4759 13.87092495942904
FENGYUN 1C DEB          
1 36152U 99025DRZ 26278.37182389  .00001168  00000+0  57925-3 0  9994
2 36152  98.7347 318.6355 0055342  83.1064 277.6403 14.18303368683608
FENGYUN 1C DEB          
1 36153U 99025DSA 26279.74720296  .00004157  00000+0  10000-2 0  9995
2 36153  98.5918  21.6439 0030373 219.6585 140.2389 14.53591878692888
FENGYUN 1C DEB          
1 36160U 99025DSH 26276.73309081  .00000196  00000+0  11429-3 0  9990
2 36160  98.1362  96.8893 0134912  18.7011 341.9053 14.13477623642193
FENGYUN 1C DEB          
1 36162U 99025DSK 26271.10900214  .00002550  00000+0  12176-2 0  9998
2 36162  97.6204  28.6006 0242270   5.2373 355.1249 14.05668987745837
FENGYUN 1C DEB          
1 36163U 99025DSL 26279.49088874  .00009104  00000+0  15918-2 0  9997
2 36163  99.0727 158.8044 0030574 247.7070 112.0889 14.67840422935443
FENGYUN 1C DEB          
1 36167U 99025DSQ 26277.06770190  .00001795  00000+0  45153-3 0  9994
2 36167  98.8098 202.8511 0069095  72.2424 288.6294 14.51118212715600
FENGYUN 1C DEB          
1 36173U 99025DSW 26278.56941478  .00000490  00000+0  20016-3 0  9998
2 36173  98.2474 222.6754 0147357  31.2284 329.7548 14.25612829633191
FENGYUN 1C DEB          
1 36177U 99025DTA 26279.87460152  .00001063  00000+0  51672-3 0  9991
2 36177  98.6051 313.5725 0040599  69.5556 290.9973 14.19868283282588
FENGYUN 1C DEB          
1 36180U 99025DTD 26276.44102399  .00000599  00000+0  23699-3 0  9992
2 36180  98.4213 332.1746 0208364 252.5613 105.2691 14.21436661747691
FENGYUN 1C DEB          
1 36182U 99025DTF 26279.14512673  .00002107  00000+0  72971-3 0  9998
2 36182  99.1021 227.9154 0020218 295.9370  63.9731 14.36709490922254
FENGYUN 1C DEB          
1 36184U 99025DTH 26269.75832563  .00001575  00000+0  84311-3 0  9998
2 36184  98.5627 251.0812 0126363 239.2437 119.6241 14.10500721665722
FENGYUN 1C DEB          
1 36188U 99025DTM 26278.58563492  .00008552  00000+0  15006-2 0  9991
2 36188  98.5938  36.7475 0043169 104.4626 256.1373 14.67372390923977
FENGYUN 1C DEB          
1 36196U 99025DTV 26273.81719642  .00003777  00000+0  96298-3 0  9998
2 36196  99.0663 120.5126 0026930  16.7307 343.4768 14.51019392689723
FENGYUN 1C DEB          
1 36197U 99025DTW 26278.44030816  .00002101  00000+0  82180-3 0  9997
2 36197  98.6859 352.4421 0049922  28.7558 331.6359 14.29905285658773
FENGYUN 1C DEB          
1 36198U 99025DTX 26275.00256714  .00001477  00000+0  83808-3 0  9997
2 36198  98.6023 296.2167 0095509   4.3194 355.8780 14.09183379677167
FENGYUN 1C DEB          
1 36199U 99025DTY 26279.84699736  .00000329  00000+0  13752-3 0  9995
2 36199  98.2757 291.5374 0090309 263.3951  95.6946 14.30015072692402
FENGYUN 1C DEB          
1 36200U 99025DTZ 26275.55503502  .00011751  00000+0  19506-2 0  9990
2 36200  99.3849  35.4960 0030382 197.5179 162.4978 14.70057931776629
FENGYUN 1C DEB          
1 36203U 99025DUC 26275.24562648  .00004990  00000+0  58230-3 0  9990
2 36203  99.1231 264.0094 0074101 308.2963  51.1598 14.83787376677744
FENGYUN 1C DEB          
1 36204U 99025DUD 26279.59275245  .00001520  00000+0  53718-3 0  9999
2 36204  99.3061  44.5236 0018056  21.0480 339.1443 14.36208735987015
FENGYUN 1C DEB          
1 36206U 99025DUF 26276.87336662  .00000587  00000+0  28225-3 0  9997
2 36206  98.4615 293.3129 0029027 237.1238 122.7146 14.22261061686151
FENGYUN 1C DEB          
1 36207U 99025DUG 26269.93316207  .00002098  00000+0  12372-2 0  9994
2 36207  98.5839 143.8083 0138329 232.2277 126.6296 14.04245179640087
FENGYUN 1C DEB          
1 36211U 99025DUL 26278.78187076  .00000923  00000+0  27488-3 0  9992
2 36211  98.5250 269.2386 0265977  77.9048 285.1799 14.26898421986044
FENGYUN 1C DEB          
1 36216U 99025DUR 26273.78327435  .00000281  00000+0  15329-3 0  9995
2 36216  98.5928 290.3316 0043377 253.3374 106.3039 14.19203061685149
FENGYUN 1C DEB          
1 36218U 99025DUT 26279.44490017  .00003527  00000+0  52439-3 0  9992
2 36218  99.0463 159.8040 0070094  90.3090 270.6147 14.74075468635255
FENGYUN 1C DEB          
1 36222U 99025DUX 26274.41255609  .00001840  00000+0  53100-3 0  9997
2 36222  98.4921 343.7407 0041952 271.4493  88.1893 14.45327589693552
FENGYUN 1C DEB          
1 36224U 99025DUZ 26278.34993202  .00000108  00000+0  76697-4 0  9996
2 36224  98.7394 324.2693 0113926 227.6469 131.5012 14.12884628686205
FENGYUN 1C DEB          
1 36225U 99025DVA 26279.24837883  .00090606  00000+0  21313-2 0  9994
2 36225  98.8268  97.1518 0019402 359.3941   0.7275 15.41438737712994
FENGYUN 1C DEB          
1 36226U 99025DVB 26273.88524188  .00001228  00000+0  67221-3 0  9991
2 36226  98.5895 308.9936 0093710 267.6215  91.4226 14.11503460678822
FENGYUN 1C DEB          
1 36229U 99025DVE 26278.58617290  .00002140  00000+0  12160-2 0  9998
2 36229 100.9142 205.0035 0104218  63.6287 297.5531 14.08648420674336
FENGYUN 1C DEB          
1 36230U 99025DVF 26278.43779295  .00000851  00000+0  77767-3 0  9990
2 36230  99.5142 358.3589 0212803  86.8446 275.7027 13.76243115659664
FENGYUN 1C DEB          
1 36231U 99025DVG 26279.20850138  .00000126  00000+0  90597-4 0  9995
2 36231  98.7265 250.6189 0060214 205.7511 154.0660 14.12133205897412
FENGYUN 1C DEB          
1 36232U 99025DVH 26278.68034925  .00000261  00000+0  15405-3 0  9999
2 36232  98.7362 259.9802 0116903 262.7026  96.0847 14.12796928659286
FENGYUN 1C DEB          
1 36234U 99025DVK 26279.36092607  .00000127  00000+0  20476-3 0  9993
2 36234  98.9630 323.5370 0316688 356.6226   3.2772 13.45813218919501
FENGYUN 1C DEB          
1 36236U 99025DVM 26279.34002644  .00000170  00000+0  18054-3 0  9992
2 36236  98.8177 306.0794 0148537 275.5678  82.8553 13.82139303638583
FENGYUN 1C DEB          
1 36238U 99025DVP 26279.86099766  .00000042  00000+0  45805-4 0  9995
2 36238  98.6871 247.6020 0021612 149.1812 211.0634 14.12464871912267
FENGYUN 1C DEB          
1 36244U 99025DVV 26278.78605398  .00002259  00000+0  93737-3 0  9994
2 36244  98.9412  40.1276 0050071 148.4042 212.0161 14.26844243962121
FENGYUN 1C DEB          
1 36247U 99025DVY 26278.96330659  .00000515  00000+0  16565-3 0  9999
2 36247  98.2650 284.1541 0183795 225.3045 133.3045 14.34342555745228
FENGYUN 1C DEB          
1 36255U 99025DWG 26276.68775525  .00001212  00000+0  41032-3 0  9992
2 36255  99.4537 230.9292 0064485  30.2854  92.8719 14.37736004682474
FENGYUN 1C DEB          
1 36258U 99025DWK 26277.92487859  .00001094  00000+0  13476-3 0  9992
2 36258  99.0508 348.2760 0167949 281.9620  76.2803 14.76233255951909
FENGYUN 1C DEB          
1 36259U 99025DWL 26274.38930957  .00004765  00000+0  94419-3 0  9996
2 36259  98.7974  61.6770 0003647 138.3707 250.2103 14.62770347764143
FENGYUN 1C DEB          
1 36260U 99025DWM 26279.24042353  .00000149  00000+0  97849-4 0  9995
2 36260  98.6709 278.1078 0016977 116.9065 243.3847 14.15548186920172
FENGYUN 1C DEB          
1 36261U 99025DWN 26279.69361849  .00000307  00000+0  41334-3 0  9992
2 36261 101.3596 216.3221 0355176 104.0301 260.0573 13.45693043884403
FENGYUN 1C DEB          
1 36262U 99025DWP 26273.52010980  .00000260  00000+0  12072-3 0  9991
2 36262  98.9246 166.0450 0060691 148.3590 212.1262 14.28126321936614
FENGYUN 1C DEB          
1 36263U 99025DWQ 26276.96616862  .00003196  00000+0  85294-3 0  9991
2 36263  98.9774 181.3682 0036093  98.1803 262.3485 14.48778386922565
FENGYUN 1C DEB          
1 36267U 99025DWU 26280.31149150  .00001343  00000+0  72486-3 0  9991
2 36267  98.5765 218.5066 0128053  80.4675  70.2295 14.10136577907368
FENGYUN 1C DEB          
1 36269U 99025DWW 26278.60889941  .00000787  00000+0  25405-3 0  9991
2 36269  99.1410 238.9069 0231720 143.3966 218.3301 14.28068759919520
FENGYUN 1C DEB          
1 36272U 99025DWZ 26277.95868780  .00000389  00000+0  18580-3 0  9994
2 36272  99.1001 167.1896 0167934 147.8004 213.3559 14.17697580678135
FENGYUN 1C DEB          
1 36273U 99025DXA 26277.98091895  .00000262  00000+0  14964-3 0  9995
2 36273  99.5665 175.2626 0095487 242.1238 117.0236 14.16857936704288
FENGYUN 1C DEB          
1 36274U 99025DXB 26278.52681400  .00003907  00000+0  16076-2 0  9998
2 36274  99.1339   9.8383 0059101 103.0434 269.6440 14.26593911672131
FENGYUN 1C DEB          
1 36278U 99025DXF 26276.55109970  .00000373  00000+0  20223-3 0  9994
2 36278  99.1307 207.8535 0060487 173.7529 186.4413 14.17789042976536
FENGYUN 1C DEB          
1 36279U 99025DXG 26279.18601076  .00000117  00000+0  81467-4 0  9995
2 36279  98.5980 250.7288 0060723 282.3383  77.0998 14.14864725932452
FENGYUN 1C DEB          
1 36280U 99025DXH 26279.31156574  .00000891  00000+0  51566-3 0  9995
2 36280  98.7425 305.3770 0061004 302.5324 119.0824 14.10523797905481
FENGYUN 1C DEB          
1 36281U 99025DXJ 26279.50957062  .00002400  00000+0  23967-2 0  9999
2 36281  99.2533 191.2762 0290442  65.1136 297.9901 13.61776124885684
FENGYUN 1C DEB          
1 36283U 99025DXL 26276.83894862  .00021488  00000+0  88659-3 0  9999
2 36283  99.4192 317.4454 0046550 160.7586 199.5415 15.23090277711356
FENGYUN 1C DEB          
1 36644U 99025DXN 26279.75072266  .00000283  00000+0  32419-3 0  9993
2 36644  98.4436  22.4576 0285923 117.4279 245.6254 13.59835375656177
FENGYUN 1C DEB          
1 36645U 99025DXP 26275.25783359  .00001210  00000+0  12762-2 0  9996
2 36645  98.5142  28.2707 0289919 353.1477   6.5741 13.59555379615343
FENGYUN 1C DEB          
1 36647U 99025DXR 26278.37221907  .00001686  00000+0  10826-2 0  9996
2 36647  96.1233 323.2866 0238251 153.7933 207.5523 13.90893489345330
FENGYUN 1C DEB          
1 36652U 99025DXW 26279.70218082  .00002303  00000+0  99291-3 0  9991
2 36652  98.9344  11.7157 0051746 213.8027 145.9849 14.24827708685652
FENGYUN 1C DEB          
1 36656U 99025DYA 26259.41838302  .00000704  00000+0  73895-3 0  9999
2 36656  97.4284 327.4204 0335044 138.8659 223.8268 13.55058505626050
FENGYUN 1C DEB          
1 36657U 99025DYB 26272.29982082  .00001572  00000+0  26939-3 0  9997
2 36657  99.4283 111.2260 0101059 263.9651  95.0026 14.67365892705156
FENGYUN 1C DEB          
1 36659U 99025DYD 26280.25605934  .00000407  00000+0  35801-3 0  9996
2 36659  99.8447 304.9531 0134753   9.1644 351.1925 13.87780848645650
FENGYUN 1C DEB          
1 36660U 99025DYE 26274.21390658  .00000532  00000+0  29301-3 0  9998
2 36660  98.6303 269.9297 0048284 114.3476 246.2749 14.15058996675176
FENGYUN 1C DEB          
1 36664U 99025DYJ 26279.31232445  .00000085  00000+0  54673-4 0  9991
2 36664  98.5819 299.5354 0171544 322.1164  36.8040 14.18073192679688
FENGYUN 1C DEB          
1 36668U 99025DYN 26277.24830286  .00000592  00000+0  31716-3 0  9997
2 36668  98.6079 282.6074 0052767  98.0548 262.6618 14.16021717615991
FENGYUN 1C DEB          
1 36675U 99025DYV 26277.29740242  .00002632  00000+0  72886-3 0  9992
2 36675  99.2293 302.8683 0024678 334.3795  25.6170 14.47411884714986
FENGYUN 1C DEB          
1 36676U 99025DYW 26279.52772392  .00000747  00000+0  22141-3 0  9996
2 36676  98.7519 192.6610 0094127 322.4627 213.6984 14.43980756693629
FENGYUN 1C DEB          
1 36678U 99025DYY 26277.67518158  .00000318  00000+0  10474-3 0  9990
2 36678  98.3249 255.6404 0149967 182.9652 177.0663 14.38552508692437
FENGYUN 1C DEB          
1 36679U 99025DYZ 26277.83921741  .00000725  00000+0  46154-3 0  9991
2 36679  98.8525 271.5150 0084836 345.7906  14.0877 14.05086207287067
FENGYUN 1C DEB          
1 36680U 99025DZA 26279.21609905  .00000553  00000+0  23761-3 0  9990
2 36680  98.5718 266.3689 0189118 109.3544 264.2001 14.19221682685164
FENGYUN 1C DEB          
1 36681U 99025DZB 26263.20948072  .00000587  00000+0  34906-3 0  9994
2 36681  98.7102 257.9491 0042174 270.2011  89.4328 14.10806050767268
FENGYUN 1C DEB          
1 36682U 99025DZC 26275.11284922  .00000526  00000+0  52432-3 0  9992
2 36682  98.4608 149.5962 0230680 212.8990 145.7624 13.70808762654116
FENGYUN 1C DEB          
1 36686U 99025DZG 26276.39104385  .00002717  00000+0  33447-3 0  9990
2 36686  98.9733 147.5232 0096971 206.7318 152.8875 14.80708723702086
FENGYUN 1C DEB          
1 36687U 99025DZH 26276.98112188 -.00000124  00000+0 -49480-4 0  9993
2 36687  98.6982 356.3855 0091709 155.6355 204.9190 14.04709965668678
FENGYUN 1C DEB          
1 36689U 99025DZK 26280.09239544  .00001128  00000+0  86155-3 0  9990
2 36689  98.4646 146.2601 0304692 211.9417 146.2943 13.75587343623130
FENGYUN 1C DEB          
1 36691U 99025DZM 26278.71130938  .00002431  00000+0  13216-2 0  9991
2 36691  98.6488 271.4319 0127088 113.6818 247.7749 14.09108830637898
FENGYUN 1C DEB          
1 36692U 99025DZN 26278.07879157  .00000334  00000+0  27765-3 0  9999
2 36692  99.9970 212.9156 0113945 309.2734  49.8359 13.93810212639330
FENGYUN 1C DEB          
1 36694U 99025DZQ 26279.41984899  .00000969  00000+0  44188-3 0  9992
2 36694  99.0433 334.4963 0103159 192.3228 167.5423 14.21251895678766
FENGYUN 1C DEB          
1 36695U 99025DZR 26278.69911979  .00000767  00000+0  16153-3 0  9998
2 36695  98.2552 256.1096 0253249 307.7304  50.1175 14.44483143938544
FENGYUN 1C DEB          
1 36696U 99025DZS 26277.29869620  .00002385  00000+0  73656-3 0  9998
2 36696  98.9788 306.2363 0023854 170.7679 189.3952 14.42157827686528
FENGYUN 1C DEB          
1 36699U 99025DZV 26280.21586696  .00000342  00000+0  15843-3 0  9991
2 36699  98.5783 272.4683 0093261 341.3618  18.4154 14.24622271775760
FENGYUN 1C DEB          
1 36701U 99025DZX 26276.35610455  .00001310  00000+0  11909-2 0  9990
2 36701 102.7529 331.8573 0256188 301.6971  55.9417 13.72611155651793
FENGYUN 1C DEB          
1 36703U 99025DZZ 26279.18710015  .00004280  00000+0  17840-2 0  9998
2 36703  97.8185  58.5474 0098180 144.7796 215.9927 14.24099802625014
FENGYUN 1C DEB          
1 36707U 99025EAD 26278.40547439  .00000854  00000+0  43261-3 0  9994
2 36707  98.7237 324.6896 0047712 351.8300   8.2093 14.18098223682837
FENGYUN 1C DEB          
1 36710U 99025EAG 26278.94557781  .00002595  00000+0  63213-3 0  9991
2 36710  98.3527 339.5733 0063223 353.3376   6.6972 14.52390276692648
FENGYUN 1C DEB          
1 36711U 99025EAH 26278.55875900  .00006508  00000+0  17186-2 0  9990
2 36711 100.7915  22.3774 0092899  99.6023 261.5672 14.46818361685970
FENGYUN 1C DEB          
1 36716U 99025EAN 26275.53292648  .00000110  00000+0  11708-3 0  9990
2 36716  99.2291 196.6286 0148651 157.7346 203.0355 13.88574358670084
FENGYUN 1C DEB          
1 36719U 99025EAR 26278.20745143  .00001942  00000+0  65422-3 0  9999
2 36719  98.5548  62.5755 0080093 309.5163  49.8961 14.36392679686056
FENGYUN 1C DEB          
1 36724U 99025EAW 26274.65273284  .00001589  00000+0  63440-3 0  9997
2 36724  99.4526 334.7920 0100757  86.1684  67.1348 14.27290868616481
FENGYUN 1C DEB          
1 36729U 99025EBB 26279.21020488  .00000222  00000+0  14713-3 0  9997
2 36729  98.7407 257.2601 0046836 131.7276 228.7916 14.10562510914454
FENGYUN 1C DEB          
1 36733U 99025EBF 26274.94165076  .00002260  00000+0  12046-2 0  9990
2 36733  99.3248 276.3250 0125593  32.1692 328.7062 14.10462056694693
FENGYUN 1C DEB          
1 36734U 99025EBG 26276.38755046  .00001544  00000+0  64107-3 0  9993
2 36734  99.0377 338.1863 0035009  94.4604 266.0576 14.27690513869368
FENGYUN 1C DEB          
1 36736U 99025EBJ 26279.46786838  .00001730  00000+0  71350-3 0  9995
2 36736  98.7912 359.3386 0057128 355.5942   4.4728 14.27252400928603
FENGYUN 1C DEB          
1 36743U 99025EBR 26278.94592129  .00001661  00000+0  64439-3 0  9996
2 36743  98.6328 330.1107 0047183 218.3382 141.4444 14.30671144649851
FENGYUN 1C DEB          
1 36986U 99025EBS 26255.68234757  .00002160  00000+0  10716-2 0  9994
2 36986  99.1334 333.5018 0085848 189.0604 170.9024 14.16367449856206
FENGYUN 1C DEB          
1 36987U 99025EBT 26279.49371370  .00000701  00000+0  91636-3 0  9993
2 36987 100.7971 188.6232 0320241  60.4000 302.8633 13.46248182648835
FENGYUN 1C DEB          
1 36990U 99025EBW 26279.33944399  .00000269  00000+0  31448-3 0  9991
2 36990  96.5686 135.1453 0288363 288.4766  68.5244 13.57230919869240
FENGYUN 1C DEB          
1 36994U 99025ECA 26279.56920451  .00000135  00000+0  13285-3 0  9994
2 36994  98.6807 226.8816 0114925 193.6846 166.1191 13.90880185850475
FENGYUN 1C DEB          
1 36995U 99025ECB 26277.89280947  .00000277  00000+0  19482-3 0  9990
2 36995  98.3010 137.2606 0039138 187.0594 173.0029 14.04928252677153
FENGYUN 1C DEB          
1 36996U 99025ECC 26277.17548904  .00001733  00000+0  70622-3 0  9993
2 36996  98.2596  51.1655 0251028 215.9485 271.8098 14.12964231638622
FENGYUN 1C DEB          
1 37003U 99025ECK 26277.87529115  .00000631  00000+0  46618-3 0  9997
2 37003  98.8282 294.7879 0096940  65.4047  56.1290 13.96684172647908
FENGYUN 1C DEB          
1 37006U 99025ECN 26279.56975534  .00001977  00000+0  34523-3 0  9994
2 37006  99.2825 203.7988 0251128  82.0826 280.8786 14.50747556694300
FENGYUN 1C DEB          
1 37008U 99025ECQ 26276.06990263  .00000994  00000+0  59439-3 0  9995
2 37008  99.1620  43.9273 0059406 155.3665 205.0362 14.08676819644574
FENGYUN 1C DEB          
1 37012U 99025ECU 26272.34353187  .00001747  00000+0  10446-2 0  9996
2 37012  98.5336 116.7859 0186912 245.3602 112.7995 14.00030077630235
FENGYUN 1C DEB          
1 37017U 99025ECZ 26279.17544371  .00001593  00000+0  31145-3 0  9995
2 37017  98.8213 238.7095 0271233 197.1327 162.0570 14.43661724654490
FENGYUN 1C DEB          
1 37018U 99025EDA 26279.84740471  .00010162  00000+0  21905-2 0  9993
2 37018  98.5149 139.2731 0181713  97.5524 264.6352 14.48778531678351
FENGYUN 1C DEB          
1 37019U 99025EDB 26279.49288691  .00001845  00000+0  54944-3 0  9994
2 37019  98.5698   6.9478 0167813 162.3732 198.3375 14.36467883690338
FENGYUN 1C DEB          
1 37021U 99025EDD 26277.81020343  .00001261  00000+0  39818-3 0  9994
2 37021  98.3747 290.0202 0175381  91.8700  81.6429 14.33473609742944
FENGYUN 1C DEB          
1 37028U 99025EDL 26279.64515407  .00002189  00000+0  95393-3 0  9994
2 37028  99.2418 207.5612 0034576 335.2317  24.7200 14.24780657647159
FENGYUN 1C DEB          
1 37036U 99025EDU 26278.77735445  .00000120  00000+0  96622-4 0  9992
2 37036  98.7377 264.6787 0122182 302.5941  56.3478 14.03859946679152
FENGYUN 1C DEB          
1 37042U 99025EEA 26277.14370712  .00011069  00000+0  12636-2 0  9996
2 37042  98.6106  63.1821 0044721 170.8006 189.4037 14.85550229771704
FENGYUN 1C DEB          
1 37044U 99025EEC 26279.52619563  .00003225  00000+0  14206-2 0  9992
2 37044  98.9651  12.7798 0496448  91.1221 274.6828 13.73764269879439
FENGYUN 1C DEB          
1 37046U 99025EEE 26274.24822034  .00000771  00000+0  33879-3 0  9998
2 37046  98.5358 285.7830 0049368 171.7774 188.4227 14.25690565683481
FENGYUN 1C DEB          
1 37047U 99025EEF 26278.37841576  .00002222  00000+0  16229-2 0  9991
2 37047  99.1199 328.1199 0233409 138.6563 223.2524 13.84874518661874
FENGYUN 1C DEB          
1 37048U 99025EEG 26277.41640314  .00000175  00000+0  20840-3 0  9993
2 37048  98.8559 118.8714 0253983  94.9541  22.8470 13.65330702662041
FENGYUN 1C DEB          
1 37049U 99025EEH 26264.83191210  .00002652  00000+0  77831-3 0  9996
2 37049  99.2526 284.5254 0033799  78.7099 281.7885 14.44435708678212
FENGYUN 1C DEB          
1 37053U 99025EEM 26280.23305619  .00003145  00000+0  70400-3 0  9996
2 37053  99.1627  59.6370 0039164 353.5147 127.3904 14.57037669693805
FENGYUN 1C DEB          
1 37054U 99025EEN 26277.20469508  .00000331  00000+0  16791-3 0  9995
2 37054  98.5826 255.1522 0099446 331.7919  27.7893 14.19793538686215
FENGYUN 1C DEB          
1 37056U 99025EEQ 26279.39608696  .00000727  00000+0  12675-3 0  9998
2 37056  98.9502 326.6233 0264331 329.8024  28.8154 14.51500561697286
FENGYUN 1C DEB          
1 37057U 99025EER 26279.28176980  .00000232  00000+0  14142-3 0  9995
2 37057  98.9147 290.2888 0284017  39.2513 322.8871 13.96473233677501
FENGYUN 1C DEB          
1 37060U 99025EEU 26276.99361568  .00000051  00000+0  62401-4 0  9993
2 37060  99.0506 337.3892 0078938 253.0290 106.2212 14.00932477668403
FENGYUN 1C DEB          
1 37061U 99025EEV 26275.25253022  .00001698  00000+0  86335-3 0  9996
2 37061  98.0568 277.7431 0796770 356.8826   2.7494 13.15651662120128
FENGYUN 1C DEB          
1 37064U 99025EEY 26275.67777021  .00003099  00000+0  14205-2 0  9998
2 37064  98.9086  73.7371 0099190 342.3288  17.4446 14.19510587857016
FENGYUN 1C DEB          
1 37065U 99025EEZ 26277.07193044  .00001143  00000+0  12116-2 0  9999
2 37065 103.2833 201.0527 0297218 322.8022  35.2839 13.60311269262167
FENGYUN 1C DEB          
1 37067U 99025EFB 26280.11609748  .00007149  00000+0  41587-2 0  9999
2 37067  99.5038 240.2317 0140294  14.0172 346.4826 14.04106891615912
FENGYUN 1C DEB          
1 37069U 99025EFD 26276.37756181  .00000935  00000+0  10644-2 0  9994
2 37069  95.8433 127.7689 0418531 181.7443 178.2261 13.39105137916500
FENGYUN 1C DEB          
1 37077U 99025EFM 26280.06264395  .00000681  00000+0  21207-3 0  9991
2 37077  99.0214  16.9247 0095611 165.8035 194.5874 14.41833818892536
FENGYUN 1C DEB          
1 37079U 99025EFP 26280.25605863  .00009247  00000+0  15757-2 0  9992
2 37079  98.8691  83.3153 0010112 295.1955  64.8199 14.69235851689872
FENGYUN 1C DEB          
1 37081U 99025EFR 26278.70026050  .00018347  00000+0  59370-2 0  9997
2 37081  98.6789  70.6108 0247987 213.7392 144.7791 14.23016294627868
FENGYUN 1C DEB          
1 37400U 99025EFS 26277.94737797  .00000310  00000+0  25106-3 0  9996
2 37400  98.8414  94.2492 0401337  80.5256 284.1007 13.63964027842315
FENGYUN 1C DEB          
1 37404U 99025EFW 26278.83723704  .00000758  00000+0  29193-3 0  9998
2 37404  98.4601 279.2671 0043981   5.4162 115.0286 14.32562474869931
FENGYUN 1C DEB          
1 37406U 99025EFY 26275.87620359  .00000676  00000+0  40231-3 0  9998
2 37406  98.4172 132.3674 0147935 152.3883 222.6178 14.05046641673621
FENGYUN 1C DEB          
1 37415U 99025EGH 26276.04697575  .00000144  00000+0  21238-3 0  9998
2 37415  98.9835   1.4952 0285148 151.0343 210.6961 13.52252284662991
FENGYUN 1C DEB          
1 37417U 99025EGK 26278.24091037  .00000196  00000+0  13715-3 0  9993
2 37417  98.8185 268.6546 0079402 145.4782 215.1581 14.07664179725218
FENGYUN 1C DEB          
1 37418U 99025EGL 26280.26570373  .00000639  00000+0  16090-2 0  9994
2 37418  98.6133  77.7784 1068925  89.3660 282.9534 11.95485637530514
FENGYUN 1C DEB          
1 37420U 99025EGN 26278.24170068  .00000550  00000+0  39375-3 0  9993
2 37420  98.8841 264.3022 0072060 167.8644 192.4277 13.99999083639130
FENGYUN 1C DEB          
1 37421U 99025EGP 26277.07931449  .00000308  00000+0  38054-3 0  9996
2 37421  98.9103 202.1704 0408150  63.5984 300.6440 13.40768766649035
FENGYUN 1C DEB          
1 37422U 99025EGQ 26270.19470614  .00006199  00000+0  16343-2 0  9995
2 37422  98.8626  43.8337 0025841 243.0094 116.8459 14.49152603670045
FENGYUN 1C DEB          
1 37423U 99025EGR 26279.39065329  .00000477  00000+0  30131-3 0  9995
2 37423  98.7595 326.2062 0048114  42.5969 317.8917 14.08176747677986
FENGYUN 1C DEB          
1 37424U 99025EGS 26275.97989762  .00000932  00000+0  36690-3 0  9994
2 37424  97.2073 354.7770 0213862 121.8834 240.3351 14.19087315727454
FENGYUN 1C DEB          
1 37425U 99025EGT 26273.67755013  .00000924  00000+0  70405-3 0  9993
2 37425  97.1576  66.6934 0156839  55.5944   7.5908 13.89634916692079
FENGYUN 1C DEB          
1 37427U 99025EGV 26279.24658532  .00003720  00000+0  21253-3 0  9996
2 37427  98.6417  99.0422 0168203  39.2861 322.0425 15.02232685647846
FENGYUN 1C DEB          
1 37428U 99025EGW 26276.77555654  .00003034  00000+0  10092-2 0  9999
2 37428  97.6982 113.6629 0052923 284.1576  75.3736 14.37496400676715
FENGYUN 1C DEB          
1 37429U 99025EGX 26274.18470731  .00000418  00000+0  24903-3 0  9995
2 37429  98.6638 258.2408 0102001 248.4618 110.5656 14.10035537672078
FENGYUN 1C DEB          
1 37430U 99025EGY 26273.04615565  .00001857  00000+0  72135-3 0  9995
2 37430  98.7506 353.9212 0016400 291.7284  68.2153 14.31050311658657
FENGYUN 1C DEB          
1 37432U 99025EHA 26277.78991983  .00001684  00000+0  32208-3 0  9998
2 37432  98.1755 289.7333 0179720  91.4895 270.6897 14.55309752126800
FENGYUN 1C DEB          
1 37433U 99025EHB 26279.26398733  .00003575  00000+0  16900-2 0  9999
2 37433  98.0917  94.5408 0206036  76.3804 286.0222 14.09691135279235
FENGYUN 1C DEB          
1 37435U 99025EHD 26279.36537870  .00001210  00000+0  54703-3 0  9997
2 37435  98.6242 314.9271 0039899 228.1742 131.6027 14.23488599931721
FENGYUN 1C DEB          
1 37436U 99025EHE 26278.40761213  .00000315  00000+0  21202-3 0  9995
2 37436  98.8998 333.5960 0059017  38.8116 321.7269 14.06781446681695
FENGYUN 1C DEB          
1 37437U 99025EHF 26277.20862015  .00000498  00000+0  24227-3 0  9997
2 37437  98.6081 265.3707 0110277 275.6628  95.9887 14.19414122681822
FENGYUN 1C DEB          
1 37438U 99025EHG 26275.91490926  .00000574  00000+0  31055-3 0  9994
2 37438  98.7116 313.8077 0029874 101.8249 258.6278 14.16127626642986
FENGYUN 1C DEB          
1 37439U 99025EHH 26278.50497981  .00001704  00000+0  81862-3 0  9998
2 37439  99.0198  11.9332 0053434 331.1937  91.8181 14.19522745654709
FENGYUN 1C DEB          
1 37441U 99025EHK 26277.20013781  .00000453  00000+0  67765-3 0  9995
2 37441  99.1468  89.8528 0507663  69.8244 295.6722 13.14739084860544
FENGYUN 1C DEB          
1 37444U 99025EHN 26278.55952284  .00003424  00000+0  62155-3 0  9996
2 37444  99.0819  26.8353 0238565 180.6261 179.4668 14.50183742694500
FENGYUN 1C DEB          
1 37445U 99025EHP 26280.08632016  .00000882  00000+0  32283-3 0  9990
2 37445  99.2509  15.7927 0168244 155.7057 205.2172 14.28127915686970
FENGYUN 1C DEB          
1 37447U 99025EHR 26277.39276149  .00000698  00000+0  35287-3 0  9995
2 37447  98.7603 338.9519 0039849 102.7853 257.7780 14.18929500676528
FENGYUN 1C DEB          
1 37448U 99025EHS 26277.45206741  .00000910  00000+0  55583-3 0  9992
2 37448  99.2994 346.6116 0301212 344.2899  14.9066 13.88353130664776
FENGYUN 1C DEB          
1 37453U 99025EHX 26274.91326777  .00001292  00000+0  98173-3 0  9994
2 37453  97.6323 156.0850 0356305 162.6321 198.7394 13.68911931936340
FENGYUN 1C DEB          
1 37457U 99025EJB 26278.45907126  .00002618  00000+0  11250-2 0  9997
2 37457  99.0855   1.7161 0059402 303.3851  56.1652 14.24666449642938
FENGYUN 1C DEB          
1 37460U 99025EJE 26279.95089867  .00004113  00000+0  10169-2 0  9990
2 37460  98.3891  99.4776 0052945  98.9494 261.7699 14.51717293868114
FENGYUN 1C DEB          
1 37461U 99025EJF 26276.88974243  .00001204  00000+0  21456-2 0  9990
2 37461  99.8589 135.0652 0663521  38.8783 325.8160 12.79868617558090
FENGYUN 1C DEB          
1 37464U 99025EJJ 26278.85310312  .00001369  00000+0  12319-2 0  9993
2 37464 102.7138 288.8704 0449449 185.5609 174.0421 13.48741562649259
FENGYUN 1C DEB          
1 37474U 99025EJU 26279.51649533  .00007479  00000+0  87785-3 0  9996
2 37474  99.1314 169.9829 0119602 285.8759  72.9294 14.80253854667744
FENGYUN 1C DEB          
1 37476U 99025EJW 26275.04255441  .00000500  00000+0  13508-2 0  9992
2 37476  98.9509 212.0671 1076889  15.4633 347.6774 11.91581346709361
FENGYUN 1C DEB          
1 37477U 99025EJX 26276.73951624  .00000969  00000+0  46861-3 0  9994
2 37477  98.6096 278.4229 0037060 335.5637  24.3782 14.20449394861012
FENGYUN 1C DEB          
1 37478U 99025EJY 26277.60778387  .00000514  00000+0  84407-3 0  9999
2 37478  99.6586 234.9765 0549113 357.7022   2.1583 13.03922229604168
FENGYUN 1C DEB          
1 37588U 99025EKG 26275.84994910  .00001281  00000+0  66250-3 0  9995
2 37588  98.1285 302.0432 0080611 282.9869 254.5985 14.14889951624101
FENGYUN 1C DEB          
1 37589U 99025EKH 26272.96856068  .00002555  00000+0  13743-2 0  9990
2 37589  99.0670 182.8359 0111433 165.7125 194.7241 14.10627523866875
FENGYUN 1C DEB          
1 37591U 99025EKK 26278.07451480  .00013765  00000+0  26065-2 0  9996
2 37591  98.4046 232.9366 0059452 154.5251 269.4016 14.63286744707857
FENGYUN 1C DEB          
1 37593U 99025EKM 26278.53390225  .00002360  00000+0  69828-3 0  9992
2 37593  98.9938 174.9830 0146424 324.6762 158.1578 14.38438948903850
FENGYUN 1C DEB          
1 37594U 99025EKN 26271.87678322  .00000240  00000+0  15058-3 0  9991
2 37594  98.7077 297.9267 0086124 165.3614 195.0082 14.11354122818542
FENGYUN 1C DEB          
1 37595U 99025EKP 26279.90331115  .00020643  00000+0  22583-2 0  9999
2 37595  99.0383 171.6671 0017343 138.7613 296.5769 14.87750955670164
FENGYUN 1C DEB          
1 37600U 99025EKU 26278.67432094  .00003075  00000+0  16931-2 0  9997
2 37600  98.9244  66.6173 0347839 325.8532  32.0681 13.85787929925965
FENGYUN 1C DEB          
1 37682U 99025EKX 26270.90633638  .00001180  00000+0  11014-2 0  9994
2 37682  98.5860 252.3981 0225304 307.0948  50.9797 13.72966029664009
FENGYUN 1C DEB          
1 37683U 99025EKY 26275.90444198  .00001125  00000+0  90147-3 0  9995
2 37683  97.9810 137.4331 0581664  94.6823 284.6530 13.32993401331580
FENGYUN 1C DEB          
1 37686U 99025ELB 26273.23351032  .00000244  00000+0  35173-3 0  9995
2 37686  99.0240 263.4088 0396297  38.9914 336.1060 13.35580856645184
FENGYUN 1C DEB          
1 37687U 99025ELC 26270.25561552  .00003697  00000+0  20564-2 0  9997
2 37687  98.1877 275.3578 0325006 280.9070 138.4814 13.88094723872531
FENGYUN 1C DEB          
1 37689U 99025ELE 26280.12435015  .00005172  00000+0  12594-2 0  9994
2 37689  98.9091 343.7630 0019099  68.1281 292.1942 14.53093983621408
FENGYUN 1C DEB          
1 37690U 99025ELF 26273.34532672  .00000860  00000+0  43717-3 0  9990
2 37690  98.7370 315.0513 0041618 177.7152 242.1644 14.18019098678970
FENGYUN 1C DEB          
1 37691U 99025ELG 26277.50549735  .00015898  00000+0  17635-2 0  9997
2 37691  98.3546 190.7494 0246262 306.5812  51.2955 14.67741131899596
FENGYUN 1C DEB          
1 37693U 99025ELJ 26276.21961899  .00000734  00000+0  43822-3 0  9996
2 37693  98.7064 270.7773 0070981 324.0574  97.4308 14.09026970662954
FENGYUN 1C DEB          
1 37694U 99025ELK 26279.92856659  .00001958  00000+0  87144-3 0  9999
2 37694  98.1824 329.5248 0143163 303.8802 180.7443 14.18597573559295
FENGYUN 1C DEB          
1 37695U 99025ELL 26277.26901034  .00000587  00000+0  36612-3 0  9994
2 37695  98.1885 281.0409 0459695 189.0568 185.0851 13.65819053932856
FENGYUN 1C DEB          
1 37701U 99025ELS 26254.10929778  .00004268  00000+0  21716-2 0  9993
2 37701  97.6462   6.2448 0247992 143.3018 343.5032 14.01548162798759
FENGYUN 1C DEB          
1 37704U 99025ELV 26275.92298190  .00000796  00000+0  75434-3 0  9995
2 37704  98.3404  75.2796 0240224 108.6889  41.8148 13.71187110663956
FENGYUN 1C DEB          
1 37707U 99025ELY 26275.97932111  .00001055  00000+0  21657-3 0  9998
2 37707 100.1964 351.0302 0139878 247.4537 291.9528 14.57797390898518
FENGYUN 1C DEB          
1 37712U 99025EMD 26277.19549100  .00000688  00000+0  23874-3 0  9996
2 37712  98.8572  69.0551 0078416 200.4951 334.5111 14.37155762682032
FENGYUN 1C DEB          
1 37714U 99025EMF 26277.60917153  .00002699  00000+0  95477-3 0  9993
2 37714  98.9064  42.6655 0045982 293.8986  65.7385 14.34891740617493
FENGYUN 1C DEB          
1 37715U 99025EMG 26277.80423066  .00000214  00000+0  17833-3 0  9992
2 37715  98.9573 282.3194 0113978  19.3422 156.5740 13.95790272619330
FENGYUN 1C DEB          
1 37716U 99025EMH 26280.01687679  .00001694  00000+0  66155-3 0  9996
2 37716  98.6609 345.1719 0032595  58.6925  61.7690 14.30627869648332
FENGYUN 1C DEB          
1 37717U 99025EMJ 26277.85066269  .00044735  00000+0  23411-2 0  9991
2 37717  98.7495 277.5803 0034940 204.6178 275.0188 15.15154783938527
FENGYUN 1C DEB          
1 37719U 99025EML 26268.01492105  .00002215  00000+0  48214-3 0  9999
2 37719  99.4750 338.7416 0044170 126.0880 357.4140 14.58620450 44092
FENGYUN 1C DEB          
1 37899U 99025EMY 26278.77516476  .00001691  00000+0  13632-2 0  9992
2 37899  98.7881 117.3179 0203514 254.2257 103.6373 13.82557690597741
FENGYUN 1C DEB          
1 37900U 99025EMZ 26276.79726897  .00002446  00000+0  12851-2 0  9996
2 37900 102.3073 101.7251 0207622 229.1054 129.1954 14.05161564639569
FENGYUN 1C DEB          
1 37902U 99025ENB 26275.96372997  .00001270  00000+0  14091-2 0  9996
2 37902  98.6701 105.5084 0318465 267.5153  88.9499 13.53613100669565
FENGYUN 1C DEB          
1 37906U 99025ENF 26278.39084759  .00000290  00000+0  28857-3 0  9993
2 37906  99.5684 328.5987 0161812 328.7998  94.6548 13.81094739635505
FENGYUN 1C DEB          
1 37907U 99025ENG 26276.17188781  .00002229  00000+0  93496-3 0  9993
2 37907  99.0890  44.4021 0056801  60.7156 299.9684 14.26139373874660
FENGYUN 1C DEB          
1 37908U 99025ENH 26278.43160986  .00000724  00000+0  25160-3 0  9993
2 37908  99.1189 333.4506 0073118  11.1763 349.1025 14.37330947683225
FENGYUN 1C DEB          
1 37911U 99025ENL 26262.05610300  .00001223  00000+0  81532-3 0  9998
2 37911  99.2883 349.8327 0137640  63.6673 297.8551 13.98595706806262
FENGYUN 1C DEB          
1 37912U 99025ENM 26274.40759253  .00001967  00000+0  10304-2 0  9995
2 37912  99.2410 257.0086 0089173 322.3682  37.1272 14.13503284814209
FENGYUN 1C DEB          
1 37914U 99025ENP 26275.24823068  .00000965  00000+0  49222-3 0  9995
2 37914  99.2190 283.4712 0066048 245.8003 113.6258 14.17135478663449
FENGYUN 1C DEB          
1 37917U 99025ENS 26265.06131827  .00000966  00000+0  51834-3 0  9995
2 37917  98.9320   8.0593 0045236 326.0174  33.8104 14.14901459678297
FENGYUN 1C DEB          
1 37918U 99025ENT 26272.37554102  .00000768  00000+0  27997-3 0  9996
2 37918  99.0603 240.5141 0055147 152.3863 208.0269 14.35302415 77104
FENGYUN 1C DEB          
1 37919U 99025ENU 26274.70492813  .00000456  00000+0  20355-3 0  9991
2 37919  99.0862 228.4663 0047249 251.0496 108.5559 14.27335734690871
FENGYUN 1C DEB          
1 37920U 99025ENV 26279.72474049  .00002236  00000+0  91775-3 0  9993
2 37920  98.8277   1.5681 0053702  80.2502  70.8062 14.27302802683884
FENGYUN 1C DEB          
1 37921U 99025ENW 26279.89830967  .00000284  00000+0  23513-3 0  9993
2 37921  98.9847 318.9279 0083226   2.0529 358.0959 13.95301675673057
FENGYUN 1C DEB          
1 37925U 99025EPA 26279.49223790  .00007242  00000+0  80990-3 0  9996
2 37925  99.0600 194.0287 0050338 120.3933 240.2269 14.86368966700989
FENGYUN 1C DEB          
1 37926U 99025EPB 26279.71022382  .00001557  00000+0  66302-3 0  9990
2 37926  98.7024 345.7585 0052600  78.5132  47.3219 14.25842350785140
FENGYUN 1C DEB          
1 37927U 99025EPC 26279.72720770  .00016953  00000+0  18942-2 0  9990
2 37927  98.8173  97.4116 0005204  42.5770 317.5846 14.87034608695252
FENGYUN 1C DEB          
1 37928U 99025EPD 26278.92632999  .00000864  00000+0  29299-3 0  9999
2 37928  98.8805 168.9390 0069958 236.6142 122.8337 14.38018752854626
FENGYUN 1C DEB          
1 38115U 99025EPL 26255.15826422  .00005235  00000+0  25992-2 0  9996
2 38115  97.6988  36.0306 0253713 169.9089 190.7314 14.02084822278483
FENGYUN 1C DEB          
1 38116U 99025EPM 26275.36182039  .00000243  00000+0  13756-3 0  9991
2 38116  98.6831 312.8011 0070799  25.7527  40.5543 14.17498264686447
FENGYUN 1C DEB          
1 38119U 99025EPQ 26278.41674360  .00008780  00000+0  32480-2 0  9994
2 38119  98.5899 347.1863 0220522  95.9381 266.6976 14.19976806582134
FENGYUN 1C DEB          
1 38121U 99025EPS 26273.74606988  .00000695  00000+0  26859-3 0  9990
2 38121  99.1474  80.8682 0203130  13.3301 347.3132 14.22920204880716
FENGYUN 1C DEB          
1 38122U 99025EPT 26275.76913917  .00001210  00000+0  27352-3 0  9991
2 38122  98.3246 276.7123 0223673 346.7779  12.7608 14.43870070719807
FENGYUN 1C DEB          
1 38124U 99025EPV 26269.93453206  .00000082  00000+0  14286-3 0  9993
2 38124  97.8110 162.8588 0355080 279.8058  76.3163 13.41053528584447
FENGYUN 1C DEB          
1 38125U 99025EPW 26274.40967045  .00000612  00000+0  87047-3 0  9997
2 38125 100.2149 343.7585 0407820 338.4031  20.0311 13.31328510857280
FENGYUN 1C DEB          
1 38130U 99025EQB 26277.03591127  .00001039  00000+0  91021-3 0  9990
2 38130  98.5875 306.0635 0207051 149.6698 211.6629 13.78233583733496
FENGYUN 1C DEB          
1 38135U 99025EQG 26279.40999175  .00000578  00000+0  20506-3 0  9990
2 38135  98.6223 337.1596 0219266 283.0953  74.5840 14.25965603652824
FENGYUN 1C DEB          
1 38136U 99025EQH 26255.35653859  .00001471  00000+0  10019-2 0  9995
2 38136  98.5608  94.3947 0140501  55.6606 305.7761 13.96688321126021
FENGYUN 1C DEB          
1 38137U 99025EQJ 26279.38578454  .00000247  00000+0  17461-3 0  9991
2 38137  98.8289 320.3428 0044780 314.4601  45.2909 14.06399565678921
FENGYUN 1C DEB          
1 38138U 99025EQK 26278.10471737  .00003808  00000+0  12379-2 0  9995
2 38138  98.8046  25.6534 0037592 174.8332 185.3250 14.39006896680621
FENGYUN 1C DEB          
1 38143U 99025EQQ 26278.38477586  .00000927  00000+0  59025-3 0  9998
2 38143  98.9937 337.3283 0055950 116.5553 244.1364 14.05398934644492
FENGYUN 1C DEB          
1 38144U 99025EQR 26275.19609942  .00000866  00000+0  92385-3 0  9996
2 38144  98.9904  80.5714 0289186 152.6075 209.0654 13.59684488650245
FENGYUN 1C DEB          
1 38146U 99025EQT 26279.63259775  .00002730  00000+0  42786-3 0  9998
2 38146  99.4918  48.2697 0192803 286.9470  83.9717 14.62107740362298
FENGYUN 1C DEB          
1 38147U 99025EQU 26277.85888912  .00000700  00000+0  31853-3 0  9990
2 38147  98.5501 289.0597 0050639 156.0307 204.3245 14.24128595646016
FENGYUN 1C DEB          
1 38148U 99025EQV 26279.54133820  .00001731  00000+0  11422-2 0  9994
2 38148  99.0627  35.1669 0152738  26.6454 334.2457 13.97506903637942
FENGYUN 1C DEB          
1 38149U 99025EQW 26278.69742846  .00000307  00000+0  14089-3 0  9995
2 38149  98.3823 262.7497 0077805  10.2435 350.0310 14.26218554747209
FENGYUN 1C DEB          
1 38155U 99025ERC 26279.54672025  .00004913  00000+0  18937-2 0  9990
2 38155  98.4338 178.4880 0097126 335.4115  24.2452 14.28127533680225
FENGYUN 1C DEB          
1 38157U 99025ERE 26279.64038344  .00001709  00000+0  53843-3 0  9999
2 38157  99.6618 220.3783 0270361 356.9665   2.9860 14.23106024804830
FENGYUN 1C DEB          
1 38158U 99025ERF 26275.87816494  .00000599  00000+0  59619-3 0  9994
2 38158  99.2628 298.2665 0214152  38.5207 323.1008 13.72317586609163
FENGYUN 1C DEB          
1 38159U 99025ERG 26266.95578332  .00000602  00000+0  40630-3 0  9998
2 38159  99.2915 170.1907 0055564 275.7881  83.6951 14.03824178871131
FENGYUN 1C DEB          
1 38163U 99025ERL 26278.39718377  .00000827  00000+0  51258-3 0  9996
2 38163  99.1005 321.8791 0076745 137.3145 223.4020 14.06552733287119
FENGYUN 1C DEB          
1 38166U 99025ERP 26278.57775015  .00004871  00000+0  17063-2 0  9999
2 38166  99.0826  40.9140 0051609 257.1827 102.3586 14.34833755680249
FENGYUN 1C DEB          
1 38168U 99025ERR 26276.06754917  .00002420  00000+0  82397-3 0  9992
2 38168  98.7895  19.3356 0038017 323.9162  35.9459 14.37060876686890
FENGYUN 1C DEB          
1 38169U 99025ERS 26279.28290050  .00008340  00000+0  11018-2 0  9991
2 38169  98.9870 291.7241 0025149 214.2509 145.7079 14.80087309656594
FENGYUN 1C DEB          
1 38172U 99025ERV 26276.15339259  .00000463  00000+0  58183-3 0  9996
2 38172 100.4281  28.8595 0279405 328.4450  30.0188 13.55015712656590
FENGYUN 1C DEB          
1 38173U 99025ERW 26278.04677010  .00002938  00000+0  83188-3 0  9999
2 38173  98.9945 197.3630 0158883 321.1424  37.8425 14.39271231649031
FENGYUN 1C DEB          
1 38491U 99025ESA 26261.23334904  .00000552  00000+0  34729-3 0  9994
2 38491  98.9391 264.6711 0224669 336.6456  22.4624 13.96695371703612
FENGYUN 1C DEB          
1 38492U 99025ESB 26278.43518771  .00003227  00000+0  19228-2 0  9999
2 38492  98.6126 335.8968 0222798  47.1048 314.8583 13.96334587601419
FENGYUN 1C DEB          
1 38493U 99025ESC 26276.58352702  .00000114  00000+0  10850-3 0  9999
2 38493  99.1130 222.3475 0425484 200.0855 158.3097 13.62587667605133
FENGYUN 1C DEB          
1 38494U 99025ESD 26280.26720227  .00002216  00000+0  77118-3 0  9996
2 38494  98.4475 214.5856 0369743 244.8174 111.4229 14.04364167113393
FENGYUN 1C DEB          
1 38495U 99025ESE 26255.23939735  .00001647  00000+0  15306-2 0  9999
2 38495  99.1556 263.7063 0249487 142.5475 219.3351 13.70425779648574
FENGYUN 1C DEB          
1 38496U 99025ESF 26274.24798277  .00000709  00000+0  40998-3 0  9990
2 38496  98.7622 281.5995 0075662 257.9463 101.3222 14.10737044851441
FENGYUN 1C DEB          
1 38498U 99025ESH 26279.81891418  .00000940  00000+0  16542-2 0  9995
2 38498  99.6976 272.7632 0555663 114.0267 252.0009 12.97065398576073
FENGYUN 1C DEB          
1 38499U 99025ESJ 26276.85118075  .00001215  00000+0  10583-2 0  9993
2 38499  98.4011 143.5879 0227536  64.9876 297.4719 13.76384630796181
FENGYUN 1C DEB          
1 38500U 99025ESK 26275.43174287  .00001424  00000+0  11161-2 0  9991
2 38500  98.6454 344.8084 0203345 152.6781 208.5248 13.84224119272760
FENGYUN 1C DEB          
1 38510U 99025ESV 26280.23513034  .00000725  00000+0  38602-3 0  9996
2 38510  98.6032 283.0362 0098032  17.0502 343.3927 14.13941148928879
FENGYUN 1C DEB          
1 38512U 99025ESX 26278.42125240  .00000851  00000+0  77352-3 0  9999
2 38512  98.3546 128.9699 0227922  25.0331 336.1671 13.74661833636451
FENGYUN 1C DEB          
1 38513U 99025ESY 26278.44212666  .00014144  00000+0  10960-2 0  9992
2 38513  97.5973 170.1185 0225423 354.4425   5.4291 14.83538770680461
FENGYUN 1C DEB          
1 38514U 99025ESZ 26280.24089918  .00002248  00000+0  76890-3 0  9993
2 38514  98.0441 287.9357 0249869 217.6235 140.7236 14.21102253922304
FENGYUN 1C DEB          
1 38516U 99025ETB 26277.21091131  .00000173  00000+0  72959-4 0  9996
2 38516  98.4727 259.7954 0109724 328.4495  31.0142 14.34256755891080
FENGYUN 1C DEB          
1 38519U 99025ETE 26275.19618663  .00001459  00000+0  11154-2 0  9995
2 38519  99.5547 262.6493 0170089 341.1134  18.3763 13.88626399888097
FENGYUN 1C DEB          
1 38717U 99025ETJ 26278.04004316  .00001767  00000+0  81661-3 0  9999
2 38717  99.1443 308.6986 0054853 228.8710 160.8741 14.21487094626349
FENGYUN 1C DEB          
1 38722U 99025ETP 26279.14563220  .00010011  00000+0  16053-2 0  9995
2 38722  99.3647  62.0525 0129007 273.6582  84.9873 14.66483575748124
FENGYUN 1C DEB          
1 38724U 99025ETR 26279.98198407  .00004363  00000+0  19829-2 0  9997
2 38724  98.7332 288.6778 0118257 296.8971  62.0159 14.18643035608484
FENGYUN 1C DEB          
1 38725U 99025ETS 26278.66139312  .00005065  00000+0  13956-2 0  9997
2 38725  98.8893  62.3778 0032179  92.6409 267.8466 14.47016890776411
FENGYUN 1C DEB          
1 38727U 99025ETU 26275.77809235  .00001604  00000+0  96506-3 0  9994
2 38727  98.6179 263.2645 0103886 111.8651  11.5944 14.05452542759610
FENGYUN 1C DEB          
1 38728U 99025ETV 26278.91480416  .00003405  00000+0  50492-3 0  9995
2 38728  99.2564 312.6598 0068963 216.6375 268.8998 14.74316952699850
FENGYUN 1C DEB          
1 38783U 99025ETX 26275.48887290  .00002766  00000+0  38591-3 0  9991
2 38783  98.3293 358.0520 0205652 287.0209  70.8552 14.65099933842354
FENGYUN 1C DEB          
1 38789U 99025EUD 26277.52110554  .00000915  00000+0  20633-3 0  9998
2 38789  98.8280 181.7769 0201497 217.6432 318.9611 14.47392152661223
FENGYUN 1C DEB          
1 38795U 99025EUK 26254.18828045  .00000631  00000+0  71715-3 0  9995
2 38795  98.7047 240.8924 0494194 298.5404  56.6821 13.30882081821352
FENGYUN 1C DEB          
1 38797U 99025EUM 26277.42303453  .00000009  00000+0  54680-4 0  9992
2 38797  99.4528 166.7983 0244461 185.6345 174.2035 13.61866323633076
FENGYUN 1C DEB          
1 38798U 99025EUN 26279.49670225  .00000081  00000+0  15483-3 0  9993
2 38798  98.8244   7.6010 0408475  85.8000 278.9686 13.29258150226906
FENGYUN 1C DEB          
1 38799U 99025EUP 26279.49636332  .00003040  00000+0  66000-3 0  9994
2 38799  98.3835 358.9971 0160019 160.4019 200.3422 14.51144988683548
FENGYUN 1C DEB          
1 38801U 99025EUR 26278.40319169  .00001259  00000+0  29509-3 0  9997
2 38801  98.3358 320.7200 0342816 198.2387 175.8872 14.26064678685870
FENGYUN 1C DEB          
1 38809U 99025EUZ 26280.24953255  .00000546  00000+0  22269-3 0  9994
2 38809  98.5870 286.2253 0221274 185.6524 174.2150 14.18866543734385
FENGYUN 1C DEB          
1 38813U 99025EVD 26278.27170513  .00000552  00000+0  27879-3 0  9996
2 38813  99.3445 297.2194 0005847  10.0748 350.0543 14.20707790524601
FENGYUN 1C DEB          
1 38817U 99025EVH 26278.76005612  .00000933  00000+0  10112-2 0  9995
2 38817  98.5757 117.4459 0290549 349.5921   9.9289 13.58499789698668
FENGYUN 1C DEB          
1 38818U 99025EVJ 26279.38703767  .00000604  00000+0  19660-3 0  9994
2 38818  98.2618 330.8249 0085328 282.6969 139.9307 14.40153131715313
FENGYUN 1C DEB          
1 38819U 99025EVK 26277.21555648  .00000466  00000+0  23181-3 0  9997
2 38819  98.6392 267.5545 0080869  62.4385   0.0884 14.19858495676701
FENGYUN 1C DEB          
1 38824U 99025EVQ 26277.86628942  .00003020  00000+0  14660-2 0  9992
2 38824  99.2987  69.1493 0093129  92.2520 268.9320 14.16871317733278
FENGYUN 1C DEB          
1 38827U 99025EVT 26276.84116168  .00001006  00000+0  28997-3 0  9995
2 38827  98.3676 295.6418 0214282 153.8553 207.3643 14.34258823652887
FENGYUN 1C DEB          
1 38829U 99025EVV 26280.27370169  .00000510  00000+0  31266-3 0  9994
2 38829  98.7380 292.6058 0039520 264.8520  94.8140 14.09734196683383
FENGYUN 1C DEB          
1 38832U 99025EVY 26276.93896304  .00001099  00000+0  68472-3 0  9992
2 38832  99.2433 332.1934 0084500 305.9512  53.3837 14.05376783679031
FENGYUN 1C DEB          
1 39536U 99025EWD 26275.87837094  .00000742  00000+0  72820-3 0  9993
2 39536  99.7664 325.8033 0239865 221.7921 136.4688 13.70454548657926
FENGYUN 1C DEB          
1 39537U 99025EWE 26279.16095997  .00001206  00000+0  98035-3 0  9990
2 39537  99.1717  63.0602 0170807 262.9886  95.1817 13.85382457633733
FENGYUN 1C DEB          
1 39540U 99025EWH 26279.33080369  .00001738  00000+0  21849-2 0  9998
2 39540 106.1850 325.7303 0398393 146.1653 283.2847 13.38032917730773
FENGYUN 1C DEB          
1 39541U 99025EWJ 26278.33391989  .00000663  00000+0  31802-3 0  9998
2 39541  98.6494 319.6003 0069562 295.8093  63.5919 14.21033685632142
FENGYUN 1C DEB          
1 39543U 99025EWL 26279.30905719  .00000712  00000+0  56258-3 0  9997
2 39543  99.0185 296.6486 0338028  78.7990 285.0952 13.70758089532619
FENGYUN 1C DEB          
1 39544U 99025EWM 26275.90635253  .00000126  00000+0  10175-3 0  9990
2 39544  98.7024 149.1759 0052962 262.2118  97.3035 14.05881943609880
FENGYUN 1C DEB          
1 40688U 99025EWU 26273.59535757  .00000245  00000+0  24001-3 0  9997
2 40688  99.0066  55.5237 0141039 325.9154  33.3004 13.84080848339543
FENGYUN 1C DEB          
1 40689U 99025EWV 26278.53735138  .00001321  00000+0  11956-2 0  9992
2 40689  99.1165 184.3382 0311264  49.6878 313.1025 13.65564119589332
FENGYUN 1C DEB          
1 40690U 99025EWW 26252.88614898  .00000048  00000+0  66179-4 0  9997
2 40690  99.3935 298.5089 0094157 132.1281 228.7930 13.95966549651587
FENGYUN 1C DEB          
1 40691U 99025EWX 26276.89361985  .00000041  00000+0  64361-4 0  9995
2 40691  99.0257 305.9129 0128054 229.1827 129.8171 13.90068628595364
FENGYUN 1C DEB          
1 40695U 99025EXB 26275.26360637  .00001277  00000+0  20179-3 0  9992
2 40695  99.4648  74.9545 0278237 181.2298 178.8243 14.51961398361246
FENGYUN 1C DEB          
1 40696U 99025EXC 26279.19331240  .00000059  00000+0  72038-4 0  9996
2 40696  98.9865 263.6927 0078614 258.6498 100.5825 13.96876673598329
FENGYUN 1C DEB          
1 40999U 99025EXD 26278.43055300  .00000573  00000+0  37786-3 0  9999
2 40999  99.0962 349.8660 0058072 152.7086 207.7152 14.04986195857264
FENGYUN 1C DEB          
1 41003U 99025EXH 26279.61541329  .00024290  00000+0  24930-2 0  9996
2 41003  98.9682 239.0854 0055136  69.2166 291.4942 14.89261820568318
FENGYUN 1C DEB          
1 41005U 99025EXK 26270.85702073  .00001507  00000+0  84236-3 0  9992
2 41005  98.9362 286.9791 0569673  72.6549 293.6060 13.51680306562855
FENGYUN 1C DEB          
1 41006U 99025EXL 26279.73966408  .00002094  00000+0  16158-2 0  9992
2 41006 102.3681 250.1398 0183831  21.1597 339.7028 13.87038843616180
FENGYUN 1C DEB          
1 41007U 99025EXM 26279.35639237  .00000962  00000+0  77727-3 0  9990
2 41007  99.9483 330.0280 0169045 344.4620  15.1382 13.86700599615224
FENGYUN 1C DEB          
1 41008U 99025EXN 26279.65459924  .00000448  00000+0  27424-3 0  9995
2 41008  99.3583  64.9765 0501364 109.2262 256.3815 13.61559158604981
FENGYUN 1C DEB          
1 41009U 99025EXP 26279.81432627  .00004939  00000+0  11459-2 0  9994
2 41009  99.2032 288.8761 0010179 271.6943  88.3086 14.55496304633175
FENGYUN 1C DEB          
1 41011U 99025EXR 26276.95446017  .00001849  00000+0  31334-3 0  9999
2 41011  99.1323 349.5551 0304096 203.5031 155.2013 14.44648588614172
FENGYUN 1C DEB          
1 41016U 99025EXW 26278.00437506  .00001575  00000+0  77400-3 0  9995
2 41016  98.2469 336.6498 0143577  43.8110 317.4349 14.13676992641937
FENGYUN 1C DEB          
1 41018U 99025EXY 26275.08513308  .00001297  00000+0  14913-2 0  9997
2 41018  99.9446 225.6787 0305796 112.8680 250.5048 13.53152556921417
FENGYUN 1C DEB          
1 41822U 99025EXZ 26280.15076575  .00001697  00000+0  71143-3 0  9997
2 41822  98.7124 349.8436 0053878  75.5390 285.1760 14.26492224516251
FENGYUN 1C DEB          
1 41823U 99025EYA 26280.14288867  .00001579  00000+0  68185-3 0  9997
2 41823  98.6978 345.8523 0054186  84.6923 276.0436 14.25051882516065
FENGYUN 1C DEB          
1 41824U 99025EYB 26280.16038068  .00001721  00000+0  72982-3 0  9995
2 41824  98.7107 347.3069 0056259  83.3398 277.4181 14.25818109516108
FENGYUN 1C DEB          
1 41825U 99025EYC 26277.94967723  .00002048  00000+0  84937-3 0  9993
2 41825  98.7239 350.9986 0054239  82.0783 278.6548 14.26816045515706
FENGYUN 1C DEB          
1 41826U 99025EYD 26280.15462020  .00001576  00000+0  67789-3 0  9992
2 41826  98.7133 348.9134 0054657  80.2679 280.4667 14.25273153516092
FENGYUN 1C DEB          
1 41827U 99025EYE 26280.17716917  .00001946  00000+0  80319-3 0  9997
2 41827  98.7246 353.5099 0056613  70.1774 290.5497 14.27044009515852
FENGYUN 1C DEB          
1 41828U 99025EYF 26279.96184389  .00009598  00000+0  19565-2 0  9990
2 41828  98.9198  73.9533 0031343 346.6808  13.3560 14.60900039518068
FENGYUN 1C DEB          
1 41829U 99025EYG 26280.18704389  .00001777  00000+0  73925-3 0  9997
2 41829  98.7272 353.5032 0054731  73.3572 287.3608 14.26829031515617
FENGYUN 1C DEB          
1 41830U 99025EYH 26278.73049769  .00001806  00000+0  72986-3 0  9990
2 41830  98.7373 355.8213 0052685  74.2068 286.4914 14.28345155515110
FENGYUN 1C DEB          
1 41831U 99025EYJ 26280.16545280  .00001852  00000+0  77795-3 0  9994
2 41831  98.7151 350.4725 0054837  76.7243 284.0045 14.26275683515112
FENGYUN 1C DEB          
1 41832U 99025EYK 26277.69984777  .00001571  00000+0  66722-3 0  9993
2 41832  98.7091 344.8329 0054704  88.1994 272.5450 14.25897843515665
FENGYUN 1C DEB          
1 41833U 99025EYL 26280.17945477  .00001944  00000+0  79431-3 0  9990
2 41833  98.7312 354.3494 0052671  77.5560 283.1508 14.27699586516202
FENGYUN 1C DEB          
1 43213U 99025EYM 26277.91837004  .00001722  00000+0  73670-3 0  9991
2 43213  98.7147 345.4084 0054199  90.4475 270.2915 14.25440967445906
FENGYUN 1C DEB          
1 43214U 99025EYN 26280.11627694  .00001710  00000+0  72682-3 0  9999
2 43214  98.7164 348.1039 0054079  83.4189 277.3143 14.25765430446533
FENGYUN 1C DEB          
1 43358U 99025EYP 26280.18795234  .00000702  00000+0  89940-3 0  9996
2 43358  98.6925   3.8318 0364717 168.0721 192.9346 13.41062970577309
FENGYUN 1C DEB          
1 43359U 99025EYQ 26280.22970677  .00002950  00000+0  12284-2 0  9991
2 43359  99.0468  14.1870 0073774 235.3299 124.0912 14.25663261519992
FENGYUN 1C DEB          
1 45526U 99025EYR 26279.76290183  .00002279  00000+0  92382-3 0  9995
2 45526  98.7475 357.1513 0052327  77.7125 282.9908 14.27942689476273
FENGYUN 1C DEB          
1 45527U 99025EYS 26280.16860872  .00001757  00000+0  74040-3 0  9991
2 45527  98.7195 350.3512 0053842  81.6387 279.0893 14.26190210438311
FENGYUN 1C DEB          
1 46439U 99025EYU 26269.19332588  .00000422  00000+0  19364-3 0  9998
2 46439  98.5525 252.3531 0119155 291.8596  66.9945 14.22649383644505
FENGYUN 1C DEB          
1 46440U 99025EYV 26279.89158764  .00000381  00000+0  16911-3 0  9999
2 46440  98.5685 303.2496 0174636 352.3676 130.8916 14.20715283666028
FENGYUN 1C DEB          
1 46443U 99025EYY 26279.71596176  .00001694  00000+0  90110-3 0  9997
2 46443  99.2004 359.3710 0097116 240.2671 272.3989 14.12510048638004
FENGYUN 1C DEB          
1 46444U 99025EYZ 26274.23708657  .00000717  00000+0  29623-3 0  9995
2 46444  98.5207 273.8419 0083321  14.5172  46.5339 14.27832646667558
FENGYUN 1C DEB          
1 46447U 99025EZC 26271.80928717  .00000591  00000+0  20436-3 0  9992
2 46447  98.4753 264.4967 0161220 284.8314  73.5061 14.32510836833743
FENGYUN 1C DEB          
1 46448U 99025EZD 26277.99686465  .00002601  00000+0  11235-2 0  9990
2 46448  99.0662 352.4174 0062622 332.1740  27.6093 14.24312968661813
FENGYUN 1C DEB          
1 46449U 99025EZE 26273.53943662  .00000489  00000+0  20524-3 0  9996
2 46449  98.6139 305.6091 0203104 148.0170 213.3525 14.19680598617769
FENGYUN 1C DEB          
1 46450U 99025EZF 26277.28247650  .00001676  00000+0  91388-3 0  9993
2 46450  98.0636 106.5824 0179169 296.3389  61.9478 14.05469766652682
FENGYUN 1C DEB          
1 46451U 99025EZG 26279.96576128  .00004767  00000+0  18262-2 0  9999
2 46451  98.1477 281.8456 0165250  29.7306   0.4429 14.23748014612460
FENGYUN 1C DEB          
1 46468U 99025EZK 26279.74627091  .00002068  00000+0  86272-3 0  9998
2 46468  98.8804  16.4421 0043918  91.1227  61.1040 14.26807260780634
FENGYUN 1C DEB          
1 46986U 99025EZL 26276.80306469  .00000742  00000+0  19823-3 0  9995
2 46986  98.2153 297.5674 0104502  31.4792 329.2598 14.48020072676691
FENGYUN 1C DEB          
1 46987U 99025EZM 26279.88608492  .00005647  00000+0  14914-2 0  9992
2 46987  98.9193  70.8862 0031471 171.4160 188.7577 14.49016027616530
FENGYUN 1C DEB          
1 46989U 99025EZP 26276.26097633  .00002217  00000+0  17076-2 0  9994
2 46989  99.5262  85.3757 0234236 282.1756 257.1119 13.82087002751074
FENGYUN 1C DEB          
1 46990U 99025EZQ 26279.77710712  .00013970  00000+0  28336-2 0  9994
2 46990  98.2131 112.7605 0327004 255.2111 165.8867 14.32656501127867
FENGYUN 1C DEB          
1 46992U 99025EZS 26271.23455278  .00000188  00000+0  15049-3 0  9997
2 46992  98.9583 256.5102 0072549  77.4623 283.4645 14.01044488650109
FENGYUN 1C DEB          
1 46993U 99025EZT 26277.51389097  .00000293  00000+0  30080-3 0  9999
2 46993  98.7393  13.7064 0262357 235.9720 182.2226 13.69403475643059
FENGYUN 1C DEB          
1 46995U 99025EZV 26280.11382756  .00001385  00000+0  10526-2 0  9991
2 46995  98.5901 343.2649 0181584  20.5294 340.3043 13.87812093646057
FENGYUN 1C DEB          
1 46997U 99025EZX 26278.38398958  .00001409  00000+0  56874-3 0  9994
2 46997  98.5347 317.7145 0025885 181.7601 191.7293 14.29278839666871
FENGYUN 1C DEB          
1 47001U 99025FAB 26276.50478337  .00002314  00000+0  72759-3 0  9999
2 47001  99.2861   4.3556 0049599 265.7166  93.8352 14.40838170781564
FENGYUN 1C DEB          
1 47003U 99025FAD 26274.55626431  .00000288  00000+0  40713-3 0  9997
2 47003  98.8512 176.3309 0334487  41.4602 321.1399 13.42978479692362
FENGYUN 1C DEB          
1 47005U 99025FAF 26279.60454598  .00002778  00000+0  14803-2 0  9999
2 47005  99.6017  34.5041 0062845 139.7038 235.1929 14.13266882869727
FENGYUN 1C DEB          
1 47006U 99025FAG 26267.43192448  .00000126  00000+0  11591-3 0  9998
2 47006  99.1626 330.8657 0082021  14.2763 346.0691 13.98505336867609
FENGYUN 1C DEB          
1 47007U 99025FAH 26273.80808964  .00001872  00000+0  10440-2 0  9994
2 47007  98.1872 110.3332 0231499 309.9789  48.1251 13.99332703829315
FENGYUN 1C DEB          
1 47009U 99025FAK 26279.13881740  .00000028  00000+0  90006-4 0  9991
2 47009  98.9759 232.9808 0351481 238.1960 118.4494 13.37443579627846
FENGYUN 1C DEB          
1 47012U 99025FAN 26277.40588086  .00000319  00000+0  32277-3 0  9998
2 47012  98.7164 137.6139 0163082 350.2025   9.5960 13.78162836586450
FENGYUN 1C DEB          
1 47015U 99025FAR 26279.49228544  .00006278  00000+0  49061-3 0  9991
2 47015  98.6837  10.7198 0161895 231.8746 126.7784 14.91697953688154
FENGYUN 1C DEB          
1 47018U 99025FAU 26279.79696337  .00010347  00000+0  20080-2 0  9997
2 47018  98.9109  30.9012 0018778 171.2487 340.4519 14.63304726826608
FENGYUN 1C DEB          
1 47025U 99025FBB 26279.12780174  .00003771  00000+0  98367-3 0  9992
2 47025  99.0165 150.9239 0035437 188.4376 324.0210 14.49771129670468
FENGYUN 1C DEB          
1 47029U 99025FBF 26274.42304199  .00018917  00000+0  85726-3 0  9996
2 47029  98.9236 328.8136 0091652 103.1015 258.0462 15.17162330 74889
FENGYUN 1C DEB          
1 47036U 99025FBN 26278.38498126  .00000122  00000+0  83176-4 0  9994
2 47036  98.6838 319.6118 0067071 330.1770  42.0236 14.15324599641231
FENGYUN 1C DEB          
1 47040U 99025FBS 26279.57298895  .00000487  00000+0  31929-3 0  9994
2 47040 100.3066 232.1313 0062770 154.7348 205.6908 14.06916255932960
FENGYUN 1C DEB          
1 47041U 99025FBT 26278.42825088  .00103847  00000+0  30105-2 0  9996
2 47041  98.2213 337.0538 0007844 237.3822 122.6663 15.35102008756966
FENGYUN 1C DEB          
1 47042U 99025FBU 26277.54685362  .00000233  00000+0  12209-3 0  9999
2 47042  98.9795 186.2207 0053179 265.2696 221.6122 14.23122933667288
FENGYUN 1C DEB          
1 47100U 99025FBY 26280.07904442  .00003920  00000+0  87188-3 0  9993
2 47100  99.0103 127.5778 0081491 173.6981 186.5259 14.55575333311036
FENGYUN 1C DEB          
1 47101U 99025FBZ 26279.41241281  .00004865  00000+0  20778-2 0  9995
2 47101  98.8182 344.4397 0103399 281.8026  77.1568 14.22632905388880
FENGYUN 1C DEB          
1 47102U 99025FCA 26270.29036083  .00001487  00000+0  69501-3 0  9990
2 47102  98.4476 199.8243 0115917 298.4304 214.4409 14.18292943660294
FENGYUN 1C DEB          
1 47104U 99025FCC 26275.33835449  .00000178  00000+0  10474-3 0  9996
2 47104  98.8796 311.0906 0040080 214.0853 145.7748 14.19660755665388
FENGYUN 1C DEB          
1 48518U 99025FCG 26279.89230232  .00002527  00000+0  13118-2 0  9997
2 48518  99.2679 255.2739 0130042 347.5609  12.2360 14.11467659643738
FENGYUN 1C DEB          
1 49389U 99025FCJ 26262.28230283  .00002006  00000+0  12521-2 0  9994
2 49389  98.7248  84.9872 0134498 127.4246 233.9249 14.01461741267765
