OPS 6582 (TRANSIT 5B-5) 
1 00965U 64083D   26273.82837468  .00000042  00000+0  46664-4 0  9992
2 00965  90.0874 203.9196 0040794 331.5423  82.4169 13.57020583 57944
LES-1                   
1 01002U 65008C   26273.05148485  .00000008  00000+0 -15099-4 0  9993
2 01002  32.1395 156.2905 0015254 288.4469  71.4369  9.88355011226565
SOLRAD 7B               
1 01291U 65016D   26273.66011407 -.00000014  00000+0  28120-4 0  9998
2 01291  70.0818  12.0247 0022166 335.9192  24.0875 13.94985615131411
SECOR 4 (EGRS 4)        
1 01315U 65027B   26273.76884117  .00000095  00000+0  32364-3 0  9996
2 01315  90.2608  17.9981 0029423 285.4326 198.1904 12.92669230900564
TIROS 10                
1 01430U 65051A   26273.60859772  .00000084  00000+0  38689-4 0  9998
2 01430  98.5156  32.5423 0056264 122.0254 238.6418 14.41660718211107
ALOUETTE 2              
1 01804U 65098A   26273.47571291  .00000595  00000+0  19002-3 0  9990
2 01804  79.8015 187.0825 1331080  19.0748 345.5612 12.28444318692203
OV3-3                   
1 02389U 66070A   26273.86329245  .00004368  00000+0  19616-3 0  9996
2 02389  81.3244 237.5770 1001372 242.8881 106.6741 13.47505681613199
SECOR 7 (EGRS 7)        
1 02411U 66077B   26273.41384783 -.00000025  00000+0 -13400-1 0  9999
2 02411  90.3242 278.6702 0010076 310.3376  49.6595  8.59615398886429
ERS 15                  
1 02412U 66077C   26273.01325266  .00000002  00000+0  00000+0 0  9990
2 02412  90.3252 278.4586 0006096 323.4777  36.5658  8.59079887399461
ISIS 1                  
1 03669U 69009A   26273.60802197  .00000071  00000+0  38937-4 0  9992
2 03669  88.4359 132.8181 1707823  35.4544 334.8783 11.30452026371685
SECOR 13 (EGRS 13)      
1 03891U 69037B   26273.87310777 -.00000030  00000+0  20805-4 0  9998
2 03891  99.6287 140.6897 0039465 352.9525  18.8540 13.42980600815943
ATS 5                   
1 04068U 69069A   26273.58209986  .00000071  00000+0  00000+0 0  9991
2 04068   0.4407 116.5206 0005943 156.1077 151.7499  0.99492980 47371
OPS 7613 (P/L 4)        
1 04237U 69082E   26273.91726799  .00000017  00000+0  50965-4 0  9997
2 04237  70.0132 238.0173 0021206 344.6101  34.5273 13.96009673901069
OPS 7613 (P/L 1)        
1 04256U 69082B   26273.82354657  .00000028  00000+0  56342-4 0  9995
2 04256  70.0072  98.0776 0022066 285.3276  74.5392 13.99218872905241
SHINSEI (MS-F2)         
1 05485U 71080A   26273.56887353  .00000016  00000+0  22507-5 0  9990
2 05485  32.0558   7.1370 0639721  15.8521 346.1142 12.74258311562700
PROSPERO (BLACK ARROW)  
1 05580U 71093A   26273.58415574  .00000539  00000+0  11362-3 0  9999
2 05580  82.0411 198.3038 0498904 284.9565  69.6898 14.01880532763296
OPS 7898 (P/L 2)        
1 05680U 71110C   26273.81532765 -.00000016  00000+0  36221-4 0  9991
2 05680  69.9888 144.9351 0006737  17.8735 342.2595 13.74765911362735
NOAA 2 (ITOS-D)         
1 06235U 72082A   26273.84041514 -.00000046  00000+0  36737-5 0  9993
2 06235 102.0058 293.5610 0003955 333.6397 199.2919 12.53218184468188
OSCAR 7 (AO-7)          
1 07530U 74089B   26273.57002921 -.00000050  00000+0 -23212-4 0  9999
2 07530 101.9913 287.9168 0011947 290.8521 195.0154 12.53699862373729
TIROS N                 
1 11060U 78096A   26273.80697257  .00000043  00000+0  40054-4 0  9995
2 11060  98.4514 290.0671 0009330 299.7344  60.2905 14.19399195693730
PHASE 3B (AO-10)        
1 14129U 83058B   26263.04235857 -.00000060  00000+0  00000+0 0  9999
2 14129  25.9788 204.0605 5980330 141.6651 281.5604  2.05869937297448
HILAT                   
1 14154U 83063A   26273.53390194  .00000206  00000+0  61506-4 0  9998
2 14154  82.0224  63.0669 0038601 332.8284  99.3619 14.38763280262732
UOSAT 2 (UO-11)         
1 14781U 84021B   26273.79272113  .00000923  00000+0  99017-4 0  9991
2 14781  97.8203 238.2797 0007255 183.5582 176.5586 14.91023494272861
NOAA 9                  
1 15427U 84123A   26273.85323628  .00000027  00000+0  36573-4 0  9990
2 15427  99.0927 302.9124 0015384  53.2032 120.1451 14.17090456158380
GEOSAT                  
1 15595U 85021A   26273.81069549 -.00000017  00000+0  37731-4 0  9996
2 15595 108.0462 301.2746 0002577 264.2401  95.8447 14.40008806177970
EUTELSAT 1-F4 (ECS 4)   
1 18351U 87078B   26273.67737351  .00000028  00000+0  00000+0 0  9995
2 18351  13.7554 341.3809 0007960  36.6886 305.0610  0.98686804127792
PACSAT (AO-16)          
1 20439U 90005D   26273.90818606  .00000025  00000+0  25700-4 0  9994
2 20439  98.8429 312.0215 0009500 282.5517 253.6649 14.33961602917083
LUSAT (LO-19)           
1 20442U 90005G   26273.88050431  .00000030  00000+0  27544-4 0  9993
2 20442  98.8805 298.5774 0010507 254.6645 105.3378 14.34146850917548
IRS-1B                  
1 21688U 91061A   26273.97086512  .00000263  00000+0  21799-3 0  9991
2 21688  99.4139 284.5674 0025463  75.9929 303.4076 13.97888277683278
COSMOS 2197             
1 22034U 92042A   26273.79934359  .00000032  00000+0  11753-3 0  9991
2 22034  82.5973 161.4732 0013622  36.9295  28.8218 12.64254839578631
PEGASUS R/B             
1 22491U 93009C   26273.93899704  .00000601  00000+0  83327-4 0  9991
2 22491  24.9767 144.4678 0043970 167.5393 192.6213 14.58078621785080
EYESAT A (AO-27)        
1 22825U 93061C   26273.72388063  .00000038  00000+0  31216-4 0  9992
2 22825  98.6773 341.0418 0009050 144.8287 215.3494 14.30964048722097
ITAMSAT (IO-26)         
1 22826U 93061D   26273.67175881  .00000047  00000+0  34406-4 0  9993
2 22826  98.6721 340.9183 0009800 129.7128 230.4920 14.31393191722400
RADIO ROSTO (RS15)      
1 23439U 94085A   26273.92202664 -.00000042  00000+0  16116-4 0  9993
2 23439  64.8143 132.2128 0159554 344.9537  14.6671 11.27584055307825
JAS-2 (FO-29)           
1 24278U 96046B   26273.81423775 -.00000054  00000+0 -19907-4 0  9995
2 24278  98.5153 108.2011 0349796 182.1494 177.8161 13.53278595487453
FORTE                   
1 24920U 97047A   26273.86800786  .00000050  00000+0  43569-4 0  9992
2 24920  69.9522 135.3121 0019921 139.6566 220.6039 14.27978909513777
NOAA 15                 
1 25338U 98030A   26273.98060897  .00000044  00000+0  35515-4 0  9998
2 25338  98.5044 291.7449 0011007  42.4898 317.7133 14.27172011476382
TECHSAT 1B (GO-32)      
1 25397U 98043D   26273.91991813  .00000011  00000+0  24983-4 0  9992
2 25397  99.0166 269.3936 0000255 294.8865  65.2286 14.24444981466388
ISS (ZARYA)             
1 25544U 98067A   26273.85230731  .00003748  00000+0  76931-4 0  9990
2 25544  51.6316 137.1559 0007005 207.6272 152.4345 15.48699564588139
ORSTED                  
1 25635U 99008B   26273.69695526  .00000262  00000+0  65513-4 0  9998
2 25635  96.4680 157.1796 0130760 207.5438 151.8793 14.51897061457279
LANDSAT 7               
1 25682U 99020A   26273.97349492  .00000184  00000+0  43647-4 0  9990
2 25682  97.8646 272.7981 0001736  93.9621 294.3938 14.63990079461320
ORBCOMM FM36            
1 25984U 99065E   26273.61443105  .00000510  00000+0  20828-3 0  9999
2 25984  45.0399  19.0186 0004309 168.7871 191.3075 14.39362222402173
DMSP 5D-3 F15 (USA 147) 
1 25991U 99067A   26273.90717983  .00000048  00000+0  46231-4 0  9992
2 25991  98.9864 313.7352 0010919  65.0897 107.7671 14.17590180385620
OPAL (OO-38)            
1 26063U 00004C   26273.73014304  .00000066  00000+0  41005-4 0  9998
2 26063 100.2011 230.0585 0036474  96.4702 264.0635 14.37994919398450
IMAGE                   
1 26113U 00017A   26270.84702277  .00000165  00000+0  00000+0 0  9995
2 26113  94.2886 316.6489 7367970 276.3719  12.3270  1.68668681163233
MEGSAT-1                
1 26546U 00057B   26273.94504464  .00001474  00000+0  11131-3 0  9996
2 26546  64.5468  90.0789 0044120 271.9385  87.6680 15.05965901413584
PHASE 3D (AO-40)        
1 26609U 00072B   26273.16311214 -.00000362  00000+0  00000+0 0  9991
2 26609   9.3230 334.2064 7938328 211.9412  53.8265  1.25589334118834
OMNI-M1                 
1 26857U 01026A   26272.18499317  .00000007  00000+0  00000+0 0  9993
2 26857  44.8045 221.2967 0014787  71.4318 288.7438  3.92403026209656
PCSAT (NO-44)           
1 26931U 01043C   26273.90400548  .00000028  00000+0  41599-4 0  9990
2 26931  67.0521 330.8335 0005935 273.9455  86.0969 14.31987939305589
PROBA-1                 
1 26958U 01049B   26273.92722770  .00000784  00000+0  53969-4 0  9994
2 26958  97.9609 286.1947 0055615 124.2022 236.4494 15.07839202359550
SPOT 5                  
1 27421U 02021A   26273.81657140  .00000138  00000+0  39480-4 0  9992
2 27421  97.9756 307.9522 0128337 308.1460  50.8227 14.54819501278206
FENGYUN 1D              
1 27431U 02024B   26273.86333380  .00000049  00000+0  53060-4 0  9999
2 27431  98.9402 323.6516 0014498 307.7403  52.2453 14.10235794254375
SAUDISAT 1C (SO-50)     
1 27607U 02058C   26273.81476419  .00000399  00000+0  65059-4 0  9996
2 27607  64.5523 162.1279 0071014 242.9911 116.3933 14.83235373280126
CORIOLIS                
1 27640U 03001A   26273.75274093  .00000039  00000+0  38881-4 0  9993
2 27640  98.7169 279.0477 0012876 269.1789  90.7913 14.19969146229207
CUTE-1 (CO-55)          
1 27844U 03031E   26273.54753631  .00000145  00000+0  81470-4 0  9999
2 27844  98.6770 280.8013 0008560 236.0897 123.9468 14.24388008206672
CUBESAT XI-IV (CO-57)   
1 27848U 03031J   26273.87026584  .00000117  00000+0  70646-4 0  9991
2 27848  98.6803 280.7475 0008331 256.4606 103.5645 14.23665883206415
MOZHAETS 4 (RS22)       
1 27939U 03042A   26274.02358786  .00000276  00000+0  50609-4 0  9997
2 27939  98.3470 101.4075 0010172 296.8688 214.6454 14.73618480231137
IRS-P6 (RESOURCESAT-1)  
1 28051U 03046A   26273.99639103 -.00000031  00000+0  33564-5 0  9999
2 28051  98.1825 305.2887 0064703  25.6754  84.8519 14.36188267195717
SAUDISAT 2              
1 28371U 04025F   26273.80866532  .00000112  00000+0  36137-4 0  9997
2 28371  98.5571 276.5564 0024165 334.9794  25.0230 14.56732308181124
COSMOS 2407             
1 28380U 04028A   26273.78107259  .00000059  00000+0  44535-4 0  9992
2 28380  82.9651 356.6238 0038205 318.5076 165.7902 13.76341388114409
COSMOS 2414             
1 28521U 05002A   26273.86159110  .00000052  00000+0  30606-4 0  9991
2 28521  82.9506 323.7200 0040726  29.9643 330.3839 13.87935372 98474
INMARSAT 4-F1           
1 28628U 05009A   26273.78452352  .00000035  00000+0  00000+0 0  9992
2 28628   5.3155  42.8134 0003164 162.2413 265.0404  1.00271655 78735
HAMSAT (VO-52)          
1 28650U 05017B   26273.87591781  .00002163  00000+0  13520-3 0  9995
2 28650  97.9856 301.4629 0019780  41.9045 318.3693 15.10461290162719
NOAA 18                 
1 28654U 05018A   26273.92916086  .00000039  00000+0  43823-4 0  9995
2 28654  98.8043 352.0348 0013806 206.5572 153.4895 14.13745503101256
SJ-7                    
1 28737U 05024A   26273.66147482  .00003597  00000+0  15652-3 0  9991
2 28737  97.7205 306.6655 0015812  30.8388 329.3773 15.22829030164071
CUBESAT XI-V            
1 28895U 05043F   26272.96347010  .00000760  00000+0  12701-3 0  9999
2 28895  98.3124  70.8908 0013067 229.9945 130.0115 14.72853904117171
CLOUDSAT                
1 29107U 06016A   26273.96641083  .00000435  00000+0  55941-4 0  9998
2 29107  98.3827 317.0779 0005091   4.7844 355.3418 14.86556701 90229
CALIPSO                 
1 29108U 06016B   26273.97871469  .00000474  00000+0  88831-4 0  9990
2 29108  98.4453 293.2551 0000957  74.3570 285.7740 14.69507168 88599
HINODE (SOLAR-B)        
1 29479U 06041A   26273.78548772  .00000285  00000+0  57319-4 0  9993
2 29479  98.0542 288.3866 0016424 316.2850  43.7054 14.68733451 70376
METOP-A                 
1 29499U 06044A   26273.94649631  .00001088  00000+0  12982-3 0  9990
2 29499  98.3401  24.0250 0174295  92.1329   1.1071 14.76268584 41058
SHIJIAN-6 02B (SJ-6 02B)
1 29506U 06046B   26273.90990764  .00000526  00000+0  45292-4 0  9990
2 29506  97.6951 302.2146 0015463  77.8807 282.4148 15.01499813 86605
DMSP 5D-3 F17 (USA 191) 
1 29522U 06050A   26273.95330190  .00000052  00000+0  48966-4 0  9994
2 29522  98.7427 278.3836 0011147 111.6997 248.5365 14.15011680 27384
LAPAN-TUBSAT            
1 29709U 07001A   26273.97163275  .00000728  00000+0  89799-4 0  9997
2 29709  98.1409 275.6243 0011527 195.2203 164.8666 14.86039168 66866
HAIYANG-1B              
1 31113U 07010A   26273.93306382  .00000030  00000+0  27194-4 0  9990
2 31113  98.3633 251.7424 0012298 246.7072 113.2818 14.31048289 15761
BEIDOU-2 M1             
1 31115U 07011A   26263.10355439  .00000005  00000+0  00000+0 0  9992
2 31115  50.9044 216.1256 0002591 349.3982  10.5712  1.77349384 77830
CAPE-1                  
1 31130U 07012P   26273.42069968  .00000630  00000+0  12122-3 0  9991
2 31130  98.4598 250.8211 0084410 102.4183 258.6482 14.65079468 33762
CBERS 2B                
1 32062U 07042A   26273.74910044  .00000140  00000+0  56151-4 0  9991
2 32062  98.4016 216.5967 0031488  19.1360  41.8423 14.41518201999896
COSMO-SKYMED 2          
1 32376U 07059A   26273.95009297  .00000189  00000+0  30353-4 0  9998
2 32376  97.8913  96.0458 0001371  92.9334 267.2037 14.82158660 17673
CARTOSAT-2A             
1 32783U 08021A   26273.97238758  .00000461  00000+0  68574-4 0  9997
2 32783  97.7519 319.0141 0013018 123.2858 236.9603 14.79342357994448
CUTE-1.7+APD II (CO-65) 
1 32785U 08021C   26273.95219354  .00002715  00000+0  16985-3 0  9990
2 32785  97.8404 257.7069 0009718  38.4701 321.7219 15.10280849  1164
SEEDS II (CO-66)        
1 32791U 08021J   26273.51997135  .00010347  00000+0  29731-3 0  9992
2 32791  97.7571 276.7509 0000972   9.4395 350.6866 15.36030082  3436
YUBILEINY (RS30)        
1 32953U 08025A   26274.00760966  .00000104  00000+0  67567-3 0  9990
2 32953  82.4988 289.6210 0020720  81.6078 278.7349 12.43183886832841
FENGYUN 3A              
1 32958U 08026A   26273.77190708  .00000044  00000+0  41302-4 0  9993
2 32958  98.6959 212.6575 0008608 176.8917 183.2315 14.19589398950389
HUANJING 1A (HJ-1A)     
1 33320U 08041A   26273.95237348 -.00000163  00000+0 -13225-4 0  9993
2 33320  97.6810 255.7804 0019521 147.0066 213.2372 14.84180876974093
HUANJING 1B (HJ-1B)     
1 33321U 08041B   26273.97060176 -.00000126  00000+0 -88889-5 0  9997
2 33321  97.6637 258.6429 0035571 194.0239 165.9991 14.83477419974094
SHIJIAN-6 03A (SJ-6 03A)
1 33408U 08053A   26273.94029907  .00001917  00000+0  97821-4 0  9992
2 33408  97.8322 310.9580 0011375  16.4005 343.7594 15.17996239979002
SHIJIAN-6 03B (SJ-6 03B)
1 33409U 08053B   26273.98676200  .00000239  00000+0  21614-4 0  9994
2 33409  97.8549 295.6337 0020714  47.8655 312.4326 15.04534986978658
CHUANGXIN 1-02 (CX-1-02)
1 33434U 08056B   26274.01013067 -.00000241  00000+0 -76184-4 0  9993
2 33434  98.6082 299.1973 0014084 184.8661 175.2386 14.30169583933741
STARS (KUKAI)           
1 33498U 09002G   26273.75999216  .00002470  00000+0  22368-3 0  9992
2 33498  98.1665 225.4769 0008318 168.3256 191.8159 14.96370247954263
KKS-1 (KISEKI)          
1 33499U 09002H   26273.90049527  .00000758  00000+0  99380-4 0  9997
2 33499  98.1175 198.0155 0006853 316.0952  43.9716 14.83344091951864
NOAA 19                 
1 33591U 09005A   26273.87623410  .00000011  00000+0  29798-4 0  9996
2 33591  98.9423 344.7751 0014801  91.7014 268.5854 14.13487548909411
UK-DMC 2                
1 35683U 09041C   26273.90561984  .00000186  00000+0  34046-4 0  9996
2 35683  97.8995  46.3872 0001014  83.4972 276.6353 14.76157163922166
METEOR-M 1              
1 35865U 09049A   26273.60405316  .00000034  00000+0  34808-4 0  9997
2 35865  98.7532 235.3841 0002646  28.8367 331.2957 14.23175556884246
OCEANSAT-2              
1 35931U 09051A   26273.99842142  .00000160  00000+0  13541-3 0  9998
2 35931  98.2450 250.3364 0014485 300.3333  59.6401 13.99666860894135
SWISSCUBE               
1 35932U 09051B   26273.73045337  .00000528  00000+0  11359-3 0  9995
2 35932  98.3941 183.4114 0005488 241.1669 118.8982 14.62645180904584
BEESAT-1                
1 35933U 09051C   26273.72736663  .00000446  00000+0  99004-4 0  9997
2 35933  98.3867 182.8189 0003940 259.0472 101.0285 14.61857828904604
ITUPSAT1                
1 35935U 09051E   26273.67403443  .00000417  00000+0  95963-4 0  9998
2 35935  98.3947 181.8415 0006201 273.9297  86.1194 14.60567991904137
DMSP 5D-3 F18 (USA 210) 
1 35951U 09057A   26273.93014110  .00000121  00000+0  85836-4 0  9990
2 35951  98.9174 254.5347 0010350 315.8853  44.1494 14.14946854874545
PROBA-2                 
1 36037U 09059B   26273.74081915  .00000074  00000+0  27748-4 0  9999
2 36037  98.2480  95.6649 0012425 319.0572  40.9691 14.54898304896875
YAOGAN-7                
1 36110U 09069A   26273.69713609  .00000231  00000+0  39095-4 0  9991
2 36110  97.9893 158.8211 0025786  60.3913 299.9862 14.78088578905212
XIWANG-1 (HOPE-1)       
1 36122U 09072B   26273.95851233 -.00000372  00000+0 -85807-3 0  9992
2 36122 100.4160 226.1470 0007629 357.6808   2.4268 13.16440689806920
RADUGA-1M 2             
1 36358U 10002A   26273.86056108 -.00000205  00000+0  00000+0 0  9998
2 36358   3.8891  77.4676 0005239 232.1633 182.1495  0.98969568 51075
COSMOS 2463             
1 36519U 10017A   26273.74004642  .00000050  00000+0  38579-4 0  9990
2 36519  82.9642 172.1671 0035585 195.1568 219.3289 13.71671236822400
CARTOSAT-2B             
1 36795U 10035A   26273.97341134  .00000430  00000+0  65787-4 0  9994
2 36795  97.9836 323.7815 0010799 202.9882 157.0847 14.78659463875487
AISSAT 1                
1 36797U 10035C   26273.71385658  .00000627  00000+0  58882-4 0  9993
2 36797  98.0792 176.6283 0010092  67.5826 292.6463 14.97718417880016
TISAT 1                 
1 36799U 10035E   26273.81701908  .00013972  00000+0  40696-3 0  9996
2 36799  98.0809 230.1094 0001646 147.3080 212.8264 15.35532459883892
YAOGAN-10               
1 36834U 10038A   26273.97496002  .00000939  00000+0  11476-3 0  9995
2 36834  97.8934 296.5335 0001633  91.3470 354.8222 14.85610145872914
SHIJIAN-6 04B (SJ-6 04B)
1 37180U 10051B   26273.93044244 -.00000614  00000+0 -44954-4 0  9998
2 37180  97.8751 280.4844 0011680 327.5681  32.4822 14.99481204871522
FENGYUN 3B              
1 37214U 10059A   26273.95856505 -.00000353  00000+0 -15906-3 0  9991
2 37214  98.9508 320.3652 0021053 245.9152 184.5635 14.14858516822386
COSMO-SKYMED 4          
1 37216U 10060A   26273.96278274  .00000169  00000+0  27841-4 0  9992
2 37216  97.8909  96.0606 0001901  80.2154 279.9274 14.82153203860239
O/OREOS (USA 219)       
1 37224U 10062C   26273.52663747  .00001176  00000+0  11583-3 0  9992
2 37224  71.9701 201.6551 0016014 229.7231 130.2540 14.94082935132379
ELEKTRO-L 1 (GOMS 2)    
1 37344U 11001A   26273.58279319  .00000126  00000+0  00000+0 0  9995
2 37344   9.9210  53.3962 0002973  49.7135 325.6249  1.00188654 57547
RESOURCESAT-2           
1 37387U 11015A   26273.94455538  .00000012  00000+0  25629-4 0  9999
2 37387  98.7538 340.5979 0010393 316.2844  43.7509 14.21611878801209
YOUTHSAT                
1 37388U 11015B   26273.91440361  .00000107  00000+0  62631-4 0  9994
2 37388  98.3833 243.2714 0015264  35.4122 341.0208 14.25665929802707
APRIZESAT 6             
1 37793U 11044F   26273.69681612  .00000351  00000+0  56872-4 0  9998
2 37793  98.2284 186.3092 0044259 107.6179 319.7885 14.77036366812722
JUGNU                   
1 37839U 11058B   26273.66435615  .00000387  00000+0  62273-4 0  9992
2 37839  19.9615  27.5943 0018500 160.8920 229.0049 14.13802153773970
SRMSAT                  
1 37841U 11058D   26273.91120775  .00000356  00000+0  49517-4 0  9993
2 37841  19.9709 139.5285 0011689 287.1495 185.2941 14.11595530772778
SUOMI NPP               
1 37849U 11061A   26273.92798126  .00000050  00000+0  44566-4 0  9997
2 37849  98.8031 214.1104 0002456  45.5526 314.5850 14.19535941773442
YAOGAN-12               
1 37875U 11066B   26273.96103802  .00002136  00000+0  81999-4 0  9994
2 37875  97.1052 307.5649 0009035 198.9449 161.1456 15.27464059828185
BEIDOU-2 M4             
1 38251U 12018B   26273.36484514 -.00000017  00000+0  00000+0 0  9993
2 38251  55.5639 300.5272 0014839 274.0533  85.8258  1.86229730 97901
ARIRANG-3 (KOMPSAT-3)   
1 38338U 12025B   26273.96034703  .00000209  00000+0  50623-4 0  9997
2 38338  98.1309 229.6629 0006209 132.7802 227.3923 14.62281039766804
HORYU-2                 
1 38340U 12025D   26273.64489090  .00001509  00000+0  15652-3 0  9994
2 38340  98.2327  51.0274 0007809 188.9957 171.1122 14.91586401764440
CSSWE                   
1 38761U 12048D   26273.77786717  .00022801  00000+0  40291-3 0  9991
2 38761  64.6610  94.3233 0027008 131.9610 228.3838 15.49937765132738
CP5                     
1 38763U 12048F   26273.77311655  .00005955  00000+0  20115-3 0  9992
2 38763  64.6433 163.0497 0061036 137.8308 222.7542 15.29908400132908
METOP-B                 
1 38771U 12049A   26273.91604490  .00000034  00000+0  35124-4 0  9990
2 38771  98.6387 323.2468 0003087  58.7354 301.4126 14.21461975728281
SJ-9A                   
1 38860U 12056A   26273.91255158  .00000605  00000+0  75570-4 0  9993
2 38860  97.6856 242.1284 0023912 269.6848  90.1628 14.85665903715287
COSMOS 2484 (RODNIK-S 6)
1 39059U 13001C   26273.99509859  .00000035  00000+0  18089-3 0  9991
2 39059  82.5044 156.1304 0025915 160.6264 199.5807 12.42942854621704
SARAL                   
1 39086U 13009A   26273.97115191  .00000030  00000+0  26934-4 0  9993
2 39086  98.5559  99.2197 0001779  13.4320 346.6911 14.32909773710758
AAUSAT 3                
1 39087U 13009B   26273.79777945  .00000341  00000+0  12178-3 0  9994
2 39087  98.3731  95.2269 0010245 253.5967 106.4096 14.40043577712373
STRAND-1                
1 39090U 13009E   26273.73985474  .00000138  00000+0  60813-4 0  9994
2 39090  98.3972  91.4223 0007465 276.6760  83.3577 14.37213060712222
BRITE-AUSTRIA           
1 39091U 13009F   26273.72930931  .00000067  00000+0  37359-4 0  9992
2 39091  98.4051  90.6000 0009046 287.2598  72.7599 14.36575712712208
UNIBRITE                
1 39092U 13009G   26273.95999195  .00000070  00000+0  38562-4 0  9996
2 39092  98.4088  90.9616 0007953 282.9619  77.0679 14.36447021712170
AIST-2 (RS43)           
1 39133U 13015D   26273.97605902  .00003155  00000+0  12534-3 0  9998
2 39133  64.8670 271.1495 0013891 258.5106 101.4465 15.27255300740057
GAOFEN-1                
1 39150U 13018A   26273.98339331  .00000134  00000+0  26545-4 0  9993
2 39150  97.8998 343.8439 0015718 286.9123  73.0363 14.76548684723857
NEE-01 PEGASO           
1 39151U 13018B   26273.96118861  .00001872  00000+0  18079-3 0  9997
2 39151  98.1380  61.7400 0012648 169.9121 190.2354 14.94081288726495
TURKSAT-3USAT           
1 39152U 13018C   26273.77887860  .00001349  00000+0  12240-3 0  9992
2 39152  97.7900   4.1900 0012810 107.1940 253.0685 14.96947190726882
CUBEBUG-1 (CAPITAN BETO)
1 39153U 13018D   26273.40306737  .00001992  00000+0  17479-3 0  9995
2 39153  98.1780  78.1547 0012308 154.2722 205.9113 14.97813456726818
PROBA-V                 
1 39159U 13021A   26273.75635719  .00000020  00000+0  27025-4 0  9998
2 39159  98.3733 247.2202 0004185 167.6659 192.4623 14.23615290696134
ESTCUBE 1               
1 39161U 13021C   26273.69075054  .00000703  00000+0  95702-4 0  9999
2 39161  97.7177 324.1230 0008917  39.1184 321.0672 14.81643955720642
ARIRANG-5 (KOMPSAT-5)   
1 39227U 13042A   26273.98113705  .00001924  00000+0  14167-3 0  9994
2 39227  97.6214  99.2129 0004505 115.1279 245.0415 15.04516892719768
GONETS-M 5              
1 39249U 13048A   26273.96801052  .00000101  00000+0  66069-3 0  9995
2 39249  82.4768 277.4343 0016256 347.1134  12.9528 12.42895302592028
GONETS-M 7              
1 39251U 13048C   26274.00953104  .00000015  00000+0  33924-4 0  9999
2 39251  82.4836 280.3880 0017068 347.9482  12.1187 12.42918192591982
FENGYUN 3C              
1 39260U 13052A   26273.98279038  .00000033  00000+0  37767-4 0  9996
2 39260  98.5138 243.0691 0015812  79.5509 280.7447 14.15774444673530
CASSIOPE                
1 39265U 13055A   26273.92768124  .00025607 -76350-6  24990-3 0  9993
2 39265  80.9103 297.5876 0265689  64.1458 298.6916 15.32621418683827
APRIZESAT 7             
1 39416U 13066A   26273.80540877  .00000693  00000+0  73706-4 0  9992
2 39416  97.7832 225.5813 0034594 219.3747 140.4957 14.91773927696972
ZACUBE-1 (TSHEPISOSAT)  
1 39417U 13066B   26273.83288653  .00002282  00000+0  17688-3 0  9999
2 39417  97.8188 236.7493 0037745 257.6226 102.0772 15.01918162696584
APRIZESAT 8             
1 39425U 13066K   26273.60140374  .00000609  00000+0  71790-4 0  9996
2 39425  97.8324 219.6558 0044461 300.1253  59.5560 14.87819456695347
CINEMA-3 (KHUSAT-2)     
1 39426U 13066L   26273.72552590  .00000592  00000+0  83206-4 0  9993
2 39426  97.8317 183.1275 0088293 229.5737 129.7750 14.78525818690042
TRITON-1                
1 39427U 13066M   26273.90061270  .00001038  00000+0  12908-3 0  9990
2 39427  97.8144 181.2647 0087725 249.4226 109.7560 14.82093409689749
DELFI-N3XT              
1 39428U 13066N   26273.74853681  .00002453  00000+0  21202-3 0  9997
2 39428  97.8310 194.0203 0071356 214.0698 145.5933 14.96225912690407
GOMX-1                  
1 39430U 13066Q   26273.99336221  .00000982  00000+0  15228-3 0  9999
2 39430  97.6419 107.7860 0129393  97.2531 264.3405 14.69736854685455
BRITE-PL1 (LEM)         
1 39431U 13066R   26273.80790798  .00000247  00000+0  58376-4 0  9999
2 39431  97.8025  18.6143 0190480  42.9658 318.6238 14.51471366679250
ICUBE-1                 
1 39432U 13066S   26273.69452036  .00007852  00000+0  28794-3 0  9996
2 39432  97.5805 260.9221 0014066 326.8832  33.1525 15.28176031700514
VELOX-PII               
1 39438U 13066Y   26273.83571218  .00001640  00000+0  15715-3 0  9990
2 39438  97.8865 225.4121 0052291 354.5818   5.4828 14.93582876693606
CUBEBUG-2 (LO-74)       
1 39440U 13066AA  26273.61121931  .00002834  00000+0  26053-3 0  9995
2 39440  97.9015 223.1329 0058005  39.0422 321.4963 14.94356350692738
NEE-02 KRYSAOR          
1 39441U 13066AB  26273.80220394  .00001176  00000+0  13251-3 0  9994
2 39441  97.8961 212.3194 0067185  83.3234 277.5622 14.86947772691894
FUNCUBE-1 (AO-73)       
1 39444U 13066AE  26273.41133302  .00003883  00000+0  23509-3 0  9990
2 39444  97.8411 247.2263 0034499 202.6788 157.2919 15.10744980695546
HINCUBE                 
1 39445U 13066AF  26273.72717222  .00003566  00000+0  22455-3 0  9991
2 39445  97.8109 243.9973 0031226 208.9304 151.0195 15.09462182695446
UWE-3                   
1 39446U 13066AG  26273.66802248  .00002087  00000+0  17969-3 0  9999
2 39446  97.8823 230.5612 0047864 329.1491  30.6920 14.97652521693361
SMDC ONE 2.4            
1 39469U 13072H   26273.27464332  .00010964  00000+0  38543-3 0  9990
2 39469 120.4903  38.6728 0140795 127.8230 233.5680 15.21214203133808
CP8 (IPEX)              
1 39471U 13072K   26273.92809260  .00007166  00000+0  33167-3 0  9995
2 39471 120.4645 340.6094 0168711 110.9662 250.9547 15.09778555131192
COSMOS 2488 (RODNIK-S 7)
1 39483U 13076A   26273.97015361 -.00000095  00000+0 -75264-3 0  9998
2 39483  82.4787 102.7818 0018695 224.4801 135.4779 12.42908022579032
COSMOS 2489 (RODNIK-S 8)
1 39484U 13076B   26273.94756447  .00000004  00000+0 -38190-4 0  9990
2 39484  82.4824 104.2107 0020511 224.5326 135.4106 12.42883055579083
COSMOS 2490 (RODNIK-S 9)
1 39485U 13076C   26273.91954775 -.00000048  00000+0 -41456-3 0  9999
2 39485  82.4771 102.2479 0020647 241.0669 118.8340 12.42881296579012
AIST-1 (RS41)           
1 39492U 13078C   26273.96110008  .00000388  00000+0  31981-4 0  9995
2 39492  82.4183 168.4010 0015199 285.6867  74.2677 14.96304727691060
KAZEOSAT 1              
1 39731U 14024A   26273.97385902 -.00000111  00000+0 -20774-4 0  9995
2 39731  98.3112 343.7332 0001451  86.5600 273.5756 14.42066866653800
COSMOS 2496 (RODNIK-S *)
1 39761U 14028A   26273.95751381 -.00000117  00000+0 -91744-3 0  9998
2 39761  82.4474  42.4574 0019836 206.8168 153.1888 12.42880890560659
COSMOS 2497 (RODNIK-S *)
1 39762U 14028B   26273.93143979 -.00000078  00000+0 -63086-3 0  9999
2 39762  82.4520  44.2033 0020427 201.8405 158.1806 12.42897465560650
COSMOS 2498 (RODNIK-S *)
1 39763U 14028C   26273.98223712 -.00000123  00000+0 -95726-3 0  9996
2 39763  82.4483  42.6135 0021160 201.3864 158.6333 12.42982966560698
COSMOS 2499 (RS47)      
1 39765U 14028E   26273.95287336  .00000049  00000+0  13308-3 0  9998
2 39765  82.4536 181.0718 0232407 113.1587 249.4184 12.82905173578583
HODOYOSHI-4             
1 40011U 14033B   26273.92947488  .00001328  00000+0  14860-3 0  9993
2 40011  97.5479  93.6945 0022555 318.1188  41.8303 14.88337292664534
UNISAT-6                
1 40012U 14033C   26273.67590509  .00001040  00000+0  11531-3 0  9997
2 40012  97.8026  64.6583 0045905  81.0071 279.6338 14.88688414661859
DEIMOS-2                
1 40013U 14033D   26273.94906777  .00000836  00000+0  83626-4 0  9993
2 40013  97.5643 144.6413 0001798  52.5508 307.5876 14.93958721653512
BUGSAT-1 (TITA)         
1 40014U 14033E   26273.96821806  .00002137  00000+0  11268-3 0  9993
2 40014  98.0425  12.7749 0027331 176.7636 183.3777 15.16489818671866
SAUDISAT 4              
1 40016U 14033G   26273.61719077  .00000355  00000+0  53300-4 0  9997
2 40016  97.7745  56.2136 0046116  90.3687 270.2809 14.79655627661661
APRIZESAT 9             
1 40018U 14033J   26273.61143150  .00000384  00000+0  63902-4 0  9993
2 40018  97.9213  44.3298 0065120 220.5034 139.1318 14.74319579659091
BRITE-CA1 (TORONTO)     
1 40020U 14033L   26273.61765001  .00000411  00000+0  69503-4 0  9995
2 40020  97.9882  40.6923 0077186 299.8858  59.4697 14.72828672657738
NANOSATC-BR1            
1 40024U 14033Q   26273.55516637  .00008829  00000+0  26714-3 0  9998
2 40024  98.0621 315.4893 0004190 157.4335 202.7091 15.34461961670120
QB50P1                  
1 40025U 14033R   26273.61587248  .00003584  00000+0  17187-3 0  9999
2 40025  98.0956 292.2719 0007526 215.1736 144.9001 15.19613632669037
DTUSAT-2                
1 40030U 14033W   26273.73927601  .00003051  00000+0  16201-3 0  9994
2 40030  98.0924 278.3019 0006396 226.0718 133.9986 15.16171179668672
QB50P2                  
1 40032U 14033Y   26273.98647219  .00003145  00000+0  16604-3 0  9998
2 40032  98.0813 277.5915 0007663 161.9491 198.2014 15.16336573668699
PERSEUS-M1              
1 40039U 14033AF  26273.53130969  .00001449  00000+0  13487-3 0  9996
2 40039  97.9741 219.4563 0010260 313.1865  46.8497 14.95914587666381
POLYITAN-1              
1 40042U 14033AJ  26273.65898596  .00010070  00000+0  28444-3 0  9999
2 40042  98.0861 310.1484 0007709 131.4408 228.7497 15.36566596669775
TIGRISAT                
1 40043U 14033AK  26273.41035195  .00001119  00000+0  13305-3 0  9996
2 40043  97.7984  61.1306 0050303  89.4245 271.2734 14.85478827661246
AISAT                   
1 40054U 14034B   26273.74316930  .00005870  00000+0  35930-3 0  9990
2 40054  98.2328 193.9540 0007445 219.4557 140.6130 15.10628794663138
CANX-4                  
1 40055U 14034C   26273.66033168  .00000469  00000+0  67230-4 0  9999
2 40055  98.2935 152.7581 0013545  36.5512 323.6622 14.81413285660149
CANX-5                  
1 40056U 14034D   26273.92769894  .00000451  00000+0  64861-4 0  9999
2 40056  98.2937 153.0847 0013554  35.9664 324.2457 14.81430927650999
VELOX-I                 
1 40057U 14034E   26273.97648668  .00003815  00000+0  32271-3 0  9996
2 40057  98.2450 184.9824 0004705 291.5276  68.5443 14.98699546662443
GONETS-M 10             
1 40063U 14036C   26273.91892634 -.00000016  00000+0 -18487-3 0  9998
2 40063  82.5079 241.9879 0020523 272.5632  87.3099 12.42947888555380
METEOR-M 2              
1 40069U 14037A   26273.94087743 -.00000334  00000+0 -13337-3 0  9997
2 40069  98.5266 246.0035 0006980  88.1851 272.0126 14.21485618634341
DX1                     
1 40071U 14037C   26273.92008204  .00000601  00000+0  68455-4 0  9990
2 40071  98.4006 242.1306 0006003 295.3291  64.7303 14.90247602661853
UKUBE-1                 
1 40074U 14037F   26273.76306920  .00003329  00000+0  18311-3 0  9996
2 40074  98.4256 288.2670 0002349 130.7105 229.4329 15.14901454664538
GAOFEN-2                
1 40118U 14049A   26273.98305649 -.00000391  00000+0 -43577-4 0  9990
2 40118  97.9998 338.0321 0005960 247.7382 112.3198 14.81011486654891
BRITE-PL2 (HEWELIUSZ)   
1 40119U 14049B   26273.80675130  .00001326  00000+0  12686-3 0  9990
2 40119  97.9184  26.6919 0015224 116.6000 243.6782 14.94898442657223
CBERS 4                 
1 40336U 14079A   26273.98354558 -.00000051  00000+0 -30341-5 0  9997
2 40336  98.3412 327.4333 0001970  79.6649 280.4759 14.35515851619131
SMAP                    
1 40376U 15003A   26273.85780312  .00000177  00000+0  43351-4 0  9997
2 40376  98.1316 279.4759 0001445  88.9899 271.1468 14.63379627623073
GONETS-M 11             
1 40552U 15020A   26273.94315366  .00000160  00000+0  10826-2 0  9996
2 40552  82.4881 325.1076 0017298 130.0738 230.1862 12.42882087521879
GONETS-M 12             
1 40553U 15020B   26273.91555218  .00000017  00000+0  50103-4 0  9991
2 40553  82.4917 326.2764 0016365 115.7208 244.5563 12.42893973521864
GONETS-M 13             
1 40554U 15020C   26273.97079888  .00000169  00000+0  11472-2 0  9994
2 40554  82.4875 324.8257 0015047 101.4428 258.8342 12.42888081521846
DMC3-FM1                
1 40715U 15032A   26273.93837659 -.00000049  00000+0  19611-6 0  9995
2 40715  97.6283 134.8855 0007072  68.2804 291.9164 14.85829584605616
DMC3-FM2                
1 40716U 15032B   26273.95991014  .00000105  00000+0  17981-4 0  9992
2 40716  97.6332 136.5498 0007546  72.7956 287.4086 14.85837310605617
DMC3-FM3                
1 40717U 15032C   26273.91670421  .00000701  00000+0  86493-4 0  9991
2 40717  97.6380 138.3257 0006785  73.5233 286.6728 14.85826620605611
CARBONITE 1 (CBNT-1)    
1 40718U 15032D   26273.92711817  .00001380  00000+0  17229-3 0  9992
2 40718  97.6570  87.6368 0013377 311.9956  48.0118 14.83859133605029
DEORBITSAIL             
1 40719U 15032E   26273.83944061  .00002792  00000+0  20039-3 0  9993
2 40719  97.5748 128.7023 0011050 232.8734 127.1483 15.05088627607137
2015-049G               
1 40905U 15049G   26273.91207252  .00044004  00000+0  28259-3 0  9995
2 40905  97.4400 325.0012 0005013 159.7596 200.3869 15.76116882613045
LILACSAT-2              
1 40908U 15049K   26273.93480950  .00010955  00000+0  16630-3 0  9996
2 40908  97.4530 314.9866 0005454 209.7580 150.3364 15.54760520612160
COSMOS 2507 (RODNIK-S *)
1 40920U 15050A   26273.92139554 -.00000027  00000+0 -26700-3 0  9992
2 40920  82.4985  13.8283 0010841 118.7943 241.4227 12.42929328499999
COSMOS 2508 (RODNIK-S *)
1 40921U 15050B   26273.95789243 -.00000044  00000+0 -38664-3 0  9993
2 40921  82.4938  12.2712 0014976 150.5253 209.6675 12.42917834499980
COSMOS 2509 (RODNIK-S *)
1 40922U 15050C   26273.98083588 -.00000046  00000+0 -40039-3 0  9997
2 40922  82.4946  12.3702 0015128 167.1858 192.9609 12.42886675500022
LQSAT                   
1 40958U 15057A   26273.96874374  .00000064  00000+0  16042-4 0  9998
2 40958  97.6791 262.1682 0015593 291.6038  68.3511 14.76887704590927
LINGQIAO VIDEO A        
1 40959U 15057B   26273.94558968  .00000515  00000+0  78981-4 0  9996
2 40959  97.6725 263.5905 0015272 288.0057  71.9490 14.77507318591022
LINGQIAO VIDEO B        
1 40960U 15057C   26273.98228666 -.00000248  00000+0 -27800-4 0  9990
2 40960  97.6685 264.7584 0015447 287.9074  72.0453 14.77614070591076
JILIN-1                 
1 40961U 15057D   26273.94783195  .00000316  00000+0  50094-4 0  9995
2 40961  97.6592 268.1149 0015405 280.4493  79.4983 14.78290791591234
FOX-1A (AO-85)          
1 40967U 15058D   26273.50769389  .00001166  00000+0  11183-3 0  9992
2 40967  64.7738 311.5380 0140023  17.4019 343.1820 14.91432000129272
SINOD-D 1               
1 40968U 15058E   26273.41349992  .00002177  00000+0  17526-3 0  9997
2 40968  64.7735 289.1847 0128806  13.5867 346.8660 14.96571645132406
ELEKTRO-L 2             
1 41105U 15074A   26273.25333978 -.00000113  00000+0  00000+0 0  9992
2 41105   6.9509  69.1854 0002424 192.0357 184.4928  1.00271341 39562
DAMPE                   
1 41173U 15078A   26273.99117387  .00000790  00000+0  28915-4 0  9996
2 41173  97.4598 280.0196 0013592  63.7002 296.5633 15.31007393600736
ORBCOMM FM114           
1 41179U 15081A   26273.58169891  .00000226  00000+0  84035-4 0  9997
2 41179  47.0039 223.6705 0003094 312.7265  47.3360 14.58954371573144
ORBCOMM FM110           
1 41182U 15081D   26273.56748739  .00000250  00000+0  88915-4 0  9991
2 41182  47.0011 223.1214 0002861 218.2688 141.7995 14.58978697573014
ORBCOMM FM112           
1 41184U 15081F   26272.98979116  .00000245  00000+0  87838-4 0  9990
2 41184  46.9978 134.6272 0003029 326.0857  33.9835 14.58972536574257
ORBCOMM FM113           
1 41185U 15081G   26273.85994321  .00000128  00000+0  63317-4 0  9999
2 41185  46.9996 130.9395 0001837 324.2062  35.8700 14.58943540574363
ORBCOMM FM108           
1 41187U 15081J   26273.40893910  .00000166  00000+0  71114-4 0  9990
2 41187  47.0054  44.6576 0002448 304.2615  55.8038 14.58990450575443
ORBCOMM FM117           
1 41188U 15081K   26273.64941698  .00000170  00000+0  72002-4 0  9996
2 41188  47.0019  42.1314 0002767 313.8138  46.2519 14.58973074575528
ORBCOMM FM116           
1 41189U 15081L   26273.90375476  .00000223  00000+0  83207-4 0  9999
2 41189  47.0011 130.7294 0001396 199.8495 160.2337 14.58975352574375
CHUBUSAT-2              
1 41338U 16012B   26273.90500038  .00003136  00000+0  12983-3 0  9992
2 41338  30.9981 347.1088 0008477  81.5888 278.5714 15.21795552584537
CHUBUSAT-3              
1 41339U 16012C   26273.54219944  .00002458  00000+0  10858-3 0  9991
2 41339  31.0056   1.6874 0008710  60.8473 299.3039 15.19298126584238
ZIYUAN 3-02 (ZY 3-02)   
1 41556U 16033A   26273.95518573  .00002567  00000+0  11744-3 0  9996
2 41556  97.3745 347.6412 0011484 290.8793  69.1213 15.21377517574064
CARTOSAT-2C             
1 41599U 16040A   26273.97004101  .00001910  00000+0  93797-4 0  9990
2 41599  97.4364 332.4212 0009893 120.8659 239.3550 15.19239090569770
LAPAN-A3                
1 41603U 16040E   26273.97251500  .00002163  00000+0  68662-4 0  9997
2 41603  97.1582 266.7374 0010167   6.5213 353.6160 15.33678241571024
GAOFEN-3                
1 41727U 16049A   26273.95449149 -.00000192  00000+0 -44960-4 0  9996
2 41727  98.4050 280.1632 0001094 101.0433 259.0879 14.42209920533898
PRATHAM                 
1 41783U 16059A   26273.74224388  .00000315  00000+0  63784-4 0  9992
2 41783  97.8417 266.0175 0029853 241.3613 118.4589 14.67309665534998
ALSAT-1N                
1 41789U 16059G   26273.93821471  .00000365  00000+0  69367-4 0  9993
2 41789  97.8072 272.6236 0024927 207.0752 152.9156 14.69449727535532
CAS-2T & KS-1Q          
1 41847U 16066G   26273.78385497  .00000841  00000+0  12609-3 0  9997
2 41847  98.3735 348.2953 0341442 168.9089 191.9881 14.44871578520041
YUNHAI-1 01             
1 41857U 16068A   26273.97717975 -.00000001  00000+0  15757-4 0  9998
2 41857  98.5864 284.0123 0004193  81.6450 278.5209 14.32521867516978
RESOURCESAT-2A          
1 41877U 16074A   26273.99621124 -.00000289  00000+0 -11153-3 0  9993
2 41877  98.7440 346.5869 0003074 120.1588 239.9894 14.21614470509335
TANSAT                  
1 41898U 16081A   26273.92817376  .00000009  00000+0  12424-4 0  9994
2 41898  98.5422 277.3466 0020289 346.1848  13.8793 14.60009350520053
JILIN-1 03              
1 41914U 17002B   26273.94413536  .00007981  00000+0  17751-3 0  9992
2 41914  97.1979 279.7355 0007030 132.7310 227.4532 15.43892139538161
CARTOSAT-2D             
1 41948U 17008A   26273.93482087  .00001456  00000+0  72214-4 0  9998
2 41948  97.3990 331.1938 0003777 223.3392 136.7546 15.19292547533638
CARTOSAT-2E             
1 42767U 17036C   26273.95314337  .00002061  00000+0  10105-3 0  9996
2 42767  97.4158 331.9403 0002501 325.0506  35.0564 15.19232916514208
D-SAT                   
1 42794U 17036AF  26273.45492798  .00002520  00000+0  11653-3 0  9998
2 42794  97.5692 252.2555 0080316 155.1177 205.3963 15.18262648506829
IRIDIUM 113             
1 42803U 17039A   26273.73036019  .00000014  00000+0 -21506-5 0  9990
2 42803  86.3910 278.0528 0002231  90.1823 269.9628 14.34217554486319
NORSAT 2                
1 42828U 17042D   26273.75302001  .00006009  00000+0  25276-3 0  9995
2 42828  97.4115  85.7212 0010019  46.2071 313.9993 15.23725625503800
TECHNOSAT               
1 42829U 17042E   26273.88149565  .00001270  00000+0  92166-4 0  9992
2 42829  97.4430  67.6499 0019221  92.9526 267.3901 15.05478064502604
FLYING LAPTOP           
1 42831U 17042G   26273.95152495  .00001191  00000+0  95950-4 0  9995
2 42831  97.5028  65.7345 0018447 118.6313 241.6770 15.01647181502321
WNISAT 1R               
1 42835U 17042L   26273.88796614  .00001302  00000+0  10330-3 0  9990
2 42835  97.4965  66.2939 0010226 126.9439 233.2724 15.02147539502371
LEMUR-2-GREENBERG       
1 42837U 17042N   26273.77587611  .00009775  00000+0  29622-3 0  9991
2 42837  97.3863  94.1982 0007836 356.1711   3.9470 15.34321840504567
LEMUR-2-FURIAUS         
1 42840U 17042R   26273.44635505  .00010602  00000+0  33036-3 0  9990
2 42840  97.3807  91.5902 0007528  52.6487 307.5440 15.33412915504325
CORVUS BC2              
1 42846U 17042X   26273.66593418  .00002169  00000+0  14920-3 0  9996
2 42846  97.4195  71.0439 0014085 109.1527 251.1227 15.06838328502942
CORVUS BC1              
1 42847U 17042Y   26273.38374573  .00002012  00000+0  13818-3 0  9997
2 42847  97.4229  71.6523 0013210  88.5620 271.7121 15.06991270502930
VRSS-2                  
1 42954U 17060A   26272.35592397  .00000098  00000+0  20629-4 0  9999
2 42954  98.1221 306.2741 0011782 115.7537 244.4891 14.78846122483875
MOHAMMED VI-A           
1 43005U 17070A   26273.95599483  .00000084  00000+0  19064-4 0  9994
2 43005  97.9465 344.7748 0001283  80.0455 280.0900 14.77082029479590
FENGYUN 3D              
1 43010U 17072A   26273.99980240  .00000039  00000+0  40109-4 0  9995
2 43010  99.0273 250.4020 0002462  95.9669 264.1787 14.19757387460008
CZ-4C R/B               
1 43012U 17072C   26273.80467527  .00000279  00000+0  64841-4 0  9990
2 43012  98.5872  25.3074 0122199 186.0769 173.8954 14.58850945472035
NOAA 20 (JPSS-1)        
1 43013U 17073A   26273.94172375  .00000045  00000+0  42481-4 0  9998
2 43013  98.7842 212.4898 0000919  33.5164 326.6070 14.19528397459478
MAKERSAT 0              
1 43016U 17073D   26273.65925461  .00011426  00000+0  28126-3 0  9995
2 43016  97.4429 157.1791 0096082 256.4050 102.6478 15.36035536482637
RADFXSAT (FOX-1B)       
1 43017U 17073E   26273.93100992  .00004386  00000+0  18807-3 0  9993
2 43017  97.4519 138.9853 0145690 323.6165  35.5230 15.14119664481380
JILIN-1 04              
1 43022U 17074A   26273.94017425  .00008664  00000+0  18612-3 0  9996
2 43022  97.4930  26.6102 0004070 157.5876 202.5551 15.44932300490589
JILIN-1 05              
1 43023U 17074B   26273.88367260  .00005007  00000+0  14831-3 0  9992
2 43023  97.4921  21.6117 0004419 198.8390 161.2691 15.35337885490210
JILIN-1 06              
1 43024U 17074C   26273.88107535  .00003371  00000+0  10249-3 0  9991
2 43024  97.4838  18.4486 0005917 212.8130 147.2746 15.34752056490040
IRIDIUM 116             
1 43072U 17083C   26273.98406391 -.00000010  00000+0 -10676-4 0  9991
2 43072  86.3902 277.7610 0001907  93.3884 266.7530 14.34217292459336
IRIDIUM 130             
1 43073U 17083D   26273.74304448  .00000034  00000+0  49272-5 0  9995
2 43073  86.3910 278.1479 0002051  88.9680 271.1751 14.34217328459244
LKW-2                   
1 43080U 17084A   26273.92853880  .00002425  00000+0  92682-4 0  9991
2 43080  97.1095 308.8149 0001486 159.5626 200.5674 15.27505885487823
SUPERVIEW-1 03          
1 43099U 18002A   26273.95446881  .00010757  00000+0  24273-3 0  9991
2 43099  97.3073 358.8355 0044063 157.1372 203.1850 15.42353477484653
CARTOSAT-2F             
1 43111U 18004A   26273.98725811  .00000989  00000+0  50143-4 0  9996
2 43111  97.4670 332.5170 0000404 194.1328 165.9895 15.19243230483392
LKW-3                   
1 43146U 18006A   26273.96982034  .00008968  00000+0  24964-3 0  9992
2 43146  97.6722  78.9087 0001852 307.3117  52.7958 15.37064593484959
ASNARO-2                
1 43152U 18007A   26274.00732773  .00003645  00000+0  16081-3 0  9997
2 43152  97.4003 279.2943 0001713  85.2048 274.9384 15.22399713483515
JILIN-1 07              
1 43159U 18008E   26273.92565056  .00004796  00000+0  13798-3 0  9993
2 43159  97.1746 291.1347 0009346  47.6660 312.5375 15.36207950481227
JILIN-1 08              
1 43160U 18008F   26273.87902534  .00003459  00000+0  10460-3 0  9993
2 43160  97.1790 290.2707 0007724  63.5412 296.6624 15.34844997481155
S-NET D                 
1 43186U 18014G   26273.79531379  .00002579  00000+0  13204-3 0  9995
2 43186  97.5242 177.9173 0008684  24.1045 336.0593 15.17492910474777
S-NET B                 
1 43187U 18014H   26273.67704307  .00002769  00000+0  14161-3 0  9990
2 43187  97.5248 177.7893 0009152  19.5761 340.5822 15.17460135474752
S-NET A                 
1 43188U 18014J   26273.72766662  .00002548  00000+0  13041-3 0  9990
2 43188  97.5257 178.0690 0009062  20.1619 339.9970 15.17501610474763
S-NET C                 
1 43189U 18014K   26273.68156246  .00002776  00000+0  14195-3 0  9991
2 43189  97.5277 178.1142 0010189  12.0743 348.0732 15.17450670473304
PAZ                     
1 43215U 18020A   26273.95736633  .00001310  00000+0  65572-4 0  9991
2 43215  97.4468 279.8465 0001728  87.4773 272.6659 15.19145377477064
GOES 17                 
1 43226U 18022A   26273.88006116 -.00000182  00000+0  00000+0 0  9990
2 43226   1.2023  83.8922 0001382 153.3012 359.7716  1.00269993 31481
LKW-4                   
1 43236U 18025A   26273.46597290  .00042807  00000+0  33267-3 0  9990
2 43236  97.6366  93.3710 0001935 262.9676  97.1367 15.71671495476518
ZHUHAI-1 OVS-02         
1 43440U 18040B   26273.96046281  .00002930  00000+0  11602-3 0  9990
2 43440  97.0378 284.9950 0002078 212.6265 147.4846 15.26157047468841
ZHUHAI-1 OHS-02         
1 43441U 18040C   26274.01393666  .00003128  00000+0  12017-3 0  9991
2 43441  97.0331 292.0802 0008233 202.4545 157.6336 15.27097049130427
GAOFEN-6                
1 43484U 18048A   26273.99907669 -.00000031  00000+0  31531-5 0  9991
2 43484  98.0858 336.8404 0010435 183.5852 176.5285 14.76451082449005
LUOJIA-1 01             
1 43485U 18048B   26273.99081469  .00000980  00000+0  11379-3 0  9991
2 43485  97.8030 350.4571 0010016 127.3656 232.8474 14.87592083449943
PAKTES 1A               
1 43529U 18056A   26273.91969036  .00001274  00000+0  10873-3 0  9991
2 43529  98.1383  75.0250 0023147 123.6822 236.6612 14.99454860447761
PRSS-1                  
1 43530U 18056B   26273.98599876 -.00000316  00000+0 -33393-4 0  9992
2 43530  97.7712 338.8729 0001614  77.5088 282.6306 14.82113709444103
HAIYANG-1C              
1 43609U 18068A   26273.94284611 -.00000040  00000+0  11424-5 0  9991
2 43609  98.5094 344.6635 0011795 135.7043 224.5088 14.34141668422247
SSTL S1-4               
1 43618U 18071A   26273.86145370  .00001048  00000+0  91290-4 0  9990
2 43618  97.4856 141.0444 0007657 225.1065 134.9538 14.98916707438748
HAIYANG-2B              
1 43655U 18081A   26273.92451737 -.00000167  00000+0 -11968-3 0  9992
2 43655  99.3320 281.0989 0001514  43.7852 316.3420 13.79306196399508
CZ-4B R/B               
1 43656U 18081B   26273.76988131  .00000104  00000+0  48797-4 0  9998
2 43656  99.3658 200.0842 0204158 322.8384  35.8810 14.31897753414419
CFOSAT                  
1 43662U 18083A   26274.00354514  .00001761  00000+0  93870-4 0  9999
2 43662  97.3660 275.4454 0003127  97.1249 263.0340 15.16446291438473
TEN-KOH                 
1 43677U 18084G   26273.76922173  .00001847  00000+0  14107-3 0  9990
2 43677  98.0711 110.5985 0010184 122.2862 237.9350 15.03287266432021
DIWATA-2B               
1 43678U 18084H   26273.99090807  .00000968  00000+0  81382-4 0  9999
2 43678  98.1153 114.8555 0012768 175.5989 184.5348 15.00766424432089
STARS-AO                
1 43679U 18084J   26273.57191322  .00002950  00000+0  14876-3 0  9994
2 43679  98.0342 134.0489 0002791 134.1665 225.9797 15.18026414433453
AUTCUBE 2               
1 43681U 18084K   26273.83145163  .00001310  00000+0  83424-4 0  9993
2 43681  98.0585 125.6040 0009987  50.8037 309.4077 15.10667652432876
METOP-C                 
1 43689U 18087A   26273.93114106  .00000035  00000+0  35994-4 0  9990
2 43689  98.7314 331.7148 0000349  93.2574 266.8643 14.21475513409851
ES'HAIL 2               
1 43700U 18090A   26273.83161427  .00000144  00000+0  00000+0 0  9991
2 43700   0.0137 240.4628 0001246 328.9820 125.3208  1.00271942 28735
MOHAMMED VI-B           
1 43717U 18095A   26273.98981263 -.00000009  00000+0  58288-5 0  9996
2 43717  97.9463 344.8002 0001436 100.5909 259.5463 14.77106191423809
HYSIS                   
1 43719U 18096A   26273.91252065  .00000065  00000+0  15960-4 0  9993
2 43719  97.9736 339.7700 0001666 107.7514 252.3879 14.78671020423045
COSMOS 2530 (RODNIK-S *)
1 43751U 18097A   26273.90878731  .00000045  00000+0  25554-3 0  9990
2 43751  82.5169 156.6885 0019081 162.0484 198.1274 12.42883708355420
COSMOS 2531 (RODNIK-S *)
1 43752U 18097B   26274.00887373  .00000067  00000+0  40832-3 0  9995
2 43752  82.5216 157.7207 0015889 180.9436 179.1617 12.42915334355456
COSMOS 2532 (RODNIK-S *)
1 43753U 18097C   26273.95687523 -.00000006  00000+0 -11553-3 0  9997
2 43753  82.5158 156.4908 0017223 183.6786 176.4170 12.42912092355416
MINXSS-2                
1 43758U 18099A   26273.73342370  .00028177  00000+0  42823-3 0  9999
2 43758  97.4428 353.6341 0005995 225.5461 134.5302 15.54510763430485
SIRION PATHFINDER-2     
1 43759U 18099B   26273.86356776  .00002168  00000+0  11861-3 0  9999
2 43759  97.4136 320.3995 0007087 298.0349  62.0166 15.15289761428626
AISTECHSAT 2            
1 43768U 18099L   26273.70289643  .00002308  00000+0  12245-3 0  9993
2 43768  97.4177 319.4296 0003079 302.6674  57.4261 15.16333009428264
FOX-1CLIFF (AO-95)      
1 43770U 18099N   26273.72718044  .00005843  00000+0  21209-3 0  9997
2 43770  97.4261 333.6667 0007398 344.7923  15.3093 15.28679467429332
RANGE-A                 
1 43773U 18099R   26273.87511859  .00002166  00000+0  12235-3 0  9995
2 43773  97.3862 313.3586 0009588 350.9148   9.1909 15.14120820428488
SNUSAT-2                
1 43782U 18099AA  26273.94677931  .00004089  00000+0  17567-3 0  9996
2 43782  97.3937 325.7420 0008324 286.2711  73.7610 15.23213501429126
SNUGLITE                
1 43784U 18099AC  26273.89160378  .00006053  00000+0  21679-3 0  9996
2 43784  97.3744 327.2134 0001054 266.8419  93.2701 15.29122449429466
ITASAT                  
1 43786U 18099AE  26273.70658928  .00003055  00000+0  14409-3 0  9993
2 43786  97.3907 323.1287 0011630 351.5364   8.5673 15.20165823428937
EAGLET-I                
1 43790U 18099AJ  26273.65200632  .00001531  00000+0  88829-4 0  9992
2 43790  97.4113 320.5086 0010460 349.5992  10.5021 15.13590621428282
ESEO                    
1 43792U 18099AL  26273.80523021  .00000100  00000+0  11270-4 0  9998
2 43792  97.3880 306.6394 0011295 341.4129  18.6683 15.04495933427687
THEA                    
1 43796U 18099AQ  26273.75534841  .00010670  00000+0  28427-3 0  9992
2 43796  97.4331 344.6724 0005459 261.9031  98.1595 15.38347386428901
ASTROCAST 0.1           
1 43798U 18099AS  26273.72531481  .00031433  00000+0  43391-3 0  9995
2 43798  97.4289 356.0450 0004036 186.1793 173.9413 15.57121626430813
JY1SAT (JO-97)          
1 43803U 18099AX  26273.94619808  .00009777  00000+0  27460-3 0  9991
2 43803  97.4004 337.3178 0004099 239.7063 120.3776 15.36736973429852
SUOMI-100               
1 43804U 18099AY  26273.66537176  .00006420  00000+0  21959-3 0  9997
2 43804  97.4064 333.7640 0007913 263.3216  96.7124 15.30580008429543
CENTAURI-1              
1 43809U 18099BD  26273.88830832  .00002758  00000+0  14170-3 0  9998
2 43809  97.4098 323.3366 0012709 325.8373  34.2042 15.17251507428529
GLOBAL-2                
1 43812U 18099BG  26273.64659566  .00001650  00000+0  10770-3 0  9991
2 43812  97.3475 305.7627 0006824 139.8764 220.2971 15.09156769427817
SEAHAWK-1               
1 43820U 18099BQ  26273.94180389  .00004267  00000+0  17751-3 0  9998
2 43820  97.3834 324.8599 0006433 302.5396  57.5219 15.24288657428637
SAUDISAT 5A             
1 43831U 18102A   26273.95614818  .00002835  00000+0  10330-3 0  9990
2 43831  97.2944 333.4948 0010959 115.0943 245.1436 15.28949515431830
SAUDISAT 5B             
1 43833U 18102C   26273.95890023  .00002715  00000+0  98412-4 0  9991
2 43833  97.3058 336.7590 0011642 117.2463 242.9965 15.29161002431952
2018-102D               
1 43834U 18102D   26273.92560179  .00213490  19046-4  64398-3 0  9999
2 43834  97.3325   9.4243 0002866 266.8603  93.2344 15.92192942433917
UWE-4                   
1 43880U 18111E   26273.74671984  .00028695  00000+0  46310-3 0  9997
2 43880  97.5832 207.5124 0003727 325.1716  34.9292 15.52857828427120
JILIN-1 09              
1 43943U 19005B   26273.90771874  .00002364  00000+0  10888-3 0  9993
2 43943  97.4734   8.0202 0003674  87.7703 272.3953 15.21279818425212
JILIN-1 10              
1 43946U 19005E   26273.87936549  .00003191  00000+0  12430-3 0  9998
2 43946  97.4804  12.7691 0006493 264.6174  95.4324 15.26708151425439
EGYPTSAT-A (MISRSAT-A)  
1 44047U 19008A   26273.95861263  .00000270  00000+0  50451-4 0  9994
2 44047  98.0084 337.2422 0001099  98.9377 261.1954 14.72302779408805
EMISAT                  
1 44078U 19018A   26273.90922694 -.00000020  00000+0  72254-5 0  9990
2 44078  98.4531 332.0643 0017149 258.8122 101.1141 14.43672118395313
JILIN-1 GAOFEN 3A       
1 44312U 19032C   26273.99320287  .00006126  00000+0  18780-3 0  9990
2 44312  44.9733 133.6937 0007845 214.3368 145.7011 15.34672599404085
WT 1B                   
1 44316U 19032G   26273.96864747  .00005578  00000+0  20431-3 0  9991
2 44316  44.9710 202.6965 0009942 142.1489 218.0095 15.29038462403268
PROX-1                  
1 44339U 19036A   26273.87920124  .00007803  00000+0  70813-3 0  9994
2 44339  23.9931 126.9825 0005196 182.2360 177.8117 14.92815240389275
NPSAT1                  
1 44340U 19036B   26273.31692493  .00002967  00000+0  39150-3 0  9995
2 44340  23.9989 252.5964 0006907 321.8854  38.1153 14.75390733388038
FORMOSAT 7-3            
1 44343U 19036E   26273.96744000  .00002838  00000+0  14735-3 0  9990
2 44343  23.9980 170.1091 0000938  94.7037 265.3574 15.10481048399252
FORMOSAT 7-1            
1 44349U 19036L   26273.65079890  .00001617  00000+0  11178-3 0  9992
2 44349  23.9984  41.1758 0000689 357.5298   2.5200 14.96862185400473
FORMOSAT 7-4            
1 44350U 19036M   26273.54001936  .00001631  00000+0  11297-3 0  9996
2 44350  23.9975 104.0322 0001123 356.2918   3.7574 14.96867754399875
FORMOSAT 7-2            
1 44351U 19036N   26273.09589318  .00001725  00000+0  12100-3 0  9990
2 44351  23.9972 161.3488 0000527 353.5007   6.5487 14.96864212399328
FORMOSAT 7-6            
1 44353U 19036Q   26273.49496510  .00001703  00000+0  11909-3 0  9999
2 44353  23.9985 339.4573 0000772 243.7089 116.3333 14.96874072397614
FORMOSAT 7-5            
1 44358U 19036V   26273.67333993  .00001638  00000+0  11361-3 0  9998
2 44358  23.9985 277.0275 0000314  41.3015 318.7510 14.96870871398178
METEOR-M2 2             
1 44387U 19038A   26273.96425186 -.00000181  00000+0 -58255-4 0  9998
2 44387  98.9264 262.8684 0002341  76.2358 283.9081 14.24388438376353
COSMOS 2535             
1 44421U 19039A   26273.90281734  .00000289  00000+0  33756-4 0  9997
2 44421  97.5712 298.0014 0007360 211.3238 148.7544 14.92100169392402
GLOBAL-4                
1 44499U 19054E   26273.49714602  .00065423  00000+0  38552-3 0  9997
2 44499  45.0042 343.5281 0008009 358.3354   1.7520 15.77320063396918
ZY-1 02D                
1 44528U 19059A   26273.96182301 -.00000178  00000+0 -46430-4 0  9995
2 44528  98.6613 335.8465 0005292  66.7638 293.4104 14.35284051369516
TAURUS-1 (JINNIUZUO 1)  
1 44530U 19059C   26273.90258721  .00002577  00000+0  40978-3 0  9995
2 44530  98.6507  85.4382 0008097 345.1671  14.9296 14.73002783374206
ZHUHAI-1 03B            
1 44536U 19060C   26273.90558135  .00023355  00000+0  29081-3 0  9994
2 44536  97.5629  77.9400 0006588 286.6139  73.4394 15.59919163392778
ZHUHAI-1 03D            
1 44538U 19060E   26273.90703551  .00025713  00000+0  36964-3 0  9998
2 44538  97.5493  69.1431 0005729 269.9438  90.1159 15.56055350392487
ZHUHAI-1 03E            
1 44539U 19060F   26273.91038196  .00011514  00000+0  25298-3 0  9998
2 44539  97.5748  67.8751 0005336  11.0204 349.1160 15.44175254392068
ATLAS 5 CENTAUR DEB     
1 44694U 18079BG  26273.09819700 -.00000125  00000+0  00000+0 0  9993
2 44694  13.7366  30.7517 4712564 315.8911  15.0180  1.77403298 48429
GAOFEN-7                
1 44703U 19072A   26273.97146822  .00002144  00000+0  98439-4 0  9993
2 44703  97.5603 335.0615 0019372  42.0655 318.2063 15.21371034383720
JILIN-1 GAOFEN 2A       
1 44777U 19075A   26273.94120053  .00008834  00000+0  20994-3 0  9994
2 44777  97.4910   0.3692 0006850  69.1814 291.0166 15.41890001381162
NINGXIA-1 1             
1 44779U 19076A   26273.99574422 -.00000019  00000+0  72070-4 0  9996
2 44779  45.0066  66.9718 0011397 293.2545  66.7089 14.02118491352706
NINGXIA-1 5             
1 44783U 19076E   26273.93750013  .00000105  00000+0  15259-3 0  9997
2 44783  45.0050  66.5695 0011253 285.1317  74.8272 14.02099433352610
KL-ALPHA A              
1 44785U 19077A   26274.00570476  .00000017  00000+0  72663-5 0  9998
2 44785  88.9339 211.0129 0011327 149.9132 210.2675 13.56051104340072
CARTOSAT-3              
1 44804U 19081A   26273.93431675  .00000967  00000+0  48966-4 0  9995
2 44804  97.4188 334.0280 0012490 139.7790 220.4372 15.19284076379520
JILIN-1 GAOFEN 2B       
1 44836U 19086A   26273.91826136  .00002885  00000+0  13032-3 0  9999
2 44836  97.4782 345.2646 0012515 314.2134  45.8073 15.21714421376568
TIANQIN 1 (CAS-6)       
1 44879U 19093A   26273.99480016  .00001811  00000+0  16701-3 0  9999
2 44879  97.7762 357.0683 0012615  64.4693 295.7831 14.95861896367863
ETRSS-1                 
1 44880U 19093B   26273.96915312  .00001179  00000+0  10925-3 0  9999
2 44880  97.7770 357.6008 0012143  64.1712 296.0760 14.96335800367874
TIANYAN 01              
1 44881U 19093C   26273.98985719 -.00000409  00000+0 -40049-4 0  9998
2 44881  97.7434 343.5931 0014954  97.4829 262.8087 14.86647041367135
TIANYAN 02              
1 44882U 19093D   26273.91144434  .00002542  00000+0  17713-3 0  9992
2 44882  97.7930   9.7966 0013873  30.6242 329.5791 15.06299055368521
CBERS 4A                
1 44883U 19093E   26273.99483300 -.00000332  00000+0 -35622-4 0  9996
2 44883  98.0088 341.4732 0000853  58.8291 301.3005 14.81464104366746
WEILAI 1R               
1 44884U 19093F   26273.98040581  .00001727  00000+0  13832-3 0  9991
2 44884  97.7905   4.1338 0017607  40.6120 319.6414 15.01395046368290
FLORIPASAT-1            
1 44885U 19093G   26273.98483116  .00002086  00000+0  15214-3 0  9992
2 44885  97.7926   9.0575 0013086  74.9225 285.3448 15.04792393368558
SHUNTIAN                
1 44886U 19093H   26273.93290264  .00001593  00000+0  14866-3 0  9992
2 44886  97.7979   1.5619 0013158  74.9955 285.2722 14.95563089367980
2019-093L               
1 44889U 19093L   26273.95480101  .00001053  00000+0  10149-3 0  9999
2 44889  97.7476 350.9549 0012783  61.9034 298.3477 14.94971978367605
ELEKTRO-L 3             
1 44903U 19095A   26273.83048760 -.00000008  00000+0  00000+0 0  9997
2 44903   0.1030  69.4697 0002918  94.5943 164.6582  0.99414631 24769
GONETS-M 14             
1 44905U 19096A   26273.98363315 -.00000074  00000+0 -60716-3 0  9990
2 44905  82.5292  19.0368 0012441 281.8122  78.1562 12.42872458306826
GONETS-M 15             
1 44906U 19096B   26273.93171855  .00000002  00000+0 -60044-4 0  9997
2 44906  82.5311  19.5459 0014389 306.4624  53.5129 12.42884171306785
GONETS-M 16             
1 44907U 19096C   26273.95695682  .00000028  00000+0  13140-3 0  9990
2 44907  82.5258  18.4344 0010425 351.8146   8.2762 12.42894442306778
RS-44 & BREEZE-KM R/B   
1 44909U 19096E   26273.93825080 -.00000003  00000+0 -48250-4 0  9993
2 44909  82.5163 269.4288 0216321 257.0650 100.6214 12.79749540315878
JILIN-1 KUANFU 01       
1 45016U 20003A   26273.91296677  .00001369  00000+0  85244-4 0  9993
2 45016  97.4935 345.7839 0008275 303.9059  56.1383 15.11207453371292
XINGYUN-2 01            
1 45602U 20028A   26273.96275485  .00000854  00000+0  53177-4 0  9998
2 45602  97.4969 264.3475 0008380 188.3183 171.7910 15.12182368350826
XINGYUN-2 02            
1 45603U 20028B   26273.96117979  .00001332  00000+0  81553-4 0  9993
2 45603  97.5109 278.1429 0009205 268.3567  91.6609 15.11885468350812
HAIYANG-1D              
1 45721U 20036A   26273.94762300  .00000117  00000+0  57034-4 0  9992
2 45721  98.4633 213.3583 0002421 167.9526 192.1717 14.34201581330131
M2 PATHFINDER           
1 45727U 20037E   26273.76903136  .00001192  00000+0  88294-4 0  9999
2 45727  97.8114 106.2227 0011947 150.5477 209.6425 15.05064127341375
GAOFEN DUOMO (GFDM)     
1 45856U 20042A   26273.96944291 -.00000252  00000+0 -28855-4 0  9992
2 45856  97.7626 329.9358 0012451  92.5314 267.7322 14.76874367336625
ZIYUAN 3-03 (ZY 3-03)   
1 45939U 20051A   26273.95315486  .00001386  00000+0  65267-4 0  9996
2 45939  97.5273 340.9893 0006028   7.8451 352.2878 15.21212952343423
NEMO-HD                 
1 46277U 20061F   26273.98581713  .00006045  00000+0  12378-3 0  9995
2 46277  97.1794 334.9408 0001972  71.4729 288.6735 15.46464456338328
3CAT-5A                 
1 46292U 20061W   26273.95538520  .00010067  00000+0  18692-3 0  9991
2 46292  97.2279 336.8812 0003074 100.7553 259.4045 15.49122516337386
3CAT-5B                 
1 46293U 20061X   26273.96325568  .00011576  00000+0  20213-3 0  9997
2 46293  97.2252 338.0998 0003864  96.4253 263.7440 15.50832348337438
NAPA-1                  
1 46320U 20061BA  26274.07296396  .00169930  12461-4  57561-3 0  9990
2 46320  97.2293 353.0702 0002704 222.2243 137.8822 15.89929497338423
JILIN-1 GAOFEN 3E       
1 46457U 20065D   26273.88318333  .00105902  00000+0  54466-3 0  9990
2 46457  97.2041 330.0047 0008469 130.4888 229.7120 15.80858362336356
JILIN-1 GAOFEN 3F       
1 46458U 20065E   26273.80618171  .00074124  00000+0  51346-3 0  9991
2 46458  97.2009 326.5306 0010248 116.4306 243.8012 15.74199238336244
JILIN-1 GAOFEN 3H       
1 46460U 20065G   26273.92278980  .00275373  31913-4  67305-3 0  9990
2 46460  97.1956 331.6313 0004611 232.2333 127.8527 15.96156548336564
HAIYANG-2C              
1 46469U 20066A   26273.93303692  .00000060  00000+0  12828-3 0  9997
2 46469  65.9979 312.0044 0004730 254.2152 105.8395 13.83376238304120
HJ-2A                   
1 46478U 20067A   26273.94928105 -.00000263  00000+0 -30647-4 0  9998
2 46478  97.8751 349.7761 0002221 297.7049  62.3935 14.76557650323866
HJ-2B                   
1 46479U 20067B   26273.98675495  .00000422  00000+0  67612-4 0  9991
2 46479  97.8819 350.9181 0000801  99.7218 260.4083 14.76575016323874
GONETS-M 17             
1 46486U 20068A   26273.98316463  .00000146  00000+0  98278-3 0  9991
2 46486  82.4929 281.6867 0022899 161.6057 198.5856 12.42887925272302
GONETS-M 18             
1 46487U 20068B   26273.94718000  .00000077  00000+0  48365-3 0  9996
2 46487  82.4882 280.7869 0020278 157.8968 202.2991 12.42877012272286
GONETS-M 19             
1 46488U 20068C   26274.00154920  .00000159  00000+0  10748-2 0  9994
2 46488  82.4907 281.2233 0013707 170.9588 189.1741 12.42896138272397
DEKART                  
1 46493U 20068H   26273.96598892  .00006560  00000+0  16959-3 0  9997
2 46493  97.8737 290.9931 0006622 267.5405  92.5081 15.39470983332032
NORBI                   
1 46494U 20068J   26273.92503447  .00014913  00000+0  24296-3 0  9990
2 46494  97.8574 299.5474 0004473 209.0151 151.0852 15.52741349332590
SALSAT                  
1 46495U 20068K   26273.60525137  .00003793  00000+0  12907-3 0  9996
2 46495  97.8883 283.2186 0007702 296.9493  63.0959 15.31095185331480
ICEYE-X6                
1 46497U 20068M   26273.98767751  .00000771  00000+0  59191-4 0  9999
2 46497  98.1058 272.7989 0008837  94.1321 266.0915 15.04961153329146
NETSAT-4                
1 46504U 20068U   26273.59432724  .00011762  00000+0  23337-3 0  9998
2 46504  97.8594 290.5806 0003115 315.5529  44.5469 15.47191649332055
NETSAT-3                
1 46505U 20068V   26273.93797210  .00011413  00000+0  23587-3 0  9991
2 46505  97.8655 289.0494 0003410 342.2917  17.8212 15.46008562332000
NETSAT-1                
1 46506U 20068W   26273.75439561  .00007252  00000+0  20417-3 0  9999
2 46506  97.8780 281.8537 0004646  20.5149 339.6280 15.36795951331501
NETSAT-2                
1 46507U 20068X   26273.58892240  .00012406  00000+0  22313-3 0  9992
2 46507  97.8601 290.9248 0002895   2.6186 357.5079 15.50004447332044
TIANQI-6                
1 46810U 20076D   26273.90432213  .00001821  00000+0  11855-3 0  9992
2 46810  34.9978 119.3383 0010077  16.3453 343.7580 15.07756907324541
KSM1-C                  
1 46906U 20081B   26273.98532821  .00004824  00000+0  17461-3 0  9993
2 46906  36.8910 124.9978 0003175 354.7995   5.2721 15.28254381325356
KSM1-D                  
1 46907U 20081C   26273.93831751  .00004110  00000+0  15972-3 0  9996
2 46907  36.8949 136.4533 0002219  10.4205 349.6590 15.26029320325251
KSM1-A                  
1 46912U 20081H   26273.98003109  .00004725  00000+0  17556-3 0  9997
2 46912  36.8959 128.2758 0000797 136.9253 223.1559 15.27408146325352
R2                      
1 46913U 20081J   26273.90993190  .00004391  00000+0  16639-3 0  9998
2 46913  36.8952 129.2662 0005915  90.9487 269.1940 15.26804191328149
KSM1-B                  
1 46914U 20081K   26273.95703822  .00004119  00000+0  16114-3 0  9991
2 46914  36.9012 137.2034 0002882  54.7640 305.3379 15.25804625328341
GONETS-M 20             
1 47227U 20091A   26273.93944875  .00000051  00000+0  29453-3 0  9994
2 47227  82.5021 236.6850 0020112 313.4459  46.4947 12.42896752264212
GONETS-M 21             
1 47228U 20091B   26273.91394138  .00000017  00000+0  53613-4 0  9992
2 47228  82.4947 235.3435 0014292 329.9209  30.1048 12.42889047264201
GONETS-M 22             
1 47229U 20091C   26273.96699367 -.00000040  00000+0 -36213-3 0  9994
2 47229  82.5004 236.2582 0020872 308.3763  51.5441 12.42894386264168
CUBEL                   
1 47448U 21006AM  26273.87959764  .00012182  00000+0  26408-3 0  9997
2 47448  97.2200 323.6347 0007286 139.7410 220.4379 15.44531495316058
GRUS-1B                 
1 47934U 21022C   26273.92534802  .00000458  00000+0  42560-4 0  9994
2 47934  97.5181 153.5234 0015318 324.3929  35.6271 14.98907862301735
2021-022F               
1 47937U 21022F   26274.00363822  .00004717  00000+0  14329-3 0  9992
2 47937  97.3752 174.6392 0011496  75.5664 284.6854 15.34504582305935
UNISAT-7                
1 47945U 21022P   26273.69140335  .00008930  00000+0  20416-3 0  9992
2 47945  97.3769 179.8410 0010355  60.7989 299.4294 15.43014044306111
GLOBAL-9                
1 47971U 21023G   26273.33579835  .00014747  00000+0  25772-3 0  9997
2 47971  44.9814  17.7692 0005009 292.2527  67.7833 15.50589972311241
AII-BRAVO               
1 48270U 21034C   26273.88454412  .00001997  00000+0  14831-3 0  9992
2 48270  97.5509 326.3699 0004051 262.0427  98.0339 15.04143538295506
TYVAK-182A              
1 48271U 21034D   26273.66818544  .00001596  00000+0  11089-3 0  9996
2 48271  97.5601 330.7458 0005034 345.5892  14.5192 15.06941756295710
CSS (TIANHE)            
1 48274U 21035A   26273.77991928  .00013951  00000+0  17026-3 0  9995
2 48274  41.4697  40.7747 0002425 314.4468  45.6172 15.60186162309654
TYVAK-0130              
1 48606U 21041BF  26273.66411384  .00002745  00000+0  10917-3 0  9993
2 48606  52.9941 255.7528 0010518 132.9109 227.2774 15.28817355296519
HAIYANG-2D              
1 48621U 21043A   26274.05976368 -.00000062  00000+0  17104-4 0  9991
2 48621  65.9987  41.1094 0010568 259.3573 100.6305 13.83371382271194
2021-050D               
1 48843U 21050D   26273.94875623  .00002604  00000+0  11412-3 0  9992
2 48843  97.3247 347.5456 0009834 244.1807 115.8416 15.22841512295064
TYVAK-0173              
1 48892U 21059P   26273.93098261  .00000735  00000+0  96281-4 0  9990
2 48892  95.9967 323.9571 0010089  40.3614 319.8351 14.82146902283903
MANDRAKE 2 ABLE         
1 48907U 21059AE  26273.82882072  .00015507  00000+0  20002-3 0  9996
2 48907  97.6970 111.9997 0003646 338.5026  21.6076 15.59095601293569
MANDRAKE 2 BAKER        
1 48908U 21059AF  26273.85758611  .00022750  00000+0  23316-3 0  9990
2 48908  97.6914 115.7291 0002125 338.2641  21.8527 15.64984867293793
YAM-3                   
1 48915U 21059AN  26273.83987430  .00007160  00000+0  12679-3 0  9997
2 48915  97.6950 107.8837 0004623 359.4798   0.6447 15.50619043293356
DEMO8 (TENZING)         
1 48951U 21059CA  26273.83937986  .00014222  00000+0  18531-3 0  9998
2 48951  97.6940 115.5997 0005237 327.9556  32.1380 15.58839438293741
FENGYUN 3E              
1 49008U 21062A   26273.97226861 -.00000155  00000+0 -52435-4 0  9998
2 49008  98.7553 276.2288 0002422 120.2161 239.9255 14.19911959271596
ISS (NAUKA)             
1 49044U 21066A   26273.85230731  .00003748  00000+0  76931-4 0  9996
2 49044  51.6316 137.1559 0007005 207.6272 152.4345 15.48699564587005
STARLINK-3100           
1 49144U 21082Q   26273.92160302  .00000530  00000+0  52221-4 0  9991
2 49144  69.9990 136.9838 0002409 274.9676  85.1208 14.98323538276724
2021-091B               
1 49316U 21091B   26273.93609149  .00001212  00000+0  61062-4 0  9991
2 49316  97.4468  99.9521 0014318  37.1387 323.0835 15.18990256275031
SDGSAT 1                
1 49387U 21100A   26273.93634700  .00000713  00000+0  36598-4 0  9992
2 49387  97.2523 316.8077 0007616 259.9455 100.0921 15.19532672271972
TEIKYOSAT-4 (OORURI)    
1 49396U 21102B   26273.64117750  .00000832  00000+0  55227-4 0  9995
2 49396  97.3612 299.0131 0010375 293.2599  66.7538 15.09809090268632
Z-SAT                   
1 49399U 21102E   26274.01952719  .00002087  00000+0  10287-3 0  9992
2 49399  97.3241 306.1327 0014850 234.2361 125.7493 15.18935486269506
HIBARI                  
1 49400U 21102F   26273.70440501  .00005540  00000+0  17261-3 0  9997
2 49400  97.3119 318.4849 0011269 175.1102 185.0253 15.33610266270356
KOSEN-1                 
1 49402U 21102H   26273.87241684  .00003788  00000+0  14063-3 0  9997
2 49402  97.3081 314.0131 0013102 185.5318 174.5780 15.28097843270154
GLOBAL-14               
1 49469U 21106A   26273.36245905  .00019949  00000+0  28594-3 0  9998
2 49469  42.0040  23.7518 0017898  36.6704 323.5364 15.55542652274480
GAOFEN-3 02             
1 49495U 21109A   26273.98917152 -.00000198  00000+0 -46759-4 0  9990
2 49495  98.4126 280.6007 0003619  47.0970 313.0523 14.42210940255569
GLOBAL-12               
1 49772U 21115BA  26273.94280683  .00025871  00000+0  32037-3 0  9999
2 49772  53.1931 253.6564 0004077  53.9081 306.2310 15.59926767272371
GLOBAL-13               
1 49773U 21115BB  26273.55669022  .00013000  00000+0  23751-3 0  9999
2 49773  53.1954 272.2678 0004079  82.5600 277.5873 15.49774660272081
GLOBAL-17               
1 49949U 21120A   26273.35897618  .00021524  00000+0  28250-3 0  9991
2 49949  41.9922 140.0256 0018866 275.1461  84.7232 15.57844522271275
GLOBAL-16               
1 49950U 21120B   26273.91962028  .00019156  00000+0  27938-3 0  9993
2 49950  41.9930 142.6605 0016867 269.3972  90.4941 15.55111001271282
XW-3 (CAS-9)            
1 50466U 21131B   26273.98524458  .00000143  00000+0  57644-4 0  9991
2 50466  98.4974   5.7972 0004945 130.5729 229.5891 14.41434857250355
ION SCV-004             
1 50993U 22002K   26273.73057076  .00002549  00000+0  86718-4 0  9990
2 50993  97.2708 329.3987 0006583 351.4105   8.7023 15.31318929261442
ETV-A1                  
1 51060U 22002CE  26273.94121233  .00006095  00000+0  14199-3 0  9999
2 51060  97.2760 340.0226 0003814 338.7683  21.3406 15.42633379262139
BRO-5                   
1 51061U 22002CF  26273.97047399  .00008472  00000+0  14716-3 0  9999
2 51061  97.2895 348.8328 0004877 298.1312  61.9447 15.51072777262635
LUDI TANCE 1-01A (L-SA*)
1 51284U 22007A   26273.92908920  .00000248  00000+0  32659-4 0  9992
2 51284  97.8112 279.8512 0001599  90.2566 269.8834 14.88417218254203
LUDI TANCE 1-01B (L-SA*)
1 51822U 22018A   26273.96270898  .00000284  00000+0  36520-4 0  9993
2 51822  97.8111 279.8840 0001486  85.5411 274.5975 14.88408999249440
2022-019D               
1 51827U 22019D   26273.92961036  .00407638  75491-4  70021-3 0  9994
2 51827  97.3520  13.9797 0002707 235.6030 124.4994 16.02446800256425
2022-019J               
1 51832U 22019J   26273.95362348  .00001077  00000+0  51871-4 0  9993
2 51832  97.3321 333.9927 0007588 209.2850 150.7962 15.20807416253875
2022-023F               
1 51951U 22023F   26274.01153359  .00005885  00000+0  23450-3 0  9990
2 51951  63.4531 273.7562 0136959 342.3152  17.3216 15.18081571253771
CZ-4C R/B               
1 52085U 22027B   26273.91235546 -.00000052  00000+0  43558-4 0  9994
2 52085  63.3917 137.4433 0242035  22.3262 338.8098 13.65486750226474
MERIDIAN 10             
1 52145U 22030A   26272.65245985  .00000184  00000+0  00000+0 0  9998
2 52145  62.6821 129.4492 6814352 272.8176  17.4621  2.00591900 33123
OMNI-L1                 
1 52157U 22033A   26273.77900634  .00000906  00000+0  11775-3 0  9994
2 52157  97.8322 350.8843 0003997 308.9705  51.1152 14.83050836243107
ENMAP                   
1 52159U 22033C   26273.99464916  .00000175  00000+0  33495-4 0  9990
2 52159  97.9765 354.7203 0001593  83.6963 276.4428 14.74993572242253
ARCSAT-1                
1 52161U 22033E   26273.80214083  .00012764  00000+0  18419-3 0  9996
2 52161  97.2732   7.8156 0005252 152.6276 207.5256 15.56099190252110
GLOBAL-18               
1 52196U 22034B   26273.92999858  .00012655  00000+0  22826-3 0  9994
2 52196  52.9794 109.7970 0003005 221.6527 138.4252 15.50165382253345
GAOFEN-3 03             
1 52200U 22035A   26273.96171941 -.00000199  00000+0 -47168-4 0  9999
2 52200  98.4097 281.0239 0000919  98.7559 261.3735 14.42218226236094
DAQI-1                  
1 52257U 22039A   26273.99091016  .00000026  00000+0  15510-4 0  9995
2 52257  98.1548 210.6819 0002520 301.5278  58.5675 14.57726682237354
BRO-6                   
1 52422U 22047AE  26273.95963052  .00031793  00000+0  41054-3 0  9998
2 52422  97.3355   7.6509 0004192  46.1325 314.0277 15.58906218247588
VIGORIDE-3              
1 52760U 22057AE  26273.86351047  .00003312  00000+0  12321-3 0  9990
2 52760  97.6766  56.8167 0009422 109.8376 250.3879 15.28225650241295
ION SCV-006             
1 52761U 22057AF  26273.38134622  .00007423  00000+0  14588-3 0  9990
2 52761  97.6239  67.3240 0017519  93.6090 266.7164 15.47448955242373
SHERPA-AC1              
1 52763U 22057AH  26273.73566447  .00004452  00000+0  12311-3 0  9996
2 52763  97.6836  67.5686 0008618  78.4756 281.7455 15.37561183241911
OMNI-L2                 
1 52771U 22057AR  26273.89439211  .00000524  00000+0  73031-4 0  9993
2 52771  97.4602 329.0962 0006047 349.9192  10.1900 14.81383456236046
STEP CUBE LAB-II        
1 52897U 22065D   26273.91346412  .00000362  00000+0  79314-4 0  9994
2 52897  98.2390  57.5942 0009671  58.1368 302.0774 14.63436201226968
RANDEV                  
1 52898U 22065E   26273.95473674  .00000343  00000+0  75046-4 0  9997
2 52898  98.2372  58.0343 0008964  58.4106 301.7970 14.63829284226722
SNUGLITE-II             
1 52899U 22065F   26273.86894533  .00000508  00000+0  10508-3 0  9993
2 52899  98.2359  58.6190 0008425  57.9644 302.2376 14.64506212226468
MIMAN                   
1 52900U 22065G   26273.65909968  .00000273  00000+0  64134-4 0  9996
2 52900  98.2423  55.7128 0008656  61.6544 298.5529 14.61936534225859
STARLINK-4362           
1 53043U 22077A   26273.92125230  .00000129  00000+0  63405-5 0  9991
2 53043  97.2852  88.5762 0001610  89.3162 270.8265 15.33436918231899
LARES-2                 
1 53105U 22080A   26271.94027490  .00000015  00000+0  00000+0 0  9993
2 53105  70.1462 269.7319 0005545 313.8985  46.1162  6.38965252 98293
GREENCUBE (IO-117)      
1 53109U 22080E   26273.39446121 -.00000003  00000+0  00000+0 0  9992
2 53109  70.1205 261.6459 0009185 267.2688  92.6920  6.42583810 98822
STARLINK-4410           
1 53204U 22084R   26273.91054544  .00001073  00000+0  31952-4 0  9996
2 53204  97.4511 337.8984 0002243 168.2581 191.8716 15.36969580231255
TECMS                   
1 53346U 22090A   26273.98884564  .00001869  00000+0  87325-4 0  9998
2 53346  97.3029 339.0259 0002150 164.0191 196.1113 15.21003944230897
STARLINK-4400           
1 53468U 22099D   26274.00002315  .00017146  00000+0  56861-3 0  9997
2 53468  97.2849  27.5918 0001690 106.2884 197.3093 15.31323050  5699
STARLINK-4621           
1 53676U 22105AE  26273.91608785  .00038644  00000+0  26455-2 0  9999
2 53676  97.2842 147.1583 0001691  69.5546 290.5864 15.05963428224119
SHERPA-LTC2             
1 53754U 22107BG  26273.90897094  .00002822  00000+0  15228-3 0  9996
2 53754  53.2324 132.4974 0392841 161.9047 199.6375 14.70417031218098
CENTISPACE-1 S3         
1 53757U 22108A   26273.95041821  .00000160  00000+0  70108-4 0  9996
2 53757  53.5344 337.8876 0008031 265.3448  94.6610 14.61341665216999
CENTISPACE-1 S4         
1 53758U 22108B   26273.88479886  .00000250  00000+0  87082-4 0  9994
2 53758  53.5318 335.1701 0007734 250.9043 109.1095 14.62040528217028
BLUEWALKER-3            
1 53807U 22111AL  26273.97787983  .00003726  00000+0  10381-3 0  9991
2 53807  53.2279 256.8658 0006621 132.5972 227.5593 15.39407302226497
YUNHAI-1 03             
1 53877U 22115A   26273.99640786  .00000193  00000+0  87184-4 0  9994
2 53877  98.5619 270.8242 0005593  87.4170 272.7654 14.32552159210669
CENTISPACE-1 S5         
1 54020U 22126A   26273.91024044  .00000327  00000+0  99520-4 0  9998
2 54020  54.9984 149.8376 0010450 317.4120  42.6063 14.63162072212512
CENTISPACE-1 S6         
1 54021U 22126B   26273.88907232  .00000232  00000+0  82531-4 0  9993
2 54021  54.9987 152.2934 0012263 315.6858  44.3153 14.62399509212465
OTB-3-GAZELLE           
1 54023U 22127A   26273.96514283  .00000041  00000+0  25438-4 0  9996
2 54023  98.4053 264.1139 0012159 226.2718 133.7466 14.42704608209611
ASO-S                   
1 54029U 22129A   26273.95725427  .00000062  00000+0  26327-4 0  9998
2 54029  98.2805 277.5520 0015321 124.9489 235.3149 14.52099894210776
HJ-2E                   
1 54035U 22132A   26273.93435355  .00003450  00000+0  16241-3 0  9992
2 54035  97.3851 276.3840 0006079  26.6015 333.5531 15.20182727220501
COSMOS 2561             
1 54109U 22137A   26272.87364291  .00008210  00000+0  12778-3 0  9991
2 54109  96.9054 328.0629 0009357   7.6627 352.4769 15.54095801222590
GONETS-M 23             
1 54150U 22139A   26273.95499959 -.00000002  00000+0 -88417-4 0  9996
2 54150  82.5011 282.5679 0021212 354.3898   5.6941 12.42893689178789
GONETS-M 24             
1 54151U 22139B   26274.00854028  .00000009  00000+0 -69603-5 0  9999
2 54151  82.4927 281.5213 0016687   5.8818 354.2455 12.42894627178795
GONETS-M 25             
1 54152U 22139C   26273.99506716  .00000015  00000+0  34544-4 0  9996
2 54152  82.4993 282.2736 0020558   3.4233 356.6983 12.42893221178795
SKIF-D                  
1 54153U 22139D   26273.18272215  .00000044  00000+0  00000+0 0  9999
2 54153  89.9437  96.6280 0007810 159.5798 200.5124  5.00426292 69369
MATS                    
1 54227U 22147A   26273.78644918  .00000922  00000+0  67822-4 0  9994
2 54227  97.6883 274.9966 0011802 193.4955 166.5957 15.05831013213657
EOS-6 (OCEANSAT-3)      
1 54361U 22158A   26273.96100652  .00000117  00000+0  44274-4 0  9999
2 54361  98.3557  10.7540 0001954  65.9737 294.1660 14.46984232203131
DONGPO 09               
1 54685U 22167D   26273.98149906  .00006474  00000+0  17365-3 0  9997
2 54685  97.6970  89.9486 0003430 100.8813 259.2818 15.38340200211705
DONGPO 08               
1 54686U 22167E   26273.95968726  .00005973  00000+0  17590-3 0  9997
2 54686  97.6949  86.5892 0008584 145.3035 214.8769 15.35426102211548
DONGPO 10               
1 54689U 22167H   26273.97424420  .00005926  00000+0  16996-3 0  9997
2 54689  97.7021  88.8066 0005981  95.2087 264.9839 15.36279162211591
JILIN-1 GAOFEN 03D48    
1 54695U 22167P   26273.98127752  .00006170  00000+0  17205-3 0  9999
2 54695  97.6958  88.2358 0007280  99.3933 260.8134 15.37136183211637
STAR VIBE               
1 55009U 23001A   26273.94307385  .00008858  00000+0  18829-3 0  9993
2 55009  97.3047 338.9637 0006742  92.6754 267.5267 15.45210026208542
BRO-8                   
1 55011U 23001C   26273.95957270  .00026218  00000+0  38105-3 0  9990
2 55011  97.3067 341.0881 0006370  97.5752 262.6227 15.55743617208610
CONNECTA T1.2           
1 55012U 23001D   26273.71293376  .00037631  00000+0  47443-3 0  9991
2 55012  97.3131 346.8448 0004989  79.5057 280.6761 15.59504517208944
BIRKELAND               
1 55015U 23001G   26273.99804146  .00005037  00000+0  12138-3 0  9995
2 55015  97.3238 342.2976 0007898  86.7541 273.4610 15.41680008208642
ION SCV-008             
1 55051U 23001AU  26273.78989483  .00003361  00000+0  11936-3 0  9993
2 55051  97.5719  11.9611 0014386   5.7517 354.3886 15.29676894207476
ION SCV-007             
1 55060U 23001BD  26273.90697117  .00000179  00000+0  32154-4 0  9997
2 55060  97.8888 334.7623 0012228   0.9159 359.2072 14.77627529201868
HUYGENS                 
1 55093U 23001CN  26273.99808867  .00005063  00000+0  12185-3 0  9996
2 55093  97.3138 341.3869 0010367  66.8125 293.4213 15.41694190208660
SHARJAHSAT-1            
1 55104U 23001CZ  26273.98483437  .00015485  00000+0  24933-3 0  9993
2 55104  97.3038 344.4344 0006362  83.9145 276.2833 15.53028975208893
HORUS 1                 
1 55690U 23025A   26273.96968168  .00002682  00000+0  11512-3 0  9990
2 55690  97.3369 346.2852 0002368 112.2891 247.8598 15.23554971200150
HORUS 2                 
1 55844U 23032A   26273.93985329  .00002734  00000+0  11795-3 0  9995
2 55844  97.3442 347.1618 0001521 102.4345 257.7063 15.23368240197589
GLOBAL-19               
1 55982U 23041B   26273.80660785  .00006699  00000+0  18285-3 0  9995
2 55982  42.0016 305.8325 0007103  22.7059 337.4093 15.37854485198193
ION SCV-010             
1 56192U 23054Q   26273.65089562  .00002628  00000+0  96989-4 0  9990
2 56192  97.3604 161.8571 0012488 151.9042 208.2874 15.28595477192295
TELEOS-2                
1 56310U 23057C   26273.93162826  .00003244  00000+0  21942-3 0  9992
2 56310   9.9870 154.2340 0000828 265.7066  94.3053 14.96403713188660
SNIPE 4                 
1 56744U 23072B   26273.96178218  .00013785  00000+0  28212-3 0  9993
2 56744  97.5126 123.5779 0003550 315.4404  44.6559 15.46228167186433
SNIPE 2                 
1 56745U 23072C   26273.97550052  .00020061  00000+0  33324-3 0  9990
2 56745  97.5091 127.4650 0003790   1.0501 359.0759 15.52121282186621
2023-072G               
1 56749U 23072G   26273.95689730  .00023718  00000+0  33454-3 0  9994
2 56749  97.4752 126.4229 0001862 351.2026   8.9196 15.56602336186880
GEISAT PRECURSOR        
1 56934U 23084C   26273.93359140  .00004188  00000+0  12224-3 0  9992
2 56934  97.6375  58.5704 0004565 340.6844  19.4225 15.35924225183759
BLACKJACK ACES-3        
1 56950U 23084U   26273.65099058  .00002703  00000+0  13242-3 0  9990
2 56950  97.6366  49.7831 0002051  62.3310 297.8132 15.19044529183171
BLACKJACK ACES-2        
1 56955U 23084Z   26273.65553035  .00003644  00000+0  17785-3 0  9996
2 56955  97.6361  49.8698 0000992  54.7481 305.3846 15.18938541183182
BLACKJACK ACES-1        
1 56956U 23084AA  26273.31630827  .00003615  00000+0  17631-3 0  9993
2 56956  97.6318  49.2808 0000267  20.1932 339.9313 15.18966720132855
ION SCV-011             
1 56957U 23084AB  26273.80290913  .00002633  00000+0  94571-4 0  9994
2 56957  98.1342 110.9474 0007864  38.7398 321.4403 15.29701027181955
GHOST-3                 
1 56958U 23084AC  26273.42154587  .00012653  00000+0  21693-3 0  9996
2 56958  97.6371  68.0119 0005529 263.1838  96.8784 15.51336737184315
AFR-1                   
1 56964U 23084AJ  26273.92711292  .00002621  00000+0  94830-4 0  9998
2 56964  97.6432  53.3274 0009547 333.8295  26.2460 15.29349763183387
METEOR-M2 3             
1 57166U 23091A   26273.98344802 -.00000027  00000+0  70110-5 0  9991
2 57166  98.5970 326.7352 0003342 207.7579 152.3422 14.24053343169578
UMKA 1 (RS40S)          
1 57172U 23091G   26273.92347127  .00003047  00000+0  13704-3 0  9993
2 57172  97.4928 332.2206 0013972 108.7160 251.5593 15.21809593180086
2023-091H               
1 57173U 23091H   26273.96116678  .00005929  00000+0  20278-3 0  9998
2 57173  97.4929 338.0954 0010748  99.7322 260.5134 15.30598021180474
2023-091J               
1 57174U 23091J   26273.91883581  .00001898  00000+0  10642-3 0  9993
2 57174  97.4936 325.4831 0014134 137.6601 222.5725 15.14513810179637
CUBEBEL 2 (EU11S)       
1 57175U 23091K   26273.91575564  .00006529  00000+0  21765-3 0  9997
2 57175  97.4929 338.1858 0010725 100.6052 259.6397 15.31386348180475
SITRO-AIS 5 (KATYS)     
1 57176U 23091L   26273.91850350  .00006538  00000+0  21685-3 0  9998
2 57176  97.4941 338.9192 0012111  89.7042 270.5587 15.31534641180515
ZORKIY-2M 1             
1 57177U 23091M   26273.96460042  .00003455  00000+0  15391-3 0  9991
2 57177  97.4969 332.6122 0014431 105.9293 254.3534 15.22033916180089
CUBESX-HSE 3 (RS42S)    
1 57178U 23091N   26273.95842430  .00007388  00000+0  23010-3 0  9992
2 57178  97.4976 340.9971 0011247  79.6163 280.6346 15.33518483180629
MONITOR-3 (RS58S)       
1 57180U 23091Q   26273.97172990  .00005486  00000+0  19329-3 0  9999
2 57180  97.4964 338.2672 0012502  87.7785 272.4887 15.29642867180451
MONITOR-4 (RS57S)       
1 57182U 23091S   26273.94462214  .00005562  00000+0  19538-3 0  9996
2 57182  97.4959 338.2172 0012535  88.1493 272.1183 15.29736594180456
MONITOR-2 (RS39S)       
1 57184U 23091U   26273.95271936  .00002264  00000+0  10910-3 0  9999
2 57184  97.4948 331.5418 0012518 103.2985 256.9647 15.19705363180017
SVYATOBOR 1 (RS60S)     
1 57187U 23091X   26273.92774573  .00004733  00000+0  17512-3 0  9992
2 57187  97.4971 338.3802 0010472  82.6313 277.6116 15.28132317180452
HORS 1                  
1 57188U 23091Y   26273.96981603  .00004813  00000+0  17722-3 0  9993
2 57188  97.4947 338.1738 0009908  82.1386 278.0978 15.28288634180465
VIZARD-METEO (RS38S)    
1 57189U 23091Z   26273.96753470  .00009924  00000+0  25843-3 0  9994
2 57189  97.4982 345.7490 0007509  60.5727 299.6267 15.39062860180944
SITRO-AIS 6 (CHIRKIN)   
1 57192U 23091AC  26273.95780797  .00005180  00000+0  19419-3 0  9991
2 57192  97.4949 337.4863 0012543  94.4859 265.7814 15.27630663180423
SITRO-AIS 8 (ANOKHIN)   
1 57193U 23091AD  26273.93187736  .00007473  00000+0  22465-3 0  9996
2 57193  97.4941 340.9876 0010901  85.8791 274.3698 15.34643898180657
SITRO-AIS 7 (FARTUSHNIY)
1 57194U 23091AE  26273.91865583  .00005230  00000+0  19817-3 0  9994
2 57194  97.4944 337.2119 0012491  95.7546 264.5117 15.27272493180405
AVION KALUGA 650        
1 57195U 23091AF  26273.96098361  .00002767  00000+0  12679-3 0  9993
2 57195  97.4966 333.1092 0011661 100.6205 259.6345 15.21269818180107
HORS 2                  
1 57196U 23091AG  26273.90119534  .00007287  00000+0  22212-3 0  9990
2 57196  97.4976 342.4903 0008662  74.0306 286.1890 15.34233595180721
A-SEANSAT-PG1           
1 57197U 23091AH  26273.95208852  .00011001  00000+0  27483-3 0  9992
2 57197  97.4971 345.9898 0007458  67.4083 292.7952 15.40303757180972
SITRO-AIS 10 (BURDAEV)  
1 57199U 23091AK  26273.93430680  .00012508  00000+0  29213-3 0  9994
2 57199  97.4972 347.2334 0006614  61.3466 298.8445 15.42315884181045
SITRO-AIS 9 (SHCHUKIN)  
1 57201U 23091AM  26273.93318227  .00011998  00000+0  28606-3 0  9997
2 57201  97.4970 346.8701 0006909  61.6446 298.5497 15.41703002181022
UTMN 2 (RS27S)          
1 57203U 23091AP  26273.91990205  .00007079  00000+0  21530-3 0  9993
2 57203  97.4975 342.7193 0008463  69.8131 290.4021 15.34319098180749
SITRO-AIS 12 (SMIRENNIY)
1 57204U 23091AQ  26273.96787838  .00012393  00000+0  29229-3 0  9993
2 57204  97.4986 347.4423 0006430  56.4235 303.7625 15.42024985181059
SITRO-AIS 11 (SHEFFER)  
1 57208U 23091AU  26273.94907794  .00012823  00000+0  29714-3 0  9997
2 57208  97.4984 347.7438 0006352  56.0226 304.1624 15.42547755181070
H2SAT (HEINRICH HERTZ)  
1 57213U 23093A   26272.97381355  .00000005  00000+0  00000+0 0  9998
2 57213   0.0445  47.1891 0000342  34.0588 278.7844  1.00271497 11979
KUZGTU 1 (RS47S)        
1 57217U 23091AV  26273.91990128  .00006525  00000+0  21373-3 0  9992
2 57217  97.4946 339.5729 0011678  84.1034 276.1538 15.31945686180553
QIANKUN-1               
1 57422U 23103B   26267.97639872 -.00024399  18657-5 -37134-4 0  9996
2 57422  96.1157 305.4034 0007084 237.8555 122.2042 16.04050039183311
FENGYUN 3F              
1 57490U 23111A   26273.95346707  .00000013  00000+0  26661-4 0  9992
2 57490  98.6738 341.9371 0001427 107.4284 252.7048 14.19952953163877
METEOR 2-1 DEB          
1 57492U 75064F   26270.68978517  .00002921  00000+0  11315-2 0  9993
2 57492  81.2736 256.5975 0012940 138.4432 221.7736 14.29777860417636
HJ-2F                   
1 57519U 23116A   26273.96751634  .00003368  00000+0  15858-3 0  9990
2 57519  97.3894 277.3203 0008611 146.2166 213.9620 15.20182158174845
XRISM                   
1 57800U 23137A   26273.62347587  .00002248  00000+0  11803-3 0  9999
2 57800  31.0029  36.2137 0007556 309.1673  50.8294 15.13212203168846
METEOR-M2 4             
1 59051U 24039A   26273.97740714 -.00000006  00000+0  17047-4 0  9996
2 59051  98.7155 232.0067 0006233 217.5250 142.5494 14.22438694134306
GRBBETA                 
1 60237U 24128C   26273.25883192  .00001582  00000+0  11811-3 0  9993
2 60237  61.9896 207.4391 0025161 157.8348 202.3839 15.07249814122100
TRANSPORTER-11 OBJECT A 
1 60468U 24149A   26273.78540878  .00004515  00000+0  13802-3 0  9992
2 60468  97.3655 353.4549 0002784 173.5073 186.6207 15.34379837118247
WARATAH SEED-1          
1 60469U 24149B   26273.76375164  .00007813  00000+0  20896-3 0  9990
2 60469  97.3615 354.5769 0001749 162.7781 197.3524 15.38332321118338
PHISAT 2                
1 60470U 24149C   26273.74914286  .00003654  00000+0  11968-3 0  9993
2 60470  97.3680 352.4271 0001377 161.1333 198.9961 15.32300792118153
LEMUR-2-TOMATOKECHUP    
1 60471U 24149D   26273.83473091  .00006147  00000+0  16691-3 0  9996
2 60471  97.3734 356.2596 0001747 163.3107 196.8196 15.37959593118397
CONNECTA IOT-1          
1 60472U 24149E   26273.74578322  .00004280  00000+0  17733-3 0  9994
2 60472  97.3669 348.2588 0000588 238.4211 121.6970 15.24434350117872
LOPEN                   
1 60473U 24149F   26273.70804967  .00009556  00000+0  22267-3 0  9997
2 60473  97.3715 358.0780 0001081 168.7049 191.4223 15.42473158118518
ROCK                    
1 60474U 24149G   26273.76075812  .00008846  00000+0  20652-3 0  9990
2 60474  97.3711 358.1392 0001373 174.0220 186.1044 15.42440619118529
CONNECTA IOT-3          
1 60475U 24149H   26273.76768894  .00004534  00000+0  18801-3 0  9993
2 60475  97.3646 347.9978 0001527 236.3963 123.7129 15.24374254117880
QUBE                    
1 60476U 24149J   26273.94170286  .00018285  00000+0  30171-3 0  9998
2 60476  97.3745   2.7747 0002444 176.4080 183.7191 15.52330275118842
WREN-1                  
1 60478U 24149L   26273.80478767  .00013811  00000+0  28967-3 0  9990
2 60478  97.3703 359.2953 0003189 222.4955 137.6048 15.45503105118617
TOMORROW-S1             
1 60479U 24149M   26273.78768311  .00005199  00000+0  15992-3 0  9999
2 60479  97.3673 353.9829 0001955 186.6568 173.4649 15.34110485118277
FLOCK 4BE-18            
1 60480U 24149N   26273.23081161  .00021084  00000+0  43537-3 0  9999
2 60480  97.3666 358.2820 0003091 214.4757 145.6292 15.45869032118516
FLOCK 4BE-7             
1 60481U 24149P   26273.96148136  .00023897  00000+0  50766-3 0  9992
2 60481  97.3693 358.2273 0002460 213.7704 146.3388 15.45011279118552
TOMORROW-S2             
1 60485U 24149T   26273.68371534  .00004502  00000+0  13885-3 0  9998
2 60485  97.3748 354.4747 0001299 233.2421 126.8703 15.34101809118251
FLOCK 4BE-36            
1 60486U 24149U   26273.80699012  .00028676  00000+0  53612-3 0  9997
2 60486  97.3674 359.8416 0003278 215.9432 144.1599 15.48693401118660
FLOCK 4BE-25            
1 60487U 24149V   26273.79145330  .00017749  00000+0  41654-3 0  9997
2 60487  97.3735 357.8302 0001900 204.6815 155.4341 15.42104618118493
FLOCK 4BE-31            
1 60488U 24149W   26273.76692618  .00028100  00000+0  51895-3 0  9992
2 60488  97.3742   0.9086 0002303 217.3474 142.7618 15.49052672118694
FLOCK 4BE-20            
1 60489U 24149X   26273.78313079  .00037951  00000+0  79110-3 0  9990
2 60489  97.3618 356.6327 0004649 214.5714 145.5233 15.45467668118478
FLOCK 4BE-23            
1 60490U 24149Y   26273.76202500  .00017451  00000+0  42765-3 0  9995
2 60490  97.3713 356.8371 0002324 233.7177 126.3855 15.40798209118437
FLOCK 4BE-15            
1 60491U 24149Z   26273.79303319  .00696592  22882-3  12508-2 0  9995
2 60491  97.3509   5.2502 0008068 270.3779  89.6575 16.01654245119034
FLOCK 4BE-17            
1 60492U 24149AA  26273.78118339  .00021303  00000+0  47654-3 0  9998
2 60492  97.3705 358.1827 0002548 214.2731 145.8353 15.43502501118529
NUSAT-50 (NANCY ROMAN)  
1 60493U 24149AB  26273.83018752  .00004676  00000+0  16376-3 0  9994
2 60493  97.3712 354.3829 0003694 154.3636 205.7788 15.29973646118286
FLOCK 4BE-22            
1 60494U 24149AC  26273.78762839  .00021073  00000+0  44534-3 0  9998
2 60494  97.3670 358.5750 0002702 228.0521 132.0498 15.45189561118586
FLOCK 4BE-34            
1 60495U 24149AD  26273.74104790  .00024841  00000+0  52307-3 0  9994
2 60495  97.3721 359.4178 0002732 245.2018 114.8947 15.45264022118609
TYCHE                   
1 60496U 24149AE  26273.91559189  .00002168  00000+0  87564-4 0  9992
2 60496  97.3668 350.2504 0000247 248.3083 111.8129 15.25827248118025
FLOCK 4BE-32            
1 60497U 24149AF  26273.76290123  .00028070  00000+0  56622-3 0  9996
2 60497  97.3658 359.0739 0002997 238.7902 121.3054 15.46497810118629
NUSAT-48 (HENRIETTA LE*)
1 60498U 24149AG  26273.77716908  .00004564  00000+0  15952-3 0  9995
2 60498  97.3851 354.7082 0001773 240.6958 119.4106 15.30060073118280
NUSAT-49 (KLARA DAN VO*)
1 60500U 24149AJ  26273.75399963  .00004329  00000+0  15090-3 0  9997
2 60500  97.3715 354.2820 0000545 329.5531  30.5678 15.30172287118275
FLOCK 4BE-11            
1 60501U 24149AK  26273.76592663  .00026614  00000+0  52025-3 0  9991
2 60501  97.3635 359.4088 0003055 231.2472 128.8505 15.47422370118653
YAM-7                   
1 60504U 24149AN  26273.77224046  .00003845  00000+0  12283-3 0  9995
2 60504  97.3710 353.6434 0001711 280.9396  79.1654 15.33069729118220
FLOCK 4BE-24            
1 60505U 24149AP  26273.79781223  .00025280  00000+0  48827-3 0  9993
2 60505  97.3652 359.7658 0002931 242.8772 117.2179 15.47781183118676
LUR-1                   
1 60506U 24149AQ  26273.75260158  .00003411  00000+0  11548-3 0  9991
2 60506  97.3658 351.8561 0002494 299.1982  60.9010 15.31273016118123
TANAGER-1               
1 60507U 24149AR  26273.79404001  .00009105  00000+0  20189-3 0  9990
2 60507  97.2280   7.4416 0000627  36.5486 323.5805 15.43966481119337
FLOCK 4BE-29            
1 60509U 24149AT  26273.81116124  .00026580  00000+0  48527-3 0  9993
2 60509  97.3746   1.6793 0000551 281.7920  78.3269 15.49394462118747
TRANSPORTER-11 OBJECT AU
1 60510U 24149AU  26273.73148849  .00008964  00000+0  20585-3 0  9995
2 60510  97.3668 358.4665 0002169 258.1039 101.9965 15.42931739118573
FLOCK 4BE-2             
1 60511U 24149AV  26273.79747171  .00094587  00000+0  82573-3 0  9996
2 60511  97.3751   5.1699 0004515 240.6158 119.4653 15.68656824118963
FLOCK 4BE-13            
1 60512U 24149AW  26273.96758318  .00024403  00000+0  50817-3 0  9997
2 60512  97.3658 359.6693 0003481 234.4763 125.6162 15.45590980118683
FLOCK 4BE-27            
1 60513U 24149AX  26273.78083943  .00004912  00000+0  14213-3 0  9996
2 60513  97.3758 355.7667 0002429 292.0777  68.0209 15.36076696118347
FLOCK 4BE-9             
1 60514U 24149AY  26273.77212889  .00022554  00000+0  48528-3 0  9997
2 60514  97.3731 359.2810 0001646 254.7768 105.3299 15.44648113118592
FLOCK 4BE-6             
1 60516U 24149BA  26273.76523801  .00019522  00000+0  44360-3 0  9998
2 60516  97.3729 358.4069 0002238 272.7675  87.3316 15.43052928118538
FLOCK 4BE-14            
1 60517U 24149BB  26273.76625843  .00022946  00000+0  48775-3 0  9996
2 60517  97.3630 358.6699 0003208 257.8334 102.2556 15.44999157118601
FLOCK 4BE-1             
1 60518U 24149BC  26273.79449115  .00024463  00000+0  48713-3 0  9994
2 60518  97.3720   0.3772 0003035 257.5892 102.5019 15.46900963118672
FLOCK 4BE-28            
1 60519U 24149BD  26273.76403787  .00013870  00000+0  24417-3 0  9992
2 60519  97.3694   1.5871 0002507 261.6292  98.4676 15.50566884118777
IPERDRONE.0             
1 60520U 24149BE  26273.76992580  .00263307  28444-4  74520-3 0  9997
2 60520  97.3701  13.8233 0005338 244.8093 115.2628 15.93392451119559
CONNECTA IOT-2          
1 60522U 24149BG  26273.66619220  .00004304  00000+0  17555-3 0  9993
2 60522  97.3757 350.2264 0005296 323.0054  37.0818 15.24954780117962
CONNECTA IOT-4          
1 60524U 24149BJ  26273.96708161  .00018144  00000+0  36816-3 0  9999
2 60524  97.3734 359.8580 0004050 255.4779 104.6021 15.46410251118652
ORESAT0.5               
1 60525U 24149BK  26273.74730518  .00013406  00000+0  25038-3 0  9997
2 60525  97.3666   1.6258 0003818 242.8690 117.2172 15.48881668118792
DEIMOS                  
1 60526U 24149BL  26273.78076634  .00012750  00000+0  24737-3 0  9990
2 60526  97.3730   1.7302 0003801 252.2808 107.8028 15.47796304118767
CUAVA-2                 
1 60527U 24149BM  26273.73040850  .00006947  00000+0  18612-3 0  9993
2 60527  97.3655 355.5561 0004861 271.9944  88.0744 15.38313543118380
ERNST                   
1 60528U 24149BN  26273.46757825  .00007525  00000+0  18082-3 0  9995
2 60528  97.3752 358.1282 0004142 273.0946  86.9827 15.41620563118482
TORO                    
1 60530U 24149BQ  26273.74529782  .00001232  00000+0  11280-3 0  9990
2 60530  97.6692 346.4106 0001429  89.8914 270.2472 14.96726469115740
HYPSO-2                 
1 60531U 24149BR  26273.73596140  .00000913  00000+0  79776-4 0  9992
2 60531  97.6727 348.4432 0000243 331.2665  28.8545 14.99183290115867
LEMU NGE                
1 60532U 24149BS  26273.72612286  .00000653  00000+0  64383-4 0  9991
2 60532  97.6753 346.5259 0002028  64.9986 295.1445 14.95288749115726
LEMUR-2-STELLA          
1 60533U 24149BT  26273.77926752  .00006275  00000+0  35170-3 0  9990
2 60533  97.6676 356.8147 0001369  90.6288 269.5100 15.13755576116462
SATELIOT_2              
1 60534U 24149BU  26273.73680966  .00000895  00000+0  83465-4 0  9994
2 60534  97.6735 346.7380 0001737  97.9223 262.2196 14.96661180115757
NIGHTJAR                
1 60535U 24149BV  26273.77493445  .00001549  00000+0  13087-3 0  9992
2 60535  97.6797 348.9986 0003581  75.5189 284.6431 14.99540979158699
LEMUR-2-MARHISYAM       
1 60536U 24149BW  26273.80516299  .00004736  00000+0  27218-3 0  9992
2 60536  97.6819 357.3824 0003057 114.2797 245.8753 15.12987595116442
SATELIOT_4              
1 60537U 24149BX  26273.72649631  .00000580  00000+0  55384-4 0  9990
2 60537  97.6644 346.1815 0002891  60.5371 299.6139 14.96959265115764
PICO-02A021             
1 60538U 24149BY  26272.17680438  .00003195  00000+0  23531-3 0  9992
2 60538  97.6668 350.1277 0005148  35.1855 324.9710 15.04052008115363
ICEYE-X43               
1 60539U 24149BZ  26273.97083633  .00002115  00000+0  17442-3 0  9991
2 60539  97.6747 349.4600 0010592  52.2386 307.9796 15.00053612115971
HAWK-10A                
1 60540U 24149CA  26273.80470375  .00000642  00000+0  61113-4 0  9996
2 60540  97.6796 347.8678 0004633  83.8666 276.3083 14.96755822115787
UMBRA-09                
1 60541U 24149CB  26273.95311164  .00005325  00000+0  31982-3 0  9996
2 60541  97.6932   2.8750 0000969 225.2139 134.9012 15.11333186116767
QPS-SAR-8 (AMATERU-IV)  
1 60542U 24149CC  26273.80361686  .00002052  00000+0  14897-3 0  9995
2 60542  97.6592 352.0904 0004816 107.5532 252.6221 15.04995758116159
ARCTIC WEATHER SATELLITE
1 60543U 24149CD  26273.73635133  .00000433  00000+0  50730-4 0  9997
2 60543  97.6700 341.1264 0003524 110.0595 250.1003 14.89801408115017
CAPELLA-15 (ACADIA-5)   
1 60544U 24149CE  26273.65446614 -.00000044  00000+0  10699-5 0  9993
2 60544  97.6685 343.8680 0004923  81.0638 279.1138 14.92383852115584
HAWK-10B                
1 60545U 24149CF  26273.73773773  .00000752  00000+0  70792-4 0  9996
2 60545  97.6721 347.0500 0006595  99.2114 260.9854 14.96756635115771
ICEYE-X39               
1 60546U 24149CG  26273.80448515  .00001380  00000+0  11552-3 0  9994
2 60546  97.6690 349.4237 0010830 141.6324 218.5672 15.00043495115958
UMBRA-10                
1 60547U 24149CH  26273.76001427  .00008669  00000+0  39489-3 0  9993
2 60547  97.6939   3.0157 0000434  54.2292 305.8983 15.20927671116765
ICEYE-X33               
1 60548U 24149CJ  26273.76556335  .00002212  00000+0  17695-3 0  9990
2 60548  97.7515 352.5118 0001417  67.2606 292.8768 15.01243942116049
ICEYE-X40               
1 60549U 24149CK  26273.96146272  .00002557  00000+0  21874-3 0  9994
2 60549  97.6724 348.7451 0006663  87.9343 272.2643 14.98478511115919
SATELIOT_1              
1 60550U 24149CL  26273.74972899  .00001255  00000+0  11007-3 0  9995
2 60550  97.6657 347.8641 0007980  86.2258 273.9877 14.98383606115879
BRO-14                  
1 60551U 24149CM  26273.72266452  .00000028  00000+0  74873-5 0  9994
2 60551  97.6789 347.5685 0007974 101.9467 258.2649 14.96360525115776
SATELIOT_3              
1 60552U 24149CN  26273.72561796  .00000475  00000+0  44656-4 0  9995
2 60552  97.6740 348.7339 0005962  86.9848 273.2057 14.98394406115882
BRO-15                  
1 60553U 24149CP  26273.77238690  .00000298  00000+0  31357-4 0  9992
2 60553  97.6719 347.1218 0009644  93.8682 266.3643 14.96363181115790
UM5-RIBAT               
1 60554U 24149CQ  26273.78028545  .00001180  00000+0  95932-4 0  9990
2 60554  97.6351 350.0279 0003317 100.9921 259.1677 15.01461453116033
UM5-EOSAT               
1 60555U 24149CR  26273.77585837  .00002158  00000+0  16890-3 0  9993
2 60555  97.6643 351.3230 0010047 140.9347 219.2605 15.02047711116062
LASARSAT                
1 62391U 24247Q   26273.30802020  .00027995  00000+0  43909-3 0  9994
2 62391  44.9730  28.5665 0010095 292.5073  67.4751 15.53182724 99629
CROCUBE                 
1 62394U 24247T   26273.58965016  .00034532  00000+0  48029-3 0  9995
2 62394  44.9704  22.0769 0010684 305.5019  54.4878 15.56360838 99720
TEVEL2-4                
1 63213U 25052D   26273.95538320  .00010787  00000+0  29017-3 0  9998
2 63213  97.3739 170.6969 0004724  88.2130 271.9656 15.38046710 86355
TEVEL2-5                
1 63214U 25052E   26273.66443719  .00011066  00000+0  29992-3 0  9997
2 63214  97.3740 170.3179 0004680  90.9616 269.2166 15.37805784 86302
TEVEL2-6                
1 63215U 25052F   26273.67906459  .00011337  00000+0  30748-3 0  9996
2 63215  97.3742 170.3175 0004628  91.5843 268.5932 15.37777882 86302
TEVEL2-1                
1 63217U 25052H   26273.68400003  .00010345  00000+0  28690-3 0  9994
2 63217  97.3718 169.8105 0004837 100.4853 259.6937 15.37109758 86280
TEVEL2-3                
1 63218U 25052J   26273.67395605  .00010821  00000+0  29923-3 0  9994
2 63218  97.3719 169.8392 0004534  99.2567 260.9190 15.37191009 86287
TEVEL2-2                
1 63219U 25052K   26273.68345916  .00010514  00000+0  29139-3 0  9994
2 63219  97.3715 169.8146 0004844  99.9119 260.2672 15.37126381 86284
TEVEL2-9                
1 63237U 25052AD  26273.67606749  .00009752  00000+0  29061-3 0  9993
2 63237  97.3775 168.9318 0007726 116.1424 244.0615 15.34852358 86198
TEVEL2-7                
1 63238U 25052AE  26273.67475679  .00009251  00000+0  27915-3 0  9990
2 63238  97.3779 168.7957 0007622 117.5777 242.6241 15.34474679 86185
TEVEL2-8                
1 63239U 25052AF  26273.94470776  .00008884  00000+0  26823-3 0  9992
2 63239  97.3773 169.0399 0007809 114.7460 245.4597 15.34468535 86223
FORESAIL-1 PRIME        
1 66778U 25276DS  26273.71900941  .00002044  00000+0  99623-4 0  9999
2 66778  97.4100 345.0563 0003845  97.6965 262.4707 15.19449820 46422
